2026-09-19 14:32:46,372 [INFO] Activator:177 - 


2026-09-19 14:32:46,375 [INFO] Activator:178 - !SESSION log4j initialized
2026-09-19 14:32:51,495 [ERROR] LogOutputStream:74 - [STDERR_REDIRECT] [Fatal Error] :1:1: Premature end of file.
2026-09-19 14:32:51,498 [ERROR] LogOutputStream:74 - [STDERR_REDIRECT] 
2026-09-19 14:32:52,478 [ERROR] LogOutputStream:74 - [STDERR_REDIRECT] [Fatal Error] :1:1: Premature end of file.
2026-09-19 14:32:52,478 [ERROR] LogOutputStream:74 - [STDERR_REDIRECT] 
2026-09-19 14:32:53,477 [ERROR] LogOutputStream:74 - [STDERR_REDIRECT] [Fatal Error] :1:1: Premature end of file.
2026-09-19 14:32:53,478 [ERROR] LogOutputStream:74 - [STDERR_REDIRECT] 
2026-09-19 14:32:54,482 [ERROR] LogOutputStream:74 - [STDERR_REDIRECT] [Fatal Error] :1:1: Premature end of file.
2026-09-19 14:32:54,483 [ERROR] LogOutputStream:74 - [STDERR_REDIRECT] 
2026-09-19 14:32:55,477 [ERROR] LogOutputStream:74 - [STDERR_REDIRECT] [Fatal Error] :1:1: Premature end of file.
2026-09-19 14:32:55,478 [ERROR] LogOutputStream:74 - [STDERR_REDIRECT] 
2026-09-19 14:32:56,472 [ERROR] LogOutputStream:74 - [STDERR_REDIRECT] [Fatal Error] :1:1: Premature end of file.
2026-09-19 14:32:56,472 [ERROR] LogOutputStream:74 - [STDERR_REDIRECT] 
2026-09-19 14:32:57,467 [ERROR] LogOutputStream:74 - [STDERR_REDIRECT] [Fatal Error] :1:1: Premature end of file.
2026-09-19 14:32:57,468 [ERROR] LogOutputStream:74 - [STDERR_REDIRECT] 
2026-09-19 14:32:58,485 [ERROR] LogOutputStream:74 - [STDERR_REDIRECT] [Fatal Error] :1:1: Premature end of file.
2026-09-19 14:32:58,486 [ERROR] LogOutputStream:74 - [STDERR_REDIRECT] 
2026-09-19 14:32:59,472 [ERROR] LogOutputStream:74 - [STDERR_REDIRECT] [Fatal Error] :1:1: Premature end of file.
2026-09-19 14:32:59,472 [ERROR] LogOutputStream:74 - [STDERR_REDIRECT] 
2026-09-19 14:33:00,470 [ERROR] LogOutputStream:74 - [STDERR_REDIRECT] [Fatal Error] :1:1: Premature end of file.
2026-09-19 14:33:00,470 [ERROR] LogOutputStream:74 - [STDERR_REDIRECT] 
2026-09-19 14:33:01,482 [ERROR] LogOutputStream:74 - [STDERR_REDIRECT] [Fatal Error] :1:1: Premature end of file.
2026-09-19 14:33:01,482 [ERROR] LogOutputStream:74 - [STDERR_REDIRECT] 
2026-09-19 14:33:02,476 [ERROR] LogOutputStream:74 - [STDERR_REDIRECT] [Fatal Error] :1:1: Premature end of file.
2026-09-19 14:33:02,476 [ERROR] LogOutputStream:74 - [STDERR_REDIRECT] 
2026-09-19 14:33:03,486 [ERROR] LogOutputStream:74 - [STDERR_REDIRECT] [Fatal Error] :1:1: Premature end of file.
2026-09-19 14:33:03,487 [ERROR] LogOutputStream:74 - [STDERR_REDIRECT] 
2026-09-19 14:33:04,484 [ERROR] LogOutputStream:74 - [STDERR_REDIRECT] [Fatal Error] :1:1: Premature end of file.
2026-09-19 14:33:04,485 [ERROR] LogOutputStream:74 - [STDERR_REDIRECT] 
2026-09-19 14:33:05,473 [ERROR] LogOutputStream:74 - [STDERR_REDIRECT] [Fatal Error] :1:1: Premature end of file.
2026-09-19 14:33:05,473 [ERROR] LogOutputStream:74 - [STDERR_REDIRECT] 
2026-09-19 14:33:06,478 [ERROR] LogOutputStream:74 - [STDERR_REDIRECT] [Fatal Error] :1:1: Premature end of file.
2026-09-19 14:33:06,478 [ERROR] LogOutputStream:74 - [STDERR_REDIRECT] 
2026-09-19 14:33:07,484 [ERROR] LogOutputStream:74 - [STDERR_REDIRECT] [Fatal Error] :1:1: Premature end of file.
2026-09-19 14:33:07,484 [ERROR] LogOutputStream:74 - [STDERR_REDIRECT] 
2026-09-19 14:33:08,477 [ERROR] LogOutputStream:74 - [STDERR_REDIRECT] [Fatal Error] :1:1: Premature end of file.
2026-09-19 14:33:08,477 [ERROR] LogOutputStream:74 - [STDERR_REDIRECT] 
2026-09-19 14:33:09,478 [ERROR] LogOutputStream:74 - [STDERR_REDIRECT] [Fatal Error] :1:1: Premature end of file.
2026-09-19 14:33:09,479 [ERROR] LogOutputStream:74 - [STDERR_REDIRECT] 
2026-09-19 14:33:10,514 [ERROR] LogOutputStream:74 - [STDERR_REDIRECT] [Fatal Error] :1:1: Premature end of file.
2026-09-19 14:33:10,514 [ERROR] LogOutputStream:74 - [STDERR_REDIRECT] 
2026-09-19 14:33:11,467 [ERROR] LogOutputStream:74 - [STDERR_REDIRECT] [Fatal Error] :1:1: Premature end of file.
2026-09-19 14:33:11,467 [ERROR] LogOutputStream:74 - [STDERR_REDIRECT] 
2026-09-19 14:33:12,484 [ERROR] LogOutputStream:74 - [STDERR_REDIRECT] [Fatal Error] :1:1: Premature end of file.
2026-09-19 14:33:12,484 [ERROR] LogOutputStream:74 - [STDERR_REDIRECT] 
2026-09-19 14:33:13,480 [ERROR] LogOutputStream:74 - [STDERR_REDIRECT] [Fatal Error] :1:1: Premature end of file.
2026-09-19 14:33:13,480 [ERROR] LogOutputStream:74 - [STDERR_REDIRECT] 
2026-09-19 14:33:14,471 [ERROR] LogOutputStream:74 - [STDERR_REDIRECT] [Fatal Error] :1:1: Premature end of file.
2026-09-19 14:33:14,471 [ERROR] LogOutputStream:74 - [STDERR_REDIRECT] 
2026-09-19 14:33:15,546 [ERROR] LogOutputStream:74 - [STDERR_REDIRECT] [Fatal Error] :1:1: Premature end of file.
2026-09-19 14:33:15,546 [ERROR] LogOutputStream:74 - [STDERR_REDIRECT] 
2026-09-19 14:33:16,474 [ERROR] LogOutputStream:74 - [STDERR_REDIRECT] [Fatal Error] :1:1: Premature end of file.
2026-09-19 14:33:16,474 [ERROR] LogOutputStream:74 - [STDERR_REDIRECT] 
2026-09-19 14:33:17,468 [ERROR] LogOutputStream:74 - [STDERR_REDIRECT] [Fatal Error] :1:1: Premature end of file.
2026-09-19 14:33:17,470 [ERROR] LogOutputStream:74 - [STDERR_REDIRECT] 
2026-09-19 14:33:18,472 [ERROR] LogOutputStream:74 - [STDERR_REDIRECT] [Fatal Error] :1:1: Premature end of file.
2026-09-19 14:33:18,473 [ERROR] LogOutputStream:74 - [STDERR_REDIRECT] 
2026-09-19 14:33:19,481 [ERROR] LogOutputStream:74 - [STDERR_REDIRECT] [Fatal Error] :1:1: Premature end of file.
2026-09-19 14:33:19,482 [ERROR] LogOutputStream:74 - [STDERR_REDIRECT] 
2026-09-19 14:33:20,478 [ERROR] LogOutputStream:74 - [STDERR_REDIRECT] [Fatal Error] :1:1: Premature end of file.
2026-09-19 14:33:20,478 [ERROR] LogOutputStream:74 - [STDERR_REDIRECT] 
2026-09-19 14:33:21,466 [ERROR] LogOutputStream:74 - [STDERR_REDIRECT] [Fatal Error] :1:1: Premature end of file.
2026-09-19 14:33:21,466 [ERROR] LogOutputStream:74 - [STDERR_REDIRECT] 
2026-09-19 14:33:22,479 [ERROR] LogOutputStream:74 - [STDERR_REDIRECT] [Fatal Error] :1:1: Premature end of file.
2026-09-19 14:33:22,480 [ERROR] LogOutputStream:74 - [STDERR_REDIRECT] 
2026-09-19 14:33:23,474 [ERROR] LogOutputStream:74 - [STDERR_REDIRECT] [Fatal Error] :1:1: Premature end of file.
2026-09-19 14:33:23,475 [ERROR] LogOutputStream:74 - [STDERR_REDIRECT] 
2026-09-19 14:33:24,466 [ERROR] LogOutputStream:74 - [STDERR_REDIRECT] [Fatal Error] :1:1: Premature end of file.
2026-09-19 14:33:24,466 [ERROR] LogOutputStream:74 - [STDERR_REDIRECT] 
2026-09-19 14:33:25,486 [ERROR] LogOutputStream:74 - [STDERR_REDIRECT] [Fatal Error] :1:1: Premature end of file.
2026-09-19 14:33:25,486 [ERROR] LogOutputStream:74 - [STDERR_REDIRECT] 
2026-09-19 14:33:26,475 [ERROR] LogOutputStream:74 - [STDERR_REDIRECT] [Fatal Error] :1:1: Premature end of file.
2026-09-19 14:33:26,477 [ERROR] LogOutputStream:74 - [STDERR_REDIRECT] 
2026-09-19 14:33:27,468 [ERROR] LogOutputStream:74 - [STDERR_REDIRECT] [Fatal Error] :1:1: Premature end of file.
2026-09-19 14:33:27,468 [ERROR] LogOutputStream:74 - [STDERR_REDIRECT] 
2026-09-19 14:33:28,470 [ERROR] LogOutputStream:74 - [STDERR_REDIRECT] [Fatal Error] :1:1: Premature end of file.
2026-09-19 14:33:28,470 [ERROR] LogOutputStream:74 - [STDERR_REDIRECT] 
2026-09-19 14:33:29,480 [ERROR] LogOutputStream:74 - [STDERR_REDIRECT] [Fatal Error] :1:1: Premature end of file.
2026-09-19 14:33:29,480 [ERROR] LogOutputStream:74 - [STDERR_REDIRECT] 
2026-09-19 14:33:30,489 [ERROR] LogOutputStream:74 - [STDERR_REDIRECT] [Fatal Error] :1:1: Premature end of file.
2026-09-19 14:33:30,490 [ERROR] LogOutputStream:74 - [STDERR_REDIRECT] 
2026-09-19 14:33:31,469 [ERROR] LogOutputStream:74 - [STDERR_REDIRECT] [Fatal Error] :1:1: Premature end of file.
2026-09-19 14:33:31,470 [ERROR] LogOutputStream:74 - [STDERR_REDIRECT] 
2026-09-19 14:33:32,467 [ERROR] LogOutputStream:74 - [STDERR_REDIRECT] [Fatal Error] :1:1: Premature end of file.
2026-09-19 14:33:32,467 [ERROR] LogOutputStream:74 - [STDERR_REDIRECT] 
2026-09-19 14:33:33,498 [ERROR] LogOutputStream:74 - [STDERR_REDIRECT] [Fatal Error] :1:1: Premature end of file.
2026-09-19 14:33:33,498 [ERROR] LogOutputStream:74 - [STDERR_REDIRECT] 
2026-09-19 14:33:34,471 [ERROR] LogOutputStream:74 - [STDERR_REDIRECT] [Fatal Error] :1:1: Premature end of file.
2026-09-19 14:33:34,471 [ERROR] LogOutputStream:74 - [STDERR_REDIRECT] 
2026-09-19 14:33:35,471 [ERROR] LogOutputStream:74 - [STDERR_REDIRECT] [Fatal Error] :1:1: Premature end of file.
2026-09-19 14:33:35,472 [ERROR] LogOutputStream:74 - [STDERR_REDIRECT] 
2026-09-19 14:33:36,475 [ERROR] LogOutputStream:74 - [STDERR_REDIRECT] [Fatal Error] :1:1: Premature end of file.
2026-09-19 14:33:36,475 [ERROR] LogOutputStream:74 - [STDERR_REDIRECT] 
2026-09-19 14:33:37,466 [ERROR] LogOutputStream:74 - [STDERR_REDIRECT] [Fatal Error] :1:1: Premature end of file.
2026-09-19 14:33:37,467 [ERROR] LogOutputStream:74 - [STDERR_REDIRECT] 
2026-09-19 14:33:38,468 [ERROR] LogOutputStream:74 - [STDERR_REDIRECT] [Fatal Error] :1:1: Premature end of file.
2026-09-19 14:33:38,468 [ERROR] LogOutputStream:74 - [STDERR_REDIRECT] 
2026-09-19 14:33:39,486 [ERROR] LogOutputStream:74 - [STDERR_REDIRECT] [Fatal Error] :1:1: Premature end of file.
2026-09-19 14:33:39,487 [ERROR] LogOutputStream:74 - [STDERR_REDIRECT] 
2026-09-19 14:33:40,505 [ERROR] LogOutputStream:74 - [STDERR_REDIRECT] [Fatal Error] :1:1: Premature end of file.
2026-09-19 14:33:40,506 [ERROR] LogOutputStream:74 - [STDERR_REDIRECT] 
2026-09-19 14:33:41,483 [ERROR] LogOutputStream:74 - [STDERR_REDIRECT] [Fatal Error] :1:1: Premature end of file.
2026-09-19 14:33:41,483 [ERROR] LogOutputStream:74 - [STDERR_REDIRECT] 
2026-09-19 14:33:42,477 [ERROR] LogOutputStream:74 - [STDERR_REDIRECT] [Fatal Error] :1:1: Premature end of file.
2026-09-19 14:33:42,477 [ERROR] LogOutputStream:74 - [STDERR_REDIRECT] 
2026-09-19 14:33:43,489 [ERROR] LogOutputStream:74 - [STDERR_REDIRECT] [Fatal Error] :1:1: Premature end of file.
2026-09-19 14:33:43,489 [ERROR] LogOutputStream:74 - [STDERR_REDIRECT] 
2026-09-19 14:33:44,478 [ERROR] LogOutputStream:74 - [STDERR_REDIRECT] [Fatal Error] :1:1: Premature end of file.
2026-09-19 14:33:44,479 [ERROR] LogOutputStream:74 - [STDERR_REDIRECT] 
2026-09-19 14:33:45,487 [ERROR] LogOutputStream:74 - [STDERR_REDIRECT] [Fatal Error] :1:1: Premature end of file.
2026-09-19 14:33:45,487 [ERROR] LogOutputStream:74 - [STDERR_REDIRECT] 
2026-09-19 14:33:46,473 [ERROR] LogOutputStream:74 - [STDERR_REDIRECT] [Fatal Error] :1:1: Premature end of file.
2026-09-19 14:33:46,473 [ERROR] LogOutputStream:74 - [STDERR_REDIRECT] 
2026-09-19 14:33:47,467 [ERROR] LogOutputStream:74 - [STDERR_REDIRECT] [Fatal Error] :1:1: Premature end of file.
2026-09-19 14:33:47,468 [ERROR] LogOutputStream:74 - [STDERR_REDIRECT] 
2026-09-19 14:33:48,488 [ERROR] LogOutputStream:74 - [STDERR_REDIRECT] [Fatal Error] :1:1: Premature end of file.
2026-09-19 14:33:48,489 [ERROR] LogOutputStream:74 - [STDERR_REDIRECT] 
2026-09-19 14:33:49,480 [ERROR] LogOutputStream:74 - [STDERR_REDIRECT] [Fatal Error] :1:1: Premature end of file.
2026-09-19 14:33:49,481 [ERROR] LogOutputStream:74 - [STDERR_REDIRECT] 
2026-09-19 14:33:50,478 [ERROR] LogOutputStream:74 - [STDERR_REDIRECT] [Fatal Error] :1:1: Premature end of file.
2026-09-19 14:33:50,478 [ERROR] LogOutputStream:74 - [STDERR_REDIRECT] 
2026-09-19 14:33:51,489 [ERROR] LogOutputStream:74 - [STDERR_REDIRECT] [Fatal Error] :1:1: Premature end of file.
2026-09-19 14:33:51,490 [ERROR] LogOutputStream:74 - [STDERR_REDIRECT] 
2026-09-19 14:33:52,469 [ERROR] LogOutputStream:74 - [STDERR_REDIRECT] [Fatal Error] :1:1: Premature end of file.
2026-09-19 14:33:52,470 [ERROR] LogOutputStream:74 - [STDERR_REDIRECT] 
2026-09-19 14:33:53,484 [ERROR] LogOutputStream:74 - [STDERR_REDIRECT] [Fatal Error] :1:1: Premature end of file.
2026-09-19 14:33:53,485 [ERROR] LogOutputStream:74 - [STDERR_REDIRECT] 
2026-09-19 14:33:54,481 [ERROR] LogOutputStream:74 - [STDERR_REDIRECT] [Fatal Error] :1:1: Premature end of file.
2026-09-19 14:33:54,481 [ERROR] LogOutputStream:74 - [STDERR_REDIRECT] 
2026-09-19 14:33:55,477 [ERROR] LogOutputStream:74 - [STDERR_REDIRECT] [Fatal Error] :1:1: Premature end of file.
2026-09-19 14:33:55,477 [ERROR] LogOutputStream:74 - [STDERR_REDIRECT] 
2026-09-19 14:33:56,490 [ERROR] LogOutputStream:74 - [STDERR_REDIRECT] [Fatal Error] :1:1: Premature end of file.
2026-09-19 14:33:56,490 [ERROR] LogOutputStream:74 - [STDERR_REDIRECT] 
2026-09-19 14:33:57,470 [ERROR] LogOutputStream:74 - [STDERR_REDIRECT] [Fatal Error] :1:1: Premature end of file.
2026-09-19 14:33:57,470 [ERROR] LogOutputStream:74 - [STDERR_REDIRECT] 
2026-09-19 14:33:58,481 [ERROR] LogOutputStream:74 - [STDERR_REDIRECT] [Fatal Error] :1:1: Premature end of file.
2026-09-19 14:33:58,481 [ERROR] LogOutputStream:74 - [STDERR_REDIRECT] 
2026-09-19 14:33:59,477 [ERROR] LogOutputStream:74 - [STDERR_REDIRECT] [Fatal Error] :1:1: Premature end of file.
2026-09-19 14:33:59,477 [ERROR] LogOutputStream:74 - [STDERR_REDIRECT] 
2026-09-19 14:34:00,476 [ERROR] LogOutputStream:74 - [STDERR_REDIRECT] [Fatal Error] :1:1: Premature end of file.
2026-09-19 14:34:00,476 [ERROR] LogOutputStream:74 - [STDERR_REDIRECT] 
2026-09-19 14:34:01,485 [ERROR] LogOutputStream:74 - [STDERR_REDIRECT] [Fatal Error] :1:1: Premature end of file.
2026-09-19 14:34:01,485 [ERROR] LogOutputStream:74 - [STDERR_REDIRECT] 
2026-09-19 14:34:02,473 [ERROR] LogOutputStream:74 - [STDERR_REDIRECT] [Fatal Error] :1:1: Premature end of file.
2026-09-19 14:34:02,473 [ERROR] LogOutputStream:74 - [STDERR_REDIRECT] 
2026-09-19 14:34:03,490 [ERROR] LogOutputStream:74 - [STDERR_REDIRECT] [Fatal Error] :1:1: Premature end of file.
2026-09-19 14:34:03,490 [ERROR] LogOutputStream:74 - [STDERR_REDIRECT] 
2026-09-19 14:34:04,484 [ERROR] LogOutputStream:74 - [STDERR_REDIRECT] [Fatal Error] :1:1: Premature end of file.
2026-09-19 14:34:04,484 [ERROR] LogOutputStream:74 - [STDERR_REDIRECT] 
2026-09-19 14:34:05,481 [ERROR] LogOutputStream:74 - [STDERR_REDIRECT] [Fatal Error] :1:1: Premature end of file.
2026-09-19 14:34:05,482 [ERROR] LogOutputStream:74 - [STDERR_REDIRECT] 
2026-09-19 14:34:06,481 [ERROR] LogOutputStream:74 - [STDERR_REDIRECT] [Fatal Error] :1:1: Premature end of file.
2026-09-19 14:34:06,482 [ERROR] LogOutputStream:74 - [STDERR_REDIRECT] 
2026-09-19 14:34:07,486 [ERROR] LogOutputStream:74 - [STDERR_REDIRECT] [Fatal Error] :1:1: Premature end of file.
2026-09-19 14:34:07,487 [ERROR] LogOutputStream:74 - [STDERR_REDIRECT] 
2026-09-19 14:34:08,477 [ERROR] LogOutputStream:74 - [STDERR_REDIRECT] [Fatal Error] :1:1: Premature end of file.
2026-09-19 14:34:08,477 [ERROR] LogOutputStream:74 - [STDERR_REDIRECT] 
2026-09-19 14:34:09,477 [ERROR] LogOutputStream:74 - [STDERR_REDIRECT] [Fatal Error] :1:1: Premature end of file.
2026-09-19 14:34:09,478 [ERROR] LogOutputStream:74 - [STDERR_REDIRECT] 
2026-09-19 14:34:10,492 [ERROR] LogOutputStream:74 - [STDERR_REDIRECT] [Fatal Error] :1:1: Premature end of file.
2026-09-19 14:34:10,492 [ERROR] LogOutputStream:74 - [STDERR_REDIRECT] 
2026-09-19 14:34:11,497 [ERROR] LogOutputStream:74 - [STDERR_REDIRECT] [Fatal Error] :1:1: Premature end of file.
2026-09-19 14:34:11,498 [ERROR] LogOutputStream:74 - [STDERR_REDIRECT] 
2026-09-19 14:34:12,488 [ERROR] LogOutputStream:74 - [STDERR_REDIRECT] [Fatal Error] :1:1: Premature end of file.
2026-09-19 14:34:12,489 [ERROR] LogOutputStream:74 - [STDERR_REDIRECT] 
2026-09-19 14:34:13,479 [ERROR] LogOutputStream:74 - [STDERR_REDIRECT] [Fatal Error] :1:1: Premature end of file.
2026-09-19 14:34:13,480 [ERROR] LogOutputStream:74 - [STDERR_REDIRECT] 
2026-09-19 14:34:14,502 [ERROR] LogOutputStream:74 - [STDERR_REDIRECT] [Fatal Error] :1:1: Premature end of file.
2026-09-19 14:34:14,502 [ERROR] LogOutputStream:74 - [STDERR_REDIRECT] 
2026-09-19 14:34:15,482 [ERROR] LogOutputStream:74 - [STDERR_REDIRECT] [Fatal Error] :1:1: Premature end of file.
2026-09-19 14:34:15,482 [ERROR] LogOutputStream:74 - [STDERR_REDIRECT] 
2026-09-19 14:34:16,469 [ERROR] LogOutputStream:74 - [STDERR_REDIRECT] [Fatal Error] :1:1: Premature end of file.
2026-09-19 14:34:16,470 [ERROR] LogOutputStream:74 - [STDERR_REDIRECT] 
2026-09-19 14:34:17,498 [ERROR] LogOutputStream:74 - [STDERR_REDIRECT] [Fatal Error] :1:1: Premature end of file.
2026-09-19 14:34:17,498 [ERROR] LogOutputStream:74 - [STDERR_REDIRECT] 
2026-09-19 14:34:18,482 [ERROR] LogOutputStream:74 - [STDERR_REDIRECT] [Fatal Error] :1:1: Premature end of file.
2026-09-19 14:34:18,482 [ERROR] LogOutputStream:74 - [STDERR_REDIRECT] 
2026-09-19 14:34:19,499 [ERROR] LogOutputStream:74 - [STDERR_REDIRECT] [Fatal Error] :1:1: Premature end of file.
2026-09-19 14:34:19,499 [ERROR] LogOutputStream:74 - [STDERR_REDIRECT] 
2026-09-19 14:34:20,478 [ERROR] LogOutputStream:74 - [STDERR_REDIRECT] [Fatal Error] :1:1: Premature end of file.
2026-09-19 14:34:20,478 [ERROR] LogOutputStream:74 - [STDERR_REDIRECT] 
2026-09-19 14:34:21,486 [ERROR] LogOutputStream:74 - [STDERR_REDIRECT] [Fatal Error] :1:1: Premature end of file.
2026-09-19 14:34:21,486 [ERROR] LogOutputStream:74 - [STDERR_REDIRECT] 
2026-09-19 14:34:22,489 [ERROR] LogOutputStream:74 - [STDERR_REDIRECT] [Fatal Error] :1:1: Premature end of file.
2026-09-19 14:34:22,490 [ERROR] LogOutputStream:74 - [STDERR_REDIRECT] 
2026-09-19 14:34:23,491 [ERROR] LogOutputStream:74 - [STDERR_REDIRECT] [Fatal Error] :1:1: Premature end of file.
2026-09-19 14:34:23,491 [ERROR] LogOutputStream:74 - [STDERR_REDIRECT] 
2026-09-19 14:34:24,475 [ERROR] LogOutputStream:74 - [STDERR_REDIRECT] [Fatal Error] :1:1: Premature end of file.
2026-09-19 14:34:24,475 [ERROR] LogOutputStream:74 - [STDERR_REDIRECT] 
2026-09-19 14:34:25,478 [ERROR] LogOutputStream:74 - [STDERR_REDIRECT] [Fatal Error] :1:1: Premature end of file.
2026-09-19 14:34:25,479 [ERROR] LogOutputStream:74 - [STDERR_REDIRECT] 
2026-09-19 14:34:26,493 [ERROR] LogOutputStream:74 - [STDERR_REDIRECT] [Fatal Error] :1:1: Premature end of file.
2026-09-19 14:34:26,493 [ERROR] LogOutputStream:74 - [STDERR_REDIRECT] 
2026-09-19 14:34:27,478 [ERROR] LogOutputStream:74 - [STDERR_REDIRECT] [Fatal Error] :1:1: Premature end of file.
2026-09-19 14:34:27,478 [ERROR] LogOutputStream:74 - [STDERR_REDIRECT] 
2026-09-19 14:34:28,476 [ERROR] LogOutputStream:74 - [STDERR_REDIRECT] [Fatal Error] :1:1: Premature end of file.
2026-09-19 14:34:28,476 [ERROR] LogOutputStream:74 - [STDERR_REDIRECT] 
2026-09-19 14:34:29,466 [ERROR] LogOutputStream:74 - [STDERR_REDIRECT] [Fatal Error] :1:1: Premature end of file.
2026-09-19 14:34:29,466 [ERROR] LogOutputStream:74 - [STDERR_REDIRECT] 
2026-09-19 14:34:30,489 [ERROR] LogOutputStream:74 - [STDERR_REDIRECT] [Fatal Error] :1:1: Premature end of file.
2026-09-19 14:34:30,489 [ERROR] LogOutputStream:74 - [STDERR_REDIRECT] 
2026-09-19 14:34:31,467 [ERROR] LogOutputStream:74 - [STDERR_REDIRECT] [Fatal Error] :1:1: Premature end of file.
2026-09-19 14:34:31,467 [ERROR] LogOutputStream:74 - [STDERR_REDIRECT] 
2026-09-19 14:34:32,501 [ERROR] LogOutputStream:74 - [STDERR_REDIRECT] [Fatal Error] :1:1: Premature end of file.
2026-09-19 14:34:32,502 [ERROR] LogOutputStream:74 - [STDERR_REDIRECT] 
2026-09-19 14:34:33,478 [ERROR] LogOutputStream:74 - [STDERR_REDIRECT] [Fatal Error] :1:1: Premature end of file.
2026-09-19 14:34:33,478 [ERROR] LogOutputStream:74 - [STDERR_REDIRECT] 
2026-09-19 14:34:34,469 [ERROR] LogOutputStream:74 - [STDERR_REDIRECT] [Fatal Error] :1:1: Premature end of file.
2026-09-19 14:34:34,470 [ERROR] LogOutputStream:74 - [STDERR_REDIRECT] 
2026-09-19 14:34:35,482 [ERROR] LogOutputStream:74 - [STDERR_REDIRECT] [Fatal Error] :1:1: Premature end of file.
2026-09-19 14:34:35,484 [ERROR] LogOutputStream:74 - [STDERR_REDIRECT] 
2026-09-19 14:34:36,480 [ERROR] LogOutputStream:74 - [STDERR_REDIRECT] [Fatal Error] :1:1: Premature end of file.
2026-09-19 14:34:36,480 [ERROR] LogOutputStream:74 - [STDERR_REDIRECT] 
2026-09-19 14:34:37,492 [ERROR] LogOutputStream:74 - [STDERR_REDIRECT] [Fatal Error] :1:1: Premature end of file.
2026-09-19 14:34:37,492 [ERROR] LogOutputStream:74 - [STDERR_REDIRECT] 
2026-09-19 14:34:38,476 [ERROR] LogOutputStream:74 - [STDERR_REDIRECT] [Fatal Error] :1:1: Premature end of file.
2026-09-19 14:34:38,476 [ERROR] LogOutputStream:74 - [STDERR_REDIRECT] 
2026-09-19 14:34:39,466 [ERROR] LogOutputStream:74 - [STDERR_REDIRECT] [Fatal Error] :1:1: Premature end of file.
2026-09-19 14:34:39,467 [ERROR] LogOutputStream:74 - [STDERR_REDIRECT] 
2026-09-19 14:34:40,476 [ERROR] LogOutputStream:74 - [STDERR_REDIRECT] [Fatal Error] :1:1: Premature end of file.
2026-09-19 14:34:40,476 [ERROR] LogOutputStream:74 - [STDERR_REDIRECT] 
2026-09-19 14:34:41,477 [ERROR] LogOutputStream:74 - [STDERR_REDIRECT] [Fatal Error] :1:1: Premature end of file.
2026-09-19 14:34:41,478 [ERROR] LogOutputStream:74 - [STDERR_REDIRECT] 
2026-09-19 14:34:42,469 [ERROR] LogOutputStream:74 - [STDERR_REDIRECT] [Fatal Error] :1:1: Premature end of file.
2026-09-19 14:34:42,469 [ERROR] LogOutputStream:74 - [STDERR_REDIRECT] 
2026-09-19 14:34:43,469 [ERROR] LogOutputStream:74 - [STDERR_REDIRECT] [Fatal Error] :1:1: Premature end of file.
2026-09-19 14:34:43,469 [ERROR] LogOutputStream:74 - [STDERR_REDIRECT] 
2026-09-19 14:34:44,491 [ERROR] LogOutputStream:74 - [STDERR_REDIRECT] [Fatal Error] :1:1: Premature end of file.
2026-09-19 14:34:44,491 [ERROR] LogOutputStream:74 - [STDERR_REDIRECT] 
2026-09-19 14:34:45,474 [ERROR] LogOutputStream:74 - [STDERR_REDIRECT] [Fatal Error] :1:1: Premature end of file.
2026-09-19 14:34:45,474 [ERROR] LogOutputStream:74 - [STDERR_REDIRECT] 
2026-09-19 14:34:46,473 [ERROR] LogOutputStream:74 - [STDERR_REDIRECT] [Fatal Error] :1:1: Premature end of file.
2026-09-19 14:34:46,473 [ERROR] LogOutputStream:74 - [STDERR_REDIRECT] 
2026-09-19 14:34:47,476 [ERROR] LogOutputStream:74 - [STDERR_REDIRECT] [Fatal Error] :1:1: Premature end of file.
2026-09-19 14:34:47,478 [ERROR] LogOutputStream:74 - [STDERR_REDIRECT] 
2026-09-19 14:34:48,470 [ERROR] LogOutputStream:74 - [STDERR_REDIRECT] [Fatal Error] :1:1: Premature end of file.
2026-09-19 14:34:48,470 [ERROR] LogOutputStream:74 - [STDERR_REDIRECT] 
2026-09-19 14:34:49,467 [ERROR] LogOutputStream:74 - [STDERR_REDIRECT] [Fatal Error] :1:1: Premature end of file.
2026-09-19 14:34:49,467 [ERROR] LogOutputStream:74 - [STDERR_REDIRECT] 
2026-09-19 14:34:50,478 [ERROR] LogOutputStream:74 - [STDERR_REDIRECT] [Fatal Error] :1:1: Premature end of file.
2026-09-19 14:34:50,478 [ERROR] LogOutputStream:74 - [STDERR_REDIRECT] 
2026-09-19 14:34:51,471 [ERROR] LogOutputStream:74 - [STDERR_REDIRECT] [Fatal Error] :1:1: Premature end of file.
2026-09-19 14:34:51,472 [ERROR] LogOutputStream:74 - [STDERR_REDIRECT] 
2026-09-19 14:34:52,078 [INFO] RetryExec:97 - I/O exception (java.net.SocketException) caught when processing request to {s}->https://archive.eclipse.org:443: Socket operation on nonsocket: configureBlocking
2026-09-19 14:34:52,081 [INFO] RetryExec:113 - Retrying request to {s}->https://archive.eclipse.org:443
2026-09-19 14:34:55,832 [INFO] Activator:177 - 


2026-09-19 14:34:55,833 [INFO] Activator:178 - !SESSION log4j initialized
2026-09-19 14:35:02,912 [ERROR] LogOutputStream:74 - [STDERR_REDIRECT] [Fatal Error] :1:1: Premature end of file.
2026-09-19 14:35:02,914 [ERROR] LogOutputStream:74 - [STDERR_REDIRECT] 
2026-09-19 14:35:03,878 [ERROR] LogOutputStream:74 - [STDERR_REDIRECT] [Fatal Error] :1:1: Premature end of file.
2026-09-19 14:35:03,879 [ERROR] LogOutputStream:74 - [STDERR_REDIRECT] 
2026-09-19 14:35:04,875 [ERROR] LogOutputStream:74 - [STDERR_REDIRECT] [Fatal Error] :1:1: Premature end of file.
2026-09-19 14:35:04,875 [ERROR] LogOutputStream:74 - [STDERR_REDIRECT] 
2026-09-19 14:35:05,872 [ERROR] LogOutputStream:74 - [STDERR_REDIRECT] [Fatal Error] :1:1: Premature end of file.
2026-09-19 14:35:05,872 [ERROR] LogOutputStream:74 - [STDERR_REDIRECT] 
2026-09-19 14:35:06,880 [ERROR] LogOutputStream:74 - [STDERR_REDIRECT] [Fatal Error] :1:1: Premature end of file.
2026-09-19 14:35:06,880 [ERROR] LogOutputStream:74 - [STDERR_REDIRECT] 
2026-09-19 14:35:07,887 [ERROR] LogOutputStream:74 - [STDERR_REDIRECT] [Fatal Error] :1:1: Premature end of file.
2026-09-19 14:35:07,887 [ERROR] LogOutputStream:74 - [STDERR_REDIRECT] 
2026-09-19 14:35:08,880 [ERROR] LogOutputStream:74 - [STDERR_REDIRECT] [Fatal Error] :1:1: Premature end of file.
2026-09-19 14:35:08,881 [ERROR] LogOutputStream:74 - [STDERR_REDIRECT] 
2026-09-19 14:35:09,881 [ERROR] LogOutputStream:74 - [STDERR_REDIRECT] [Fatal Error] :1:1: Premature end of file.
2026-09-19 14:35:09,881 [ERROR] LogOutputStream:74 - [STDERR_REDIRECT] 
2026-09-19 14:35:10,875 [ERROR] LogOutputStream:74 - [STDERR_REDIRECT] [Fatal Error] :1:1: Premature end of file.
2026-09-19 14:35:10,875 [ERROR] LogOutputStream:74 - [STDERR_REDIRECT] 
2026-09-19 14:35:11,882 [ERROR] LogOutputStream:74 - [STDERR_REDIRECT] [Fatal Error] :1:1: Premature end of file.
2026-09-19 14:35:11,883 [ERROR] LogOutputStream:74 - [STDERR_REDIRECT] 
2026-09-19 14:35:12,873 [ERROR] LogOutputStream:74 - [STDERR_REDIRECT] [Fatal Error] :1:1: Premature end of file.
2026-09-19 14:35:12,873 [ERROR] LogOutputStream:74 - [STDERR_REDIRECT] 
2026-09-19 14:35:13,889 [ERROR] LogOutputStream:74 - [STDERR_REDIRECT] [Fatal Error] :1:1: Premature end of file.
2026-09-19 14:35:13,889 [ERROR] LogOutputStream:74 - [STDERR_REDIRECT] 
2026-09-19 14:35:14,883 [ERROR] LogOutputStream:74 - [STDERR_REDIRECT] [Fatal Error] :1:1: Premature end of file.
2026-09-19 14:35:14,883 [ERROR] LogOutputStream:74 - [STDERR_REDIRECT] 
2026-09-19 14:35:15,880 [ERROR] LogOutputStream:74 - [STDERR_REDIRECT] [Fatal Error] :1:1: Premature end of file.
2026-09-19 14:35:15,880 [ERROR] LogOutputStream:74 - [STDERR_REDIRECT] 
2026-09-19 14:35:16,876 [ERROR] LogOutputStream:74 - [STDERR_REDIRECT] [Fatal Error] :1:1: Premature end of file.
2026-09-19 14:35:16,876 [ERROR] LogOutputStream:74 - [STDERR_REDIRECT] 
2026-09-19 14:35:17,892 [ERROR] LogOutputStream:74 - [STDERR_REDIRECT] [Fatal Error] :1:1: Premature end of file.
2026-09-19 14:35:17,892 [ERROR] LogOutputStream:74 - [STDERR_REDIRECT] 
2026-09-19 14:35:18,899 [ERROR] LogOutputStream:74 - [STDERR_REDIRECT] [Fatal Error] :1:1: Premature end of file.
2026-09-19 14:35:18,900 [ERROR] LogOutputStream:74 - [STDERR_REDIRECT] 
2026-09-19 14:35:19,883 [ERROR] LogOutputStream:74 - [STDERR_REDIRECT] [Fatal Error] :1:1: Premature end of file.
2026-09-19 14:35:19,884 [ERROR] LogOutputStream:74 - [STDERR_REDIRECT] 
2026-09-19 14:35:20,898 [ERROR] LogOutputStream:74 - [STDERR_REDIRECT] [Fatal Error] :1:1: Premature end of file.
2026-09-19 14:35:20,898 [ERROR] LogOutputStream:74 - [STDERR_REDIRECT] 
2026-09-19 14:35:21,885 [ERROR] LogOutputStream:74 - [STDERR_REDIRECT] [Fatal Error] :1:1: Premature end of file.
2026-09-19 14:35:21,885 [ERROR] LogOutputStream:74 - [STDERR_REDIRECT] 
2026-09-19 14:35:22,892 [ERROR] LogOutputStream:74 - [STDERR_REDIRECT] [Fatal Error] :1:1: Premature end of file.
2026-09-19 14:35:22,892 [ERROR] LogOutputStream:74 - [STDERR_REDIRECT] 
2026-09-19 14:35:23,872 [ERROR] LogOutputStream:74 - [STDERR_REDIRECT] [Fatal Error] :1:1: Premature end of file.
2026-09-19 14:35:23,872 [ERROR] LogOutputStream:74 - [STDERR_REDIRECT] 
2026-09-19 14:35:24,883 [ERROR] LogOutputStream:74 - [STDERR_REDIRECT] [Fatal Error] :1:1: Premature end of file.
2026-09-19 14:35:24,883 [ERROR] LogOutputStream:74 - [STDERR_REDIRECT] 
2026-09-19 14:35:25,896 [ERROR] LogOutputStream:74 - [STDERR_REDIRECT] [Fatal Error] :1:1: Premature end of file.
2026-09-19 14:35:25,896 [ERROR] LogOutputStream:74 - [STDERR_REDIRECT] 
2026-09-19 14:35:26,882 [ERROR] LogOutputStream:74 - [STDERR_REDIRECT] [Fatal Error] :1:1: Premature end of file.
2026-09-19 14:35:26,882 [ERROR] LogOutputStream:74 - [STDERR_REDIRECT] 
2026-09-19 14:35:27,884 [ERROR] LogOutputStream:74 - [STDERR_REDIRECT] [Fatal Error] :1:1: Premature end of file.
2026-09-19 14:35:27,884 [ERROR] LogOutputStream:74 - [STDERR_REDIRECT] 
2026-09-19 14:35:28,876 [ERROR] LogOutputStream:74 - [STDERR_REDIRECT] [Fatal Error] :1:1: Premature end of file.
2026-09-19 14:35:28,876 [ERROR] LogOutputStream:74 - [STDERR_REDIRECT] 
2026-09-19 14:35:29,887 [ERROR] LogOutputStream:74 - [STDERR_REDIRECT] [Fatal Error] :1:1: Premature end of file.
2026-09-19 14:35:29,887 [ERROR] LogOutputStream:74 - [STDERR_REDIRECT] 
2026-09-19 14:35:59,885 [INFO] Activator:177 - 


2026-09-19 14:35:59,887 [INFO] Activator:178 - !SESSION log4j initialized
2026-09-19 14:36:06,842 [ERROR] LogOutputStream:74 - [STDERR_REDIRECT] [Fatal Error] :1:1: Premature end of file.
2026-09-19 14:36:06,844 [ERROR] LogOutputStream:74 - [STDERR_REDIRECT] 
2026-09-19 14:36:07,813 [ERROR] LogOutputStream:74 - [STDERR_REDIRECT] [Fatal Error] :1:1: Premature end of file.
2026-09-19 14:36:07,813 [ERROR] LogOutputStream:74 - [STDERR_REDIRECT] 
2026-09-19 14:36:08,814 [ERROR] LogOutputStream:74 - [STDERR_REDIRECT] [Fatal Error] :1:1: Premature end of file.
2026-09-19 14:36:08,814 [ERROR] LogOutputStream:74 - [STDERR_REDIRECT] 
2026-09-19 14:36:09,822 [ERROR] LogOutputStream:74 - [STDERR_REDIRECT] [Fatal Error] :1:1: Premature end of file.
2026-09-19 14:36:09,822 [ERROR] LogOutputStream:74 - [STDERR_REDIRECT] 
2026-09-19 14:36:10,816 [ERROR] LogOutputStream:74 - [STDERR_REDIRECT] [Fatal Error] :1:1: Premature end of file.
2026-09-19 14:36:10,817 [ERROR] LogOutputStream:74 - [STDERR_REDIRECT] 
2026-09-19 14:36:11,826 [ERROR] LogOutputStream:74 - [STDERR_REDIRECT] [Fatal Error] :1:1: Premature end of file.
2026-09-19 14:36:11,827 [ERROR] LogOutputStream:74 - [STDERR_REDIRECT] 
2026-09-19 14:36:12,821 [ERROR] LogOutputStream:74 - [STDERR_REDIRECT] [Fatal Error] :1:1: Premature end of file.
2026-09-19 14:36:12,821 [ERROR] LogOutputStream:74 - [STDERR_REDIRECT] 
2026-09-19 14:36:13,820 [ERROR] LogOutputStream:74 - [STDERR_REDIRECT] [Fatal Error] :1:1: Premature end of file.
2026-09-19 14:36:13,820 [ERROR] LogOutputStream:74 - [STDERR_REDIRECT] 
2026-09-19 14:36:14,824 [ERROR] LogOutputStream:74 - [STDERR_REDIRECT] [Fatal Error] :1:1: Premature end of file.
2026-09-19 14:36:14,825 [ERROR] LogOutputStream:74 - [STDERR_REDIRECT] 
2026-09-19 14:36:15,814 [ERROR] LogOutputStream:74 - [STDERR_REDIRECT] [Fatal Error] :1:1: Premature end of file.
2026-09-19 14:36:15,815 [ERROR] LogOutputStream:74 - [STDERR_REDIRECT] 
2026-09-19 14:36:16,831 [ERROR] LogOutputStream:74 - [STDERR_REDIRECT] [Fatal Error] :1:1: Premature end of file.
2026-09-19 14:36:16,832 [ERROR] LogOutputStream:74 - [STDERR_REDIRECT] 
2026-09-19 14:36:17,831 [ERROR] LogOutputStream:74 - [STDERR_REDIRECT] [Fatal Error] :1:1: Premature end of file.
2026-09-19 14:36:17,831 [ERROR] LogOutputStream:74 - [STDERR_REDIRECT] 
2026-09-19 14:36:18,836 [ERROR] LogOutputStream:74 - [STDERR_REDIRECT] [Fatal Error] :1:1: Premature end of file.
2026-09-19 14:36:18,838 [ERROR] LogOutputStream:74 - [STDERR_REDIRECT] 
2026-09-19 14:36:19,823 [ERROR] LogOutputStream:74 - [STDERR_REDIRECT] [Fatal Error] :1:1: Premature end of file.
2026-09-19 14:36:19,823 [ERROR] LogOutputStream:74 - [STDERR_REDIRECT] 
2026-09-19 14:36:20,820 [ERROR] LogOutputStream:74 - [STDERR_REDIRECT] [Fatal Error] :1:1: Premature end of file.
2026-09-19 14:36:20,820 [ERROR] LogOutputStream:74 - [STDERR_REDIRECT] 
2026-09-19 14:36:21,863 [ERROR] LogOutputStream:74 - [STDERR_REDIRECT] [Fatal Error] :1:1: Premature end of file.
2026-09-19 14:36:21,864 [ERROR] LogOutputStream:74 - [STDERR_REDIRECT] 
2026-09-19 14:36:22,823 [ERROR] LogOutputStream:74 - [STDERR_REDIRECT] [Fatal Error] :1:1: Premature end of file.
2026-09-19 14:36:22,825 [ERROR] LogOutputStream:74 - [STDERR_REDIRECT] 
2026-09-19 14:36:23,816 [ERROR] LogOutputStream:74 - [STDERR_REDIRECT] [Fatal Error] :1:1: Premature end of file.
2026-09-19 14:36:23,818 [ERROR] LogOutputStream:74 - [STDERR_REDIRECT] 
2026-09-19 14:36:24,829 [ERROR] LogOutputStream:74 - [STDERR_REDIRECT] [Fatal Error] :1:1: Premature end of file.
2026-09-19 14:36:24,829 [ERROR] LogOutputStream:74 - [STDERR_REDIRECT] 
2026-09-19 14:36:25,831 [ERROR] LogOutputStream:74 - [STDERR_REDIRECT] [Fatal Error] :1:1: Premature end of file.
2026-09-19 14:36:25,831 [ERROR] LogOutputStream:74 - [STDERR_REDIRECT] 
2026-09-19 14:36:26,851 [ERROR] LogOutputStream:74 - [STDERR_REDIRECT] [Fatal Error] :1:1: Premature end of file.
2026-09-19 14:36:26,851 [ERROR] LogOutputStream:74 - [STDERR_REDIRECT] 
2026-09-19 14:36:27,853 [ERROR] LogOutputStream:74 - [STDERR_REDIRECT] [Fatal Error] :1:1: Premature end of file.
2026-09-19 14:36:27,853 [ERROR] LogOutputStream:74 - [STDERR_REDIRECT] 
2026-09-19 14:36:28,816 [ERROR] LogOutputStream:74 - [STDERR_REDIRECT] [Fatal Error] :1:1: Premature end of file.
2026-09-19 14:36:28,816 [ERROR] LogOutputStream:74 - [STDERR_REDIRECT] 
2026-09-19 14:36:29,824 [ERROR] LogOutputStream:74 - [STDERR_REDIRECT] [Fatal Error] :1:1: Premature end of file.
2026-09-19 14:36:29,824 [ERROR] LogOutputStream:74 - [STDERR_REDIRECT] 
2026-09-19 14:36:30,835 [ERROR] LogOutputStream:74 - [STDERR_REDIRECT] [Fatal Error] :1:1: Premature end of file.
2026-09-19 14:36:30,835 [ERROR] LogOutputStream:74 - [STDERR_REDIRECT] 
2026-09-19 14:36:31,822 [ERROR] LogOutputStream:74 - [STDERR_REDIRECT] [Fatal Error] :1:1: Premature end of file.
2026-09-19 14:36:31,822 [ERROR] LogOutputStream:74 - [STDERR_REDIRECT] 
2026-09-19 14:36:32,824 [ERROR] LogOutputStream:74 - [STDERR_REDIRECT] [Fatal Error] :1:1: Premature end of file.
2026-09-19 14:36:32,824 [ERROR] LogOutputStream:74 - [STDERR_REDIRECT] 
2026-09-19 14:36:33,814 [ERROR] LogOutputStream:74 - [STDERR_REDIRECT] [Fatal Error] :1:1: Premature end of file.
2026-09-19 14:36:33,814 [ERROR] LogOutputStream:74 - [STDERR_REDIRECT] 
2026-09-19 14:36:34,818 [ERROR] LogOutputStream:74 - [STDERR_REDIRECT] [Fatal Error] :1:1: Premature end of file.
2026-09-19 14:36:34,818 [ERROR] LogOutputStream:74 - [STDERR_REDIRECT] 
2026-09-19 14:36:35,908 [ERROR] LogOutputStream:74 - [STDERR_REDIRECT] [Fatal Error] :1:1: Premature end of file.
2026-09-19 14:36:35,909 [ERROR] LogOutputStream:74 - [STDERR_REDIRECT] 
2026-09-19 14:36:36,812 [ERROR] LogOutputStream:74 - [STDERR_REDIRECT] [Fatal Error] :1:1: Premature end of file.
2026-09-19 14:36:36,812 [ERROR] LogOutputStream:74 - [STDERR_REDIRECT] 
2026-09-19 14:36:37,830 [ERROR] LogOutputStream:74 - [STDERR_REDIRECT] [Fatal Error] :1:1: Premature end of file.
2026-09-19 14:36:37,830 [ERROR] LogOutputStream:74 - [STDERR_REDIRECT] 
2026-09-19 14:36:38,828 [ERROR] LogOutputStream:74 - [STDERR_REDIRECT] [Fatal Error] :1:1: Premature end of file.
2026-09-19 14:36:38,829 [ERROR] LogOutputStream:74 - [STDERR_REDIRECT] 
2026-09-19 14:36:39,823 [ERROR] LogOutputStream:74 - [STDERR_REDIRECT] [Fatal Error] :1:1: Premature end of file.
2026-09-19 14:36:39,823 [ERROR] LogOutputStream:74 - [STDERR_REDIRECT] 
2026-09-19 14:36:40,813 [ERROR] LogOutputStream:74 - [STDERR_REDIRECT] [Fatal Error] :1:1: Premature end of file.
2026-09-19 14:36:40,814 [ERROR] LogOutputStream:74 - [STDERR_REDIRECT] 
2026-09-19 14:36:41,838 [ERROR] LogOutputStream:74 - [STDERR_REDIRECT] [Fatal Error] :1:1: Premature end of file.
2026-09-19 14:36:41,838 [ERROR] LogOutputStream:74 - [STDERR_REDIRECT] 
2026-09-19 14:36:42,820 [ERROR] LogOutputStream:74 - [STDERR_REDIRECT] [Fatal Error] :1:1: Premature end of file.
2026-09-19 14:36:42,820 [ERROR] LogOutputStream:74 - [STDERR_REDIRECT] 
2026-09-19 14:36:43,820 [ERROR] LogOutputStream:74 - [STDERR_REDIRECT] [Fatal Error] :1:1: Premature end of file.
2026-09-19 14:36:43,820 [ERROR] LogOutputStream:74 - [STDERR_REDIRECT] 
2026-09-19 14:36:44,818 [ERROR] LogOutputStream:74 - [STDERR_REDIRECT] [Fatal Error] :1:1: Premature end of file.
2026-09-19 14:36:44,818 [ERROR] LogOutputStream:74 - [STDERR_REDIRECT] 
2026-09-19 14:36:45,859 [ERROR] LogOutputStream:74 - [STDERR_REDIRECT] [Fatal Error] :1:1: Premature end of file.
2026-09-19 14:36:45,859 [ERROR] LogOutputStream:74 - [STDERR_REDIRECT] 
2026-09-19 14:36:46,822 [ERROR] LogOutputStream:74 - [STDERR_REDIRECT] [Fatal Error] :1:1: Premature end of file.
2026-09-19 14:36:46,822 [ERROR] LogOutputStream:74 - [STDERR_REDIRECT] 
2026-09-19 14:36:47,838 [ERROR] LogOutputStream:74 - [STDERR_REDIRECT] [Fatal Error] :1:1: Premature end of file.
2026-09-19 14:36:47,838 [ERROR] LogOutputStream:74 - [STDERR_REDIRECT] 
2026-09-19 14:36:48,832 [ERROR] LogOutputStream:74 - [STDERR_REDIRECT] [Fatal Error] :1:1: Premature end of file.
2026-09-19 14:36:48,833 [ERROR] LogOutputStream:74 - [STDERR_REDIRECT] 
2026-09-19 14:36:49,819 [ERROR] LogOutputStream:74 - [STDERR_REDIRECT] [Fatal Error] :1:1: Premature end of file.
2026-09-19 14:36:49,819 [ERROR] LogOutputStream:74 - [STDERR_REDIRECT] 
2026-09-19 14:36:50,828 [ERROR] LogOutputStream:74 - [STDERR_REDIRECT] [Fatal Error] :1:1: Premature end of file.
2026-09-19 14:36:50,828 [ERROR] LogOutputStream:74 - [STDERR_REDIRECT] 
2026-09-19 14:36:51,819 [ERROR] LogOutputStream:74 - [STDERR_REDIRECT] [Fatal Error] :1:1: Premature end of file.
2026-09-19 14:36:51,820 [ERROR] LogOutputStream:74 - [STDERR_REDIRECT] 
2026-09-19 14:36:52,825 [ERROR] LogOutputStream:74 - [STDERR_REDIRECT] [Fatal Error] :1:1: Premature end of file.
2026-09-19 14:36:52,825 [ERROR] LogOutputStream:74 - [STDERR_REDIRECT] 
2026-09-19 14:36:53,820 [ERROR] LogOutputStream:74 - [STDERR_REDIRECT] [Fatal Error] :1:1: Premature end of file.
2026-09-19 14:36:53,821 [ERROR] LogOutputStream:74 - [STDERR_REDIRECT] 
2026-09-19 14:36:54,817 [ERROR] LogOutputStream:74 - [STDERR_REDIRECT] [Fatal Error] :1:1: Premature end of file.
2026-09-19 14:36:54,819 [ERROR] LogOutputStream:74 - [STDERR_REDIRECT] 
2026-09-19 14:36:55,829 [ERROR] LogOutputStream:74 - [STDERR_REDIRECT] [Fatal Error] :1:1: Premature end of file.
2026-09-19 14:36:55,830 [ERROR] LogOutputStream:74 - [STDERR_REDIRECT] 
2026-09-19 14:36:56,816 [ERROR] LogOutputStream:74 - [STDERR_REDIRECT] [Fatal Error] :1:1: Premature end of file.
2026-09-19 14:36:56,816 [ERROR] LogOutputStream:74 - [STDERR_REDIRECT] 
2026-09-19 14:36:57,815 [ERROR] LogOutputStream:74 - [STDERR_REDIRECT] [Fatal Error] :1:1: Premature end of file.
2026-09-19 14:36:57,815 [ERROR] LogOutputStream:74 - [STDERR_REDIRECT] 
2026-09-19 14:36:58,821 [ERROR] LogOutputStream:74 - [STDERR_REDIRECT] [Fatal Error] :1:1: Premature end of file.
2026-09-19 14:36:58,822 [ERROR] LogOutputStream:74 - [STDERR_REDIRECT] 
2026-09-19 14:36:59,826 [ERROR] LogOutputStream:74 - [STDERR_REDIRECT] [Fatal Error] :1:1: Premature end of file.
2026-09-19 14:36:59,826 [ERROR] LogOutputStream:74 - [STDERR_REDIRECT] 
2026-09-19 14:37:00,851 [ERROR] LogOutputStream:74 - [STDERR_REDIRECT] [Fatal Error] :1:1: Premature end of file.
2026-09-19 14:37:00,852 [ERROR] LogOutputStream:74 - [STDERR_REDIRECT] 
2026-09-19 14:37:01,840 [ERROR] LogOutputStream:74 - [STDERR_REDIRECT] [Fatal Error] :1:1: Premature end of file.
2026-09-19 14:37:01,841 [ERROR] LogOutputStream:74 - [STDERR_REDIRECT] 
2026-09-19 14:37:02,829 [ERROR] LogOutputStream:74 - [STDERR_REDIRECT] [Fatal Error] :1:1: Premature end of file.
2026-09-19 14:37:02,830 [ERROR] LogOutputStream:74 - [STDERR_REDIRECT] 
2026-09-19 14:37:03,821 [ERROR] LogOutputStream:74 - [STDERR_REDIRECT] [Fatal Error] :1:1: Premature end of file.
2026-09-19 14:37:03,821 [ERROR] LogOutputStream:74 - [STDERR_REDIRECT] 
2026-09-19 14:37:04,813 [ERROR] LogOutputStream:74 - [STDERR_REDIRECT] [Fatal Error] :1:1: Premature end of file.
2026-09-19 14:37:04,813 [ERROR] LogOutputStream:74 - [STDERR_REDIRECT] 
2026-09-19 14:37:05,819 [ERROR] LogOutputStream:74 - [STDERR_REDIRECT] [Fatal Error] :1:1: Premature end of file.
2026-09-19 14:37:05,819 [ERROR] LogOutputStream:74 - [STDERR_REDIRECT] 
2026-09-19 14:37:06,819 [ERROR] LogOutputStream:74 - [STDERR_REDIRECT] [Fatal Error] :1:1: Premature end of file.
2026-09-19 14:37:06,819 [ERROR] LogOutputStream:74 - [STDERR_REDIRECT] 
2026-09-19 14:37:07,816 [ERROR] LogOutputStream:74 - [STDERR_REDIRECT] [Fatal Error] :1:1: Premature end of file.
2026-09-19 14:37:07,816 [ERROR] LogOutputStream:74 - [STDERR_REDIRECT] 
2026-09-19 14:37:08,830 [ERROR] LogOutputStream:74 - [STDERR_REDIRECT] [Fatal Error] :1:1: Premature end of file.
2026-09-19 14:37:08,830 [ERROR] LogOutputStream:74 - [STDERR_REDIRECT] 
2026-09-19 14:37:09,831 [ERROR] LogOutputStream:74 - [STDERR_REDIRECT] [Fatal Error] :1:1: Premature end of file.
2026-09-19 14:37:09,831 [ERROR] LogOutputStream:74 - [STDERR_REDIRECT] 
2026-09-19 14:37:10,826 [ERROR] LogOutputStream:74 - [STDERR_REDIRECT] [Fatal Error] :1:1: Premature end of file.
2026-09-19 14:37:10,827 [ERROR] LogOutputStream:74 - [STDERR_REDIRECT] 
2026-09-19 14:37:11,822 [ERROR] LogOutputStream:74 - [STDERR_REDIRECT] [Fatal Error] :1:1: Premature end of file.
2026-09-19 14:37:11,822 [ERROR] LogOutputStream:74 - [STDERR_REDIRECT] 
2026-09-19 14:37:12,823 [ERROR] LogOutputStream:74 - [STDERR_REDIRECT] [Fatal Error] :1:1: Premature end of file.
2026-09-19 14:37:12,824 [ERROR] LogOutputStream:74 - [STDERR_REDIRECT] 
2026-09-19 14:37:13,819 [ERROR] LogOutputStream:74 - [STDERR_REDIRECT] [Fatal Error] :1:1: Premature end of file.
2026-09-19 14:37:13,819 [ERROR] LogOutputStream:74 - [STDERR_REDIRECT] 
2026-09-19 14:37:14,839 [ERROR] LogOutputStream:74 - [STDERR_REDIRECT] [Fatal Error] :1:1: Premature end of file.
2026-09-19 14:37:14,841 [ERROR] LogOutputStream:74 - [STDERR_REDIRECT] 
2026-09-19 14:37:15,827 [ERROR] LogOutputStream:74 - [STDERR_REDIRECT] [Fatal Error] :1:1: Premature end of file.
2026-09-19 14:37:15,827 [ERROR] LogOutputStream:74 - [STDERR_REDIRECT] 
2026-09-19 14:37:16,812 [ERROR] LogOutputStream:74 - [STDERR_REDIRECT] [Fatal Error] :1:1: Premature end of file.
2026-09-19 14:37:16,812 [ERROR] LogOutputStream:74 - [STDERR_REDIRECT] 
2026-09-19 14:37:17,821 [ERROR] LogOutputStream:74 - [STDERR_REDIRECT] [Fatal Error] :1:1: Premature end of file.
2026-09-19 14:37:17,822 [ERROR] LogOutputStream:74 - [STDERR_REDIRECT] 
2026-09-19 14:37:18,832 [ERROR] LogOutputStream:74 - [STDERR_REDIRECT] [Fatal Error] :1:1: Premature end of file.
2026-09-19 14:37:18,832 [ERROR] LogOutputStream:74 - [STDERR_REDIRECT] 
2026-09-19 14:37:19,833 [ERROR] LogOutputStream:74 - [STDERR_REDIRECT] [Fatal Error] :1:1: Premature end of file.
2026-09-19 14:37:19,833 [ERROR] LogOutputStream:74 - [STDERR_REDIRECT] 
2026-09-19 14:37:20,819 [ERROR] LogOutputStream:74 - [STDERR_REDIRECT] [Fatal Error] :1:1: Premature end of file.
2026-09-19 14:37:20,820 [ERROR] LogOutputStream:74 - [STDERR_REDIRECT] 
2026-09-19 14:37:21,837 [ERROR] LogOutputStream:74 - [STDERR_REDIRECT] [Fatal Error] :1:1: Premature end of file.
2026-09-19 14:37:21,837 [ERROR] LogOutputStream:74 - [STDERR_REDIRECT] 
2026-09-19 14:37:22,826 [ERROR] LogOutputStream:74 - [STDERR_REDIRECT] [Fatal Error] :1:1: Premature end of file.
2026-09-19 14:37:22,826 [ERROR] LogOutputStream:74 - [STDERR_REDIRECT] 
2026-09-19 14:37:23,839 [ERROR] LogOutputStream:74 - [STDERR_REDIRECT] [Fatal Error] :1:1: Premature end of file.
2026-09-19 14:37:23,839 [ERROR] LogOutputStream:74 - [STDERR_REDIRECT] 
2026-09-19 14:37:24,849 [ERROR] LogOutputStream:74 - [STDERR_REDIRECT] [Fatal Error] :1:1: Premature end of file.
2026-09-19 14:37:24,849 [ERROR] LogOutputStream:74 - [STDERR_REDIRECT] 
2026-09-19 14:37:25,818 [ERROR] LogOutputStream:74 - [STDERR_REDIRECT] [Fatal Error] :1:1: Premature end of file.
2026-09-19 14:37:25,818 [ERROR] LogOutputStream:74 - [STDERR_REDIRECT] 
2026-09-19 14:37:26,831 [ERROR] LogOutputStream:74 - [STDERR_REDIRECT] [Fatal Error] :1:1: Premature end of file.
2026-09-19 14:37:26,832 [ERROR] LogOutputStream:74 - [STDERR_REDIRECT] 
2026-09-19 14:37:27,827 [ERROR] LogOutputStream:74 - [STDERR_REDIRECT] [Fatal Error] :1:1: Premature end of file.
2026-09-19 14:37:27,828 [ERROR] LogOutputStream:74 - [STDERR_REDIRECT] 
2026-09-19 14:37:28,821 [ERROR] LogOutputStream:74 - [STDERR_REDIRECT] [Fatal Error] :1:1: Premature end of file.
2026-09-19 14:37:28,821 [ERROR] LogOutputStream:74 - [STDERR_REDIRECT] 
2026-09-19 14:37:29,835 [ERROR] LogOutputStream:74 - [STDERR_REDIRECT] [Fatal Error] :1:1: Premature end of file.
2026-09-19 14:37:29,836 [ERROR] LogOutputStream:74 - [STDERR_REDIRECT] 
2026-09-19 14:37:30,843 [ERROR] LogOutputStream:74 - [STDERR_REDIRECT] [Fatal Error] :1:1: Premature end of file.
2026-09-19 14:37:30,843 [ERROR] LogOutputStream:74 - [STDERR_REDIRECT] 
2026-09-19 14:37:31,823 [ERROR] LogOutputStream:74 - [STDERR_REDIRECT] [Fatal Error] :1:1: Premature end of file.
2026-09-19 14:37:31,823 [ERROR] LogOutputStream:74 - [STDERR_REDIRECT] 
2026-09-19 14:37:32,825 [ERROR] LogOutputStream:74 - [STDERR_REDIRECT] [Fatal Error] :1:1: Premature end of file.
2026-09-19 14:37:32,825 [ERROR] LogOutputStream:74 - [STDERR_REDIRECT] 
2026-09-19 14:37:33,827 [ERROR] LogOutputStream:74 - [STDERR_REDIRECT] [Fatal Error] :1:1: Premature end of file.
2026-09-19 14:37:33,828 [ERROR] LogOutputStream:74 - [STDERR_REDIRECT] 
2026-09-19 14:37:34,831 [ERROR] LogOutputStream:74 - [STDERR_REDIRECT] [Fatal Error] :1:1: Premature end of file.
2026-09-19 14:37:34,831 [ERROR] LogOutputStream:74 - [STDERR_REDIRECT] 
2026-09-19 14:37:35,825 [ERROR] LogOutputStream:74 - [STDERR_REDIRECT] [Fatal Error] :1:1: Premature end of file.
2026-09-19 14:37:35,826 [ERROR] LogOutputStream:74 - [STDERR_REDIRECT] 
2026-09-19 14:37:36,821 [ERROR] LogOutputStream:74 - [STDERR_REDIRECT] [Fatal Error] :1:1: Premature end of file.
2026-09-19 14:37:36,821 [ERROR] LogOutputStream:74 - [STDERR_REDIRECT] 
2026-09-19 14:37:37,820 [ERROR] LogOutputStream:74 - [STDERR_REDIRECT] [Fatal Error] :1:1: Premature end of file.
2026-09-19 14:37:37,822 [ERROR] LogOutputStream:74 - [STDERR_REDIRECT] 
2026-09-19 14:37:38,845 [ERROR] LogOutputStream:74 - [STDERR_REDIRECT] [Fatal Error] :1:1: Premature end of file.
2026-09-19 14:37:38,845 [ERROR] LogOutputStream:74 - [STDERR_REDIRECT] 
2026-09-19 14:37:39,823 [ERROR] LogOutputStream:74 - [STDERR_REDIRECT] [Fatal Error] :1:1: Premature end of file.
2026-09-19 14:37:39,823 [ERROR] LogOutputStream:74 - [STDERR_REDIRECT] 
2026-09-19 14:37:40,824 [ERROR] LogOutputStream:74 - [STDERR_REDIRECT] [Fatal Error] :1:1: Premature end of file.
2026-09-19 14:37:40,825 [ERROR] LogOutputStream:74 - [STDERR_REDIRECT] 
2026-09-19 14:37:41,823 [ERROR] LogOutputStream:74 - [STDERR_REDIRECT] [Fatal Error] :1:1: Premature end of file.
2026-09-19 14:37:41,823 [ERROR] LogOutputStream:74 - [STDERR_REDIRECT] 
2026-09-19 14:37:42,838 [ERROR] LogOutputStream:74 - [STDERR_REDIRECT] [Fatal Error] :1:1: Premature end of file.
2026-09-19 14:37:42,838 [ERROR] LogOutputStream:74 - [STDERR_REDIRECT] 
2026-09-19 14:37:43,832 [ERROR] LogOutputStream:74 - [STDERR_REDIRECT] [Fatal Error] :1:1: Premature end of file.
2026-09-19 14:37:43,832 [ERROR] LogOutputStream:74 - [STDERR_REDIRECT] 
2026-09-19 14:37:44,827 [ERROR] LogOutputStream:74 - [STDERR_REDIRECT] [Fatal Error] :1:1: Premature end of file.
2026-09-19 14:37:44,828 [ERROR] LogOutputStream:74 - [STDERR_REDIRECT] 
2026-09-19 14:37:45,851 [ERROR] LogOutputStream:74 - [STDERR_REDIRECT] [Fatal Error] :1:1: Premature end of file.
2026-09-19 14:37:45,852 [ERROR] LogOutputStream:74 - [STDERR_REDIRECT] 
2026-09-19 14:37:46,827 [ERROR] LogOutputStream:74 - [STDERR_REDIRECT] [Fatal Error] :1:1: Premature end of file.
2026-09-19 14:37:46,827 [ERROR] LogOutputStream:74 - [STDERR_REDIRECT] 
2026-09-19 14:37:47,826 [ERROR] LogOutputStream:74 - [STDERR_REDIRECT] [Fatal Error] :1:1: Premature end of file.
2026-09-19 14:37:47,826 [ERROR] LogOutputStream:74 - [STDERR_REDIRECT] 
2026-09-19 14:37:48,824 [ERROR] LogOutputStream:74 - [STDERR_REDIRECT] [Fatal Error] :1:1: Premature end of file.
2026-09-19 14:37:48,825 [ERROR] LogOutputStream:74 - [STDERR_REDIRECT] 
2026-09-19 14:37:49,830 [ERROR] LogOutputStream:74 - [STDERR_REDIRECT] [Fatal Error] :1:1: Premature end of file.
2026-09-19 14:37:49,831 [ERROR] LogOutputStream:74 - [STDERR_REDIRECT] 
2026-09-19 14:37:50,832 [ERROR] LogOutputStream:74 - [STDERR_REDIRECT] [Fatal Error] :1:1: Premature end of file.
2026-09-19 14:37:50,833 [ERROR] LogOutputStream:74 - [STDERR_REDIRECT] 
2026-09-19 14:37:51,828 [ERROR] LogOutputStream:74 - [STDERR_REDIRECT] [Fatal Error] :1:1: Premature end of file.
2026-09-19 14:37:51,830 [ERROR] LogOutputStream:74 - [STDERR_REDIRECT] 
2026-09-19 14:37:52,831 [ERROR] LogOutputStream:74 - [STDERR_REDIRECT] [Fatal Error] :1:1: Premature end of file.
2026-09-19 14:37:52,832 [ERROR] LogOutputStream:74 - [STDERR_REDIRECT] 
2026-09-19 14:37:53,821 [ERROR] LogOutputStream:74 - [STDERR_REDIRECT] [Fatal Error] :1:1: Premature end of file.
2026-09-19 14:37:53,822 [ERROR] LogOutputStream:74 - [STDERR_REDIRECT] 
2026-09-19 14:37:54,822 [ERROR] LogOutputStream:74 - [STDERR_REDIRECT] [Fatal Error] :1:1: Premature end of file.
2026-09-19 14:37:54,822 [ERROR] LogOutputStream:74 - [STDERR_REDIRECT] 
2026-09-19 14:37:55,828 [ERROR] LogOutputStream:74 - [STDERR_REDIRECT] [Fatal Error] :1:1: Premature end of file.
2026-09-19 14:37:55,828 [ERROR] LogOutputStream:74 - [STDERR_REDIRECT] 
2026-09-19 14:37:56,831 [ERROR] LogOutputStream:74 - [STDERR_REDIRECT] [Fatal Error] :1:1: Premature end of file.
2026-09-19 14:37:56,831 [ERROR] LogOutputStream:74 - [STDERR_REDIRECT] 
2026-09-19 14:37:57,822 [ERROR] LogOutputStream:74 - [STDERR_REDIRECT] [Fatal Error] :1:1: Premature end of file.
2026-09-19 14:37:57,824 [ERROR] LogOutputStream:74 - [STDERR_REDIRECT] 
2026-09-19 14:37:58,818 [ERROR] LogOutputStream:74 - [STDERR_REDIRECT] [Fatal Error] :1:1: Premature end of file.
2026-09-19 14:37:58,819 [ERROR] LogOutputStream:74 - [STDERR_REDIRECT] 
2026-09-19 14:37:59,826 [ERROR] LogOutputStream:74 - [STDERR_REDIRECT] [Fatal Error] :1:1: Premature end of file.
2026-09-19 14:37:59,826 [ERROR] LogOutputStream:74 - [STDERR_REDIRECT] 
2026-09-19 14:38:00,825 [ERROR] LogOutputStream:74 - [STDERR_REDIRECT] [Fatal Error] :1:1: Premature end of file.
2026-09-19 14:38:00,825 [ERROR] LogOutputStream:74 - [STDERR_REDIRECT] 
2026-09-19 14:38:01,831 [ERROR] LogOutputStream:74 - [STDERR_REDIRECT] [Fatal Error] :1:1: Premature end of file.
2026-09-19 14:38:01,832 [ERROR] LogOutputStream:74 - [STDERR_REDIRECT] 
2026-09-19 14:38:02,824 [ERROR] LogOutputStream:74 - [STDERR_REDIRECT] [Fatal Error] :1:1: Premature end of file.
2026-09-19 14:38:02,824 [ERROR] LogOutputStream:74 - [STDERR_REDIRECT] 
2026-09-19 14:38:03,829 [ERROR] LogOutputStream:74 - [STDERR_REDIRECT] [Fatal Error] :1:1: Premature end of file.
2026-09-19 14:38:03,830 [ERROR] LogOutputStream:74 - [STDERR_REDIRECT] 
2026-09-19 14:38:04,821 [ERROR] LogOutputStream:74 - [STDERR_REDIRECT] [Fatal Error] :1:1: Premature end of file.
2026-09-19 14:38:04,821 [ERROR] LogOutputStream:74 - [STDERR_REDIRECT] 
2026-09-19 14:38:05,831 [ERROR] LogOutputStream:74 - [STDERR_REDIRECT] [Fatal Error] :1:1: Premature end of file.
2026-09-19 14:38:05,831 [ERROR] LogOutputStream:74 - [STDERR_REDIRECT] 
2026-09-19 14:38:06,829 [ERROR] LogOutputStream:74 - [STDERR_REDIRECT] [Fatal Error] :1:1: Premature end of file.
2026-09-19 14:38:06,829 [ERROR] LogOutputStream:74 - [STDERR_REDIRECT] 
2026-09-19 14:38:07,824 [ERROR] LogOutputStream:74 - [STDERR_REDIRECT] [Fatal Error] :1:1: Premature end of file.
2026-09-19 14:38:07,824 [ERROR] LogOutputStream:74 - [STDERR_REDIRECT] 
2026-09-19 14:38:08,825 [ERROR] LogOutputStream:74 - [STDERR_REDIRECT] [Fatal Error] :1:1: Premature end of file.
2026-09-19 14:38:08,834 [ERROR] LogOutputStream:74 - [STDERR_REDIRECT] 
2026-09-19 14:38:09,831 [ERROR] LogOutputStream:74 - [STDERR_REDIRECT] [Fatal Error] :1:1: Premature end of file.
2026-09-19 14:38:09,831 [ERROR] LogOutputStream:74 - [STDERR_REDIRECT] 
2026-09-19 14:38:10,825 [ERROR] LogOutputStream:74 - [STDERR_REDIRECT] [Fatal Error] :1:1: Premature end of file.
2026-09-19 14:38:10,826 [ERROR] LogOutputStream:74 - [STDERR_REDIRECT] 
2026-09-19 14:38:11,825 [ERROR] LogOutputStream:74 - [STDERR_REDIRECT] [Fatal Error] :1:1: Premature end of file.
2026-09-19 14:38:11,826 [ERROR] LogOutputStream:74 - [STDERR_REDIRECT] 
2026-09-19 14:38:12,829 [ERROR] LogOutputStream:74 - [STDERR_REDIRECT] [Fatal Error] :1:1: Premature end of file.
2026-09-19 14:38:12,830 [ERROR] LogOutputStream:74 - [STDERR_REDIRECT] 
2026-09-19 14:38:13,827 [ERROR] LogOutputStream:74 - [STDERR_REDIRECT] [Fatal Error] :1:1: Premature end of file.
2026-09-19 14:38:13,828 [ERROR] LogOutputStream:74 - [STDERR_REDIRECT] 
2026-09-19 14:38:14,829 [ERROR] LogOutputStream:74 - [STDERR_REDIRECT] [Fatal Error] :1:1: Premature end of file.
2026-09-19 14:38:14,829 [ERROR] LogOutputStream:74 - [STDERR_REDIRECT] 
2026-09-19 14:38:15,829 [ERROR] LogOutputStream:74 - [STDERR_REDIRECT] [Fatal Error] :1:1: Premature end of file.
2026-09-19 14:38:15,829 [ERROR] LogOutputStream:74 - [STDERR_REDIRECT] 
2026-09-19 14:38:16,830 [ERROR] LogOutputStream:74 - [STDERR_REDIRECT] [Fatal Error] :1:1: Premature end of file.
2026-09-19 14:38:16,831 [ERROR] LogOutputStream:74 - [STDERR_REDIRECT] 
2026-09-19 14:38:17,821 [ERROR] LogOutputStream:74 - [STDERR_REDIRECT] [Fatal Error] :1:1: Premature end of file.
2026-09-19 14:38:17,822 [ERROR] LogOutputStream:74 - [STDERR_REDIRECT] 
2026-09-19 14:38:18,838 [ERROR] LogOutputStream:74 - [STDERR_REDIRECT] [Fatal Error] :1:1: Premature end of file.
2026-09-19 14:38:18,838 [ERROR] LogOutputStream:74 - [STDERR_REDIRECT] 
2026-09-19 14:38:19,827 [ERROR] LogOutputStream:74 - [STDERR_REDIRECT] [Fatal Error] :1:1: Premature end of file.
2026-09-19 14:38:19,827 [ERROR] LogOutputStream:74 - [STDERR_REDIRECT] 
2026-09-19 14:38:20,817 [ERROR] LogOutputStream:74 - [STDERR_REDIRECT] [Fatal Error] :1:1: Premature end of file.
2026-09-19 14:38:20,817 [ERROR] LogOutputStream:74 - [STDERR_REDIRECT] 
2026-09-19 14:38:21,816 [ERROR] LogOutputStream:74 - [STDERR_REDIRECT] [Fatal Error] :1:1: Premature end of file.
2026-09-19 14:38:21,818 [ERROR] LogOutputStream:74 - [STDERR_REDIRECT] 
2026-09-19 14:38:22,829 [ERROR] LogOutputStream:74 - [STDERR_REDIRECT] [Fatal Error] :1:1: Premature end of file.
2026-09-19 14:38:22,830 [ERROR] LogOutputStream:74 - [STDERR_REDIRECT] 
2026-09-19 14:38:23,827 [ERROR] LogOutputStream:74 - [STDERR_REDIRECT] [Fatal Error] :1:1: Premature end of file.
2026-09-19 14:38:23,829 [ERROR] LogOutputStream:74 - [STDERR_REDIRECT] 
2026-09-19 14:38:24,821 [ERROR] LogOutputStream:74 - [STDERR_REDIRECT] [Fatal Error] :1:1: Premature end of file.
2026-09-19 14:38:24,821 [ERROR] LogOutputStream:74 - [STDERR_REDIRECT] 
2026-09-19 14:38:25,825 [ERROR] LogOutputStream:74 - [STDERR_REDIRECT] [Fatal Error] :1:1: Premature end of file.
2026-09-19 14:38:25,825 [ERROR] LogOutputStream:74 - [STDERR_REDIRECT] 
2026-09-19 14:38:26,831 [ERROR] LogOutputStream:74 - [STDERR_REDIRECT] [Fatal Error] :1:1: Premature end of file.
2026-09-19 14:38:26,833 [ERROR] LogOutputStream:74 - [STDERR_REDIRECT] 
2026-09-19 14:38:27,823 [ERROR] LogOutputStream:74 - [STDERR_REDIRECT] [Fatal Error] :1:1: Premature end of file.
2026-09-19 14:38:27,823 [ERROR] LogOutputStream:74 - [STDERR_REDIRECT] 
2026-09-19 14:38:28,828 [ERROR] LogOutputStream:74 - [STDERR_REDIRECT] [Fatal Error] :1:1: Premature end of file.
2026-09-19 14:38:28,828 [ERROR] LogOutputStream:74 - [STDERR_REDIRECT] 
2026-09-19 14:38:29,831 [ERROR] LogOutputStream:74 - [STDERR_REDIRECT] [Fatal Error] :1:1: Premature end of file.
2026-09-19 14:38:29,831 [ERROR] LogOutputStream:74 - [STDERR_REDIRECT] 
2026-09-19 14:38:30,824 [ERROR] LogOutputStream:74 - [STDERR_REDIRECT] [Fatal Error] :1:1: Premature end of file.
2026-09-19 14:38:30,824 [ERROR] LogOutputStream:74 - [STDERR_REDIRECT] 
2026-09-19 14:38:31,832 [ERROR] LogOutputStream:74 - [STDERR_REDIRECT] [Fatal Error] :1:1: Premature end of file.
2026-09-19 14:38:31,832 [ERROR] LogOutputStream:74 - [STDERR_REDIRECT] 
2026-09-19 14:38:32,827 [ERROR] LogOutputStream:74 - [STDERR_REDIRECT] [Fatal Error] :1:1: Premature end of file.
2026-09-19 14:38:32,827 [ERROR] LogOutputStream:74 - [STDERR_REDIRECT] 
2026-09-19 14:38:33,829 [ERROR] LogOutputStream:74 - [STDERR_REDIRECT] [Fatal Error] :1:1: Premature end of file.
2026-09-19 14:38:33,829 [ERROR] LogOutputStream:74 - [STDERR_REDIRECT] 
2026-09-19 14:38:34,830 [ERROR] LogOutputStream:74 - [STDERR_REDIRECT] [Fatal Error] :1:1: Premature end of file.
2026-09-19 14:38:34,831 [ERROR] LogOutputStream:74 - [STDERR_REDIRECT] 
2026-09-19 14:38:35,823 [ERROR] LogOutputStream:74 - [STDERR_REDIRECT] [Fatal Error] :1:1: Premature end of file.
2026-09-19 14:38:35,823 [ERROR] LogOutputStream:74 - [STDERR_REDIRECT] 
2026-09-19 14:38:36,820 [ERROR] LogOutputStream:74 - [STDERR_REDIRECT] [Fatal Error] :1:1: Premature end of file.
2026-09-19 14:38:36,820 [ERROR] LogOutputStream:74 - [STDERR_REDIRECT] 
2026-09-19 14:38:37,818 [ERROR] LogOutputStream:74 - [STDERR_REDIRECT] [Fatal Error] :1:1: Premature end of file.
2026-09-19 14:38:37,818 [ERROR] LogOutputStream:74 - [STDERR_REDIRECT] 
2026-09-19 14:38:38,818 [ERROR] LogOutputStream:74 - [STDERR_REDIRECT] [Fatal Error] :1:1: Premature end of file.
2026-09-19 14:38:38,819 [ERROR] LogOutputStream:74 - [STDERR_REDIRECT] 
2026-09-19 14:38:39,815 [ERROR] LogOutputStream:74 - [STDERR_REDIRECT] [Fatal Error] :1:1: Premature end of file.
2026-09-19 14:38:39,815 [ERROR] LogOutputStream:74 - [STDERR_REDIRECT] 
2026-09-19 14:38:40,825 [ERROR] LogOutputStream:74 - [STDERR_REDIRECT] [Fatal Error] :1:1: Premature end of file.
2026-09-19 14:38:40,825 [ERROR] LogOutputStream:74 - [STDERR_REDIRECT] 
2026-09-19 14:38:41,832 [ERROR] LogOutputStream:74 - [STDERR_REDIRECT] [Fatal Error] :1:1: Premature end of file.
2026-09-19 14:38:41,832 [ERROR] LogOutputStream:74 - [STDERR_REDIRECT] 
2026-09-19 14:38:42,831 [ERROR] LogOutputStream:74 - [STDERR_REDIRECT] [Fatal Error] :1:1: Premature end of file.
2026-09-19 14:38:42,831 [ERROR] LogOutputStream:74 - [STDERR_REDIRECT] 
2026-09-19 14:38:43,835 [ERROR] LogOutputStream:74 - [STDERR_REDIRECT] [Fatal Error] :1:1: Premature end of file.
2026-09-19 14:38:43,835 [ERROR] LogOutputStream:74 - [STDERR_REDIRECT] 
2026-09-19 14:38:44,825 [ERROR] LogOutputStream:74 - [STDERR_REDIRECT] [Fatal Error] :1:1: Premature end of file.
2026-09-19 14:38:44,825 [ERROR] LogOutputStream:74 - [STDERR_REDIRECT] 
2026-09-19 14:38:45,823 [ERROR] LogOutputStream:74 - [STDERR_REDIRECT] [Fatal Error] :1:1: Premature end of file.
2026-09-19 14:38:45,824 [ERROR] LogOutputStream:74 - [STDERR_REDIRECT] 
2026-09-19 14:38:46,828 [ERROR] LogOutputStream:74 - [STDERR_REDIRECT] [Fatal Error] :1:1: Premature end of file.
2026-09-19 14:38:46,828 [ERROR] LogOutputStream:74 - [STDERR_REDIRECT] 
2026-09-19 14:38:47,827 [ERROR] LogOutputStream:74 - [STDERR_REDIRECT] [Fatal Error] :1:1: Premature end of file.
2026-09-19 14:38:47,827 [ERROR] LogOutputStream:74 - [STDERR_REDIRECT] 
2026-09-19 14:38:48,836 [ERROR] LogOutputStream:74 - [STDERR_REDIRECT] [Fatal Error] :1:1: Premature end of file.
2026-09-19 14:38:48,836 [ERROR] LogOutputStream:74 - [STDERR_REDIRECT] 
2026-09-19 14:38:49,828 [ERROR] LogOutputStream:74 - [STDERR_REDIRECT] [Fatal Error] :1:1: Premature end of file.
2026-09-19 14:38:49,828 [ERROR] LogOutputStream:74 - [STDERR_REDIRECT] 
2026-09-19 14:38:50,830 [ERROR] LogOutputStream:74 - [STDERR_REDIRECT] [Fatal Error] :1:1: Premature end of file.
2026-09-19 14:38:50,831 [ERROR] LogOutputStream:74 - [STDERR_REDIRECT] 
2026-09-19 14:38:51,828 [ERROR] LogOutputStream:74 - [STDERR_REDIRECT] [Fatal Error] :1:1: Premature end of file.
2026-09-19 14:38:51,828 [ERROR] LogOutputStream:74 - [STDERR_REDIRECT] 
2026-09-19 14:38:52,824 [ERROR] LogOutputStream:74 - [STDERR_REDIRECT] [Fatal Error] :1:1: Premature end of file.
2026-09-19 14:38:52,824 [ERROR] LogOutputStream:74 - [STDERR_REDIRECT] 
2026-09-19 14:38:53,828 [ERROR] LogOutputStream:74 - [STDERR_REDIRECT] [Fatal Error] :1:1: Premature end of file.
2026-09-19 14:38:53,829 [ERROR] LogOutputStream:74 - [STDERR_REDIRECT] 
2026-09-19 14:38:54,832 [ERROR] LogOutputStream:74 - [STDERR_REDIRECT] [Fatal Error] :1:1: Premature end of file.
2026-09-19 14:38:54,832 [ERROR] LogOutputStream:74 - [STDERR_REDIRECT] 
2026-09-19 14:38:55,826 [ERROR] LogOutputStream:74 - [STDERR_REDIRECT] [Fatal Error] :1:1: Premature end of file.
2026-09-19 14:38:55,826 [ERROR] LogOutputStream:74 - [STDERR_REDIRECT] 
2026-09-19 14:38:56,825 [ERROR] LogOutputStream:74 - [STDERR_REDIRECT] [Fatal Error] :1:1: Premature end of file.
2026-09-19 14:38:56,825 [ERROR] LogOutputStream:74 - [STDERR_REDIRECT] 
2026-09-19 14:38:57,817 [ERROR] LogOutputStream:74 - [STDERR_REDIRECT] [Fatal Error] :1:1: Premature end of file.
2026-09-19 14:38:57,817 [ERROR] LogOutputStream:74 - [STDERR_REDIRECT] 
2026-09-19 14:38:58,823 [ERROR] LogOutputStream:74 - [STDERR_REDIRECT] [Fatal Error] :1:1: Premature end of file.
2026-09-19 14:38:58,823 [ERROR] LogOutputStream:74 - [STDERR_REDIRECT] 
2026-09-19 14:38:59,833 [ERROR] LogOutputStream:74 - [STDERR_REDIRECT] [Fatal Error] :1:1: Premature end of file.
2026-09-19 14:38:59,833 [ERROR] LogOutputStream:74 - [STDERR_REDIRECT] 
2026-09-19 14:39:00,832 [ERROR] LogOutputStream:74 - [STDERR_REDIRECT] [Fatal Error] :1:1: Premature end of file.
2026-09-19 14:39:00,833 [ERROR] LogOutputStream:74 - [STDERR_REDIRECT] 
2026-09-19 14:39:01,827 [ERROR] LogOutputStream:74 - [STDERR_REDIRECT] [Fatal Error] :1:1: Premature end of file.
2026-09-19 14:39:01,828 [ERROR] LogOutputStream:74 - [STDERR_REDIRECT] 
2026-09-19 14:39:02,827 [ERROR] LogOutputStream:74 - [STDERR_REDIRECT] [Fatal Error] :1:1: Premature end of file.
2026-09-19 14:39:02,827 [ERROR] LogOutputStream:74 - [STDERR_REDIRECT] 
2026-09-19 14:39:03,837 [ERROR] LogOutputStream:74 - [STDERR_REDIRECT] [Fatal Error] :1:1: Premature end of file.
2026-09-19 14:39:03,837 [ERROR] LogOutputStream:74 - [STDERR_REDIRECT] 
2026-09-19 14:39:04,833 [ERROR] LogOutputStream:74 - [STDERR_REDIRECT] [Fatal Error] :1:1: Premature end of file.
2026-09-19 14:39:04,833 [ERROR] LogOutputStream:74 - [STDERR_REDIRECT] 
2026-09-19 14:39:05,831 [ERROR] LogOutputStream:74 - [STDERR_REDIRECT] [Fatal Error] :1:1: Premature end of file.
2026-09-19 14:39:05,832 [ERROR] LogOutputStream:74 - [STDERR_REDIRECT] 
2026-09-19 14:39:06,833 [ERROR] LogOutputStream:74 - [STDERR_REDIRECT] [Fatal Error] :1:1: Premature end of file.
2026-09-19 14:39:06,834 [ERROR] LogOutputStream:74 - [STDERR_REDIRECT] 
2026-09-19 14:39:07,827 [ERROR] LogOutputStream:74 - [STDERR_REDIRECT] [Fatal Error] :1:1: Premature end of file.
2026-09-19 14:39:07,827 [ERROR] LogOutputStream:74 - [STDERR_REDIRECT] 
2026-09-19 14:39:08,827 [ERROR] LogOutputStream:74 - [STDERR_REDIRECT] [Fatal Error] :1:1: Premature end of file.
2026-09-19 14:39:08,827 [ERROR] LogOutputStream:74 - [STDERR_REDIRECT] 
2026-09-19 14:39:09,824 [ERROR] LogOutputStream:74 - [STDERR_REDIRECT] [Fatal Error] :1:1: Premature end of file.
2026-09-19 14:39:09,825 [ERROR] LogOutputStream:74 - [STDERR_REDIRECT] 
2026-09-19 14:39:10,827 [ERROR] LogOutputStream:74 - [STDERR_REDIRECT] [Fatal Error] :1:1: Premature end of file.
2026-09-19 14:39:10,828 [ERROR] LogOutputStream:74 - [STDERR_REDIRECT] 
2026-09-19 14:39:11,821 [ERROR] LogOutputStream:74 - [STDERR_REDIRECT] [Fatal Error] :1:1: Premature end of file.
2026-09-19 14:39:11,821 [ERROR] LogOutputStream:74 - [STDERR_REDIRECT] 
2026-09-19 14:39:12,827 [ERROR] LogOutputStream:74 - [STDERR_REDIRECT] [Fatal Error] :1:1: Premature end of file.
2026-09-19 14:39:12,828 [ERROR] LogOutputStream:74 - [STDERR_REDIRECT] 
2026-09-19 14:39:13,819 [ERROR] LogOutputStream:74 - [STDERR_REDIRECT] [Fatal Error] :1:1: Premature end of file.
2026-09-19 14:39:13,819 [ERROR] LogOutputStream:74 - [STDERR_REDIRECT] 
2026-09-19 14:39:14,832 [ERROR] LogOutputStream:74 - [STDERR_REDIRECT] [Fatal Error] :1:1: Premature end of file.
2026-09-19 14:39:14,833 [ERROR] LogOutputStream:74 - [STDERR_REDIRECT] 
2026-09-19 14:39:15,831 [ERROR] LogOutputStream:74 - [STDERR_REDIRECT] [Fatal Error] :1:1: Premature end of file.
2026-09-19 14:39:15,831 [ERROR] LogOutputStream:74 - [STDERR_REDIRECT] 
2026-09-19 14:39:16,827 [ERROR] LogOutputStream:74 - [STDERR_REDIRECT] [Fatal Error] :1:1: Premature end of file.
2026-09-19 14:39:16,827 [ERROR] LogOutputStream:74 - [STDERR_REDIRECT] 
2026-09-19 14:39:17,838 [ERROR] LogOutputStream:74 - [STDERR_REDIRECT] [Fatal Error] :1:1: Premature end of file.
2026-09-19 14:39:17,838 [ERROR] LogOutputStream:74 - [STDERR_REDIRECT] 
2026-09-19 14:39:18,873 [ERROR] LogOutputStream:74 - [STDERR_REDIRECT] [Fatal Error] :1:1: Premature end of file.
2026-09-19 14:39:18,874 [ERROR] LogOutputStream:74 - [STDERR_REDIRECT] 
2026-09-19 14:39:19,830 [ERROR] LogOutputStream:74 - [STDERR_REDIRECT] [Fatal Error] :1:1: Premature end of file.
2026-09-19 14:39:19,830 [ERROR] LogOutputStream:74 - [STDERR_REDIRECT] 
2026-09-19 14:39:20,833 [ERROR] LogOutputStream:74 - [STDERR_REDIRECT] [Fatal Error] :1:1: Premature end of file.
2026-09-19 14:39:20,834 [ERROR] LogOutputStream:74 - [STDERR_REDIRECT] 
2026-09-19 14:39:21,819 [ERROR] LogOutputStream:74 - [STDERR_REDIRECT] [Fatal Error] :1:1: Premature end of file.
2026-09-19 14:39:21,820 [ERROR] LogOutputStream:74 - [STDERR_REDIRECT] 
2026-09-19 14:39:22,835 [ERROR] LogOutputStream:74 - [STDERR_REDIRECT] [Fatal Error] :1:1: Premature end of file.
2026-09-19 14:39:22,835 [ERROR] LogOutputStream:74 - [STDERR_REDIRECT] 
2026-09-19 14:39:23,837 [ERROR] LogOutputStream:74 - [STDERR_REDIRECT] [Fatal Error] :1:1: Premature end of file.
2026-09-19 14:39:23,837 [ERROR] LogOutputStream:74 - [STDERR_REDIRECT] 
2026-09-19 14:39:24,829 [ERROR] LogOutputStream:74 - [STDERR_REDIRECT] [Fatal Error] :1:1: Premature end of file.
2026-09-19 14:39:24,829 [ERROR] LogOutputStream:74 - [STDERR_REDIRECT] 
2026-09-19 14:39:25,826 [ERROR] LogOutputStream:74 - [STDERR_REDIRECT] [Fatal Error] :1:1: Premature end of file.
2026-09-19 14:39:25,826 [ERROR] LogOutputStream:74 - [STDERR_REDIRECT] 
2026-09-19 14:39:26,822 [ERROR] LogOutputStream:74 - [STDERR_REDIRECT] [Fatal Error] :1:1: Premature end of file.
2026-09-19 14:39:26,822 [ERROR] LogOutputStream:74 - [STDERR_REDIRECT] 
2026-09-19 14:39:27,832 [ERROR] LogOutputStream:74 - [STDERR_REDIRECT] [Fatal Error] :1:1: Premature end of file.
2026-09-19 14:39:27,832 [ERROR] LogOutputStream:74 - [STDERR_REDIRECT] 
2026-09-19 14:39:28,831 [ERROR] LogOutputStream:74 - [STDERR_REDIRECT] [Fatal Error] :1:1: Premature end of file.
2026-09-19 14:39:28,831 [ERROR] LogOutputStream:74 - [STDERR_REDIRECT] 
2026-09-19 14:39:29,828 [ERROR] LogOutputStream:74 - [STDERR_REDIRECT] [Fatal Error] :1:1: Premature end of file.
2026-09-19 14:39:29,828 [ERROR] LogOutputStream:74 - [STDERR_REDIRECT] 
2026-09-19 14:39:30,833 [ERROR] LogOutputStream:74 - [STDERR_REDIRECT] [Fatal Error] :1:1: Premature end of file.
2026-09-19 14:39:30,834 [ERROR] LogOutputStream:74 - [STDERR_REDIRECT] 
2026-09-19 14:39:31,828 [ERROR] LogOutputStream:74 - [STDERR_REDIRECT] [Fatal Error] :1:1: Premature end of file.
2026-09-19 14:39:31,829 [ERROR] LogOutputStream:74 - [STDERR_REDIRECT] 
2026-09-19 14:39:32,827 [ERROR] LogOutputStream:74 - [STDERR_REDIRECT] [Fatal Error] :1:1: Premature end of file.
2026-09-19 14:39:32,828 [ERROR] LogOutputStream:74 - [STDERR_REDIRECT] 
2026-09-19 14:39:33,828 [ERROR] LogOutputStream:74 - [STDERR_REDIRECT] [Fatal Error] :1:1: Premature end of file.
2026-09-19 14:39:33,829 [ERROR] LogOutputStream:74 - [STDERR_REDIRECT] 
2026-09-19 14:39:34,838 [ERROR] LogOutputStream:74 - [STDERR_REDIRECT] [Fatal Error] :1:1: Premature end of file.
2026-09-19 14:39:34,839 [ERROR] LogOutputStream:74 - [STDERR_REDIRECT] 
2026-09-19 14:39:35,836 [ERROR] LogOutputStream:74 - [STDERR_REDIRECT] [Fatal Error] :1:1: Premature end of file.
2026-09-19 14:39:35,836 [ERROR] LogOutputStream:74 - [STDERR_REDIRECT] 
2026-09-19 14:39:36,829 [ERROR] LogOutputStream:74 - [STDERR_REDIRECT] [Fatal Error] :1:1: Premature end of file.
2026-09-19 14:39:36,831 [ERROR] LogOutputStream:74 - [STDERR_REDIRECT] 
2026-09-19 14:39:37,825 [ERROR] LogOutputStream:74 - [STDERR_REDIRECT] [Fatal Error] :1:1: Premature end of file.
2026-09-19 14:39:37,825 [ERROR] LogOutputStream:74 - [STDERR_REDIRECT] 
2026-09-19 14:39:38,831 [ERROR] LogOutputStream:74 - [STDERR_REDIRECT] [Fatal Error] :1:1: Premature end of file.
2026-09-19 14:39:38,831 [ERROR] LogOutputStream:74 - [STDERR_REDIRECT] 
2026-09-19 14:39:39,833 [ERROR] LogOutputStream:74 - [STDERR_REDIRECT] [Fatal Error] :1:1: Premature end of file.
2026-09-19 14:39:39,834 [ERROR] LogOutputStream:74 - [STDERR_REDIRECT] 
2026-09-19 14:39:40,831 [ERROR] LogOutputStream:74 - [STDERR_REDIRECT] [Fatal Error] :1:1: Premature end of file.
2026-09-19 14:39:40,831 [ERROR] LogOutputStream:74 - [STDERR_REDIRECT] 
2026-09-19 14:39:41,830 [ERROR] LogOutputStream:74 - [STDERR_REDIRECT] [Fatal Error] :1:1: Premature end of file.
2026-09-19 14:39:41,831 [ERROR] LogOutputStream:74 - [STDERR_REDIRECT] 
2026-09-19 14:39:42,825 [ERROR] LogOutputStream:74 - [STDERR_REDIRECT] [Fatal Error] :1:1: Premature end of file.
2026-09-19 14:39:42,825 [ERROR] LogOutputStream:74 - [STDERR_REDIRECT] 
2026-09-19 14:39:43,829 [ERROR] LogOutputStream:74 - [STDERR_REDIRECT] [Fatal Error] :1:1: Premature end of file.
2026-09-19 14:39:43,829 [ERROR] LogOutputStream:74 - [STDERR_REDIRECT] 
2026-09-19 14:39:44,827 [ERROR] LogOutputStream:74 - [STDERR_REDIRECT] [Fatal Error] :1:1: Premature end of file.
2026-09-19 14:39:44,827 [ERROR] LogOutputStream:74 - [STDERR_REDIRECT] 
2026-09-19 14:39:45,824 [ERROR] LogOutputStream:74 - [STDERR_REDIRECT] [Fatal Error] :1:1: Premature end of file.
2026-09-19 14:39:45,824 [ERROR] LogOutputStream:74 - [STDERR_REDIRECT] 
2026-09-19 14:39:46,836 [ERROR] LogOutputStream:74 - [STDERR_REDIRECT] [Fatal Error] :1:1: Premature end of file.
2026-09-19 14:39:46,836 [ERROR] LogOutputStream:74 - [STDERR_REDIRECT] 
2026-09-19 14:39:47,832 [ERROR] LogOutputStream:74 - [STDERR_REDIRECT] [Fatal Error] :1:1: Premature end of file.
2026-09-19 14:39:47,832 [ERROR] LogOutputStream:74 - [STDERR_REDIRECT] 
2026-09-19 14:39:48,831 [ERROR] LogOutputStream:74 - [STDERR_REDIRECT] [Fatal Error] :1:1: Premature end of file.
2026-09-19 14:39:48,831 [ERROR] LogOutputStream:74 - [STDERR_REDIRECT] 
2026-09-19 14:39:49,826 [ERROR] LogOutputStream:74 - [STDERR_REDIRECT] [Fatal Error] :1:1: Premature end of file.
2026-09-19 14:39:49,826 [ERROR] LogOutputStream:74 - [STDERR_REDIRECT] 
2026-09-19 14:39:50,822 [ERROR] LogOutputStream:74 - [STDERR_REDIRECT] [Fatal Error] :1:1: Premature end of file.
2026-09-19 14:39:50,822 [ERROR] LogOutputStream:74 - [STDERR_REDIRECT] 
2026-09-19 14:39:51,833 [ERROR] LogOutputStream:74 - [STDERR_REDIRECT] [Fatal Error] :1:1: Premature end of file.
2026-09-19 14:39:51,833 [ERROR] LogOutputStream:74 - [STDERR_REDIRECT] 
2026-09-19 14:39:52,831 [ERROR] LogOutputStream:74 - [STDERR_REDIRECT] [Fatal Error] :1:1: Premature end of file.
2026-09-19 14:39:52,831 [ERROR] LogOutputStream:74 - [STDERR_REDIRECT] 
2026-09-19 14:39:53,833 [ERROR] LogOutputStream:74 - [STDERR_REDIRECT] [Fatal Error] :1:1: Premature end of file.
2026-09-19 14:39:53,835 [ERROR] LogOutputStream:74 - [STDERR_REDIRECT] 
2026-09-19 14:39:54,828 [ERROR] LogOutputStream:74 - [STDERR_REDIRECT] [Fatal Error] :1:1: Premature end of file.
2026-09-19 14:39:54,829 [ERROR] LogOutputStream:74 - [STDERR_REDIRECT] 
2026-09-19 14:39:55,830 [ERROR] LogOutputStream:74 - [STDERR_REDIRECT] [Fatal Error] :1:1: Premature end of file.
2026-09-19 14:39:55,830 [ERROR] LogOutputStream:74 - [STDERR_REDIRECT] 
2026-09-19 14:39:56,824 [ERROR] LogOutputStream:74 - [STDERR_REDIRECT] [Fatal Error] :1:1: Premature end of file.
2026-09-19 14:39:56,824 [ERROR] LogOutputStream:74 - [STDERR_REDIRECT] 
2026-09-19 14:39:57,831 [ERROR] LogOutputStream:74 - [STDERR_REDIRECT] [Fatal Error] :1:1: Premature end of file.
2026-09-19 14:39:57,831 [ERROR] LogOutputStream:74 - [STDERR_REDIRECT] 
2026-09-19 14:39:58,832 [ERROR] LogOutputStream:74 - [STDERR_REDIRECT] [Fatal Error] :1:1: Premature end of file.
2026-09-19 14:39:58,833 [ERROR] LogOutputStream:74 - [STDERR_REDIRECT] 
2026-09-19 14:39:59,816 [ERROR] LogOutputStream:74 - [STDERR_REDIRECT] [Fatal Error] :1:1: Premature end of file.
2026-09-19 14:39:59,816 [ERROR] LogOutputStream:74 - [STDERR_REDIRECT] 
2026-09-19 14:40:00,816 [ERROR] LogOutputStream:74 - [STDERR_REDIRECT] [Fatal Error] :1:1: Premature end of file.
2026-09-19 14:40:00,816 [ERROR] LogOutputStream:74 - [STDERR_REDIRECT] 
2026-09-19 14:40:01,821 [ERROR] LogOutputStream:74 - [STDERR_REDIRECT] [Fatal Error] :1:1: Premature end of file.
2026-09-19 14:40:01,821 [ERROR] LogOutputStream:74 - [STDERR_REDIRECT] 
2026-09-19 14:40:02,831 [ERROR] LogOutputStream:74 - [STDERR_REDIRECT] [Fatal Error] :1:1: Premature end of file.
2026-09-19 14:40:02,831 [ERROR] LogOutputStream:74 - [STDERR_REDIRECT] 
2026-09-19 14:40:03,834 [ERROR] LogOutputStream:74 - [STDERR_REDIRECT] [Fatal Error] :1:1: Premature end of file.
2026-09-19 14:40:03,835 [ERROR] LogOutputStream:74 - [STDERR_REDIRECT] 
2026-09-19 14:40:04,828 [ERROR] LogOutputStream:74 - [STDERR_REDIRECT] [Fatal Error] :1:1: Premature end of file.
2026-09-19 14:40:04,829 [ERROR] LogOutputStream:74 - [STDERR_REDIRECT] 
2026-09-19 14:40:05,825 [ERROR] LogOutputStream:74 - [STDERR_REDIRECT] [Fatal Error] :1:1: Premature end of file.
2026-09-19 14:40:05,825 [ERROR] LogOutputStream:74 - [STDERR_REDIRECT] 
2026-09-19 14:40:06,813 [ERROR] LogOutputStream:74 - [STDERR_REDIRECT] [Fatal Error] :1:1: Premature end of file.
2026-09-19 14:40:06,813 [ERROR] LogOutputStream:74 - [STDERR_REDIRECT] 
2026-09-19 14:40:07,825 [ERROR] LogOutputStream:74 - [STDERR_REDIRECT] [Fatal Error] :1:1: Premature end of file.
2026-09-19 14:40:07,825 [ERROR] LogOutputStream:74 - [STDERR_REDIRECT] 
2026-09-19 14:40:08,828 [ERROR] LogOutputStream:74 - [STDERR_REDIRECT] [Fatal Error] :1:1: Premature end of file.
2026-09-19 14:40:08,829 [ERROR] LogOutputStream:74 - [STDERR_REDIRECT] 
2026-09-19 14:40:09,830 [ERROR] LogOutputStream:74 - [STDERR_REDIRECT] [Fatal Error] :1:1: Premature end of file.
2026-09-19 14:40:09,830 [ERROR] LogOutputStream:74 - [STDERR_REDIRECT] 
2026-09-19 14:40:10,819 [ERROR] LogOutputStream:74 - [STDERR_REDIRECT] [Fatal Error] :1:1: Premature end of file.
2026-09-19 14:40:10,820 [ERROR] LogOutputStream:74 - [STDERR_REDIRECT] 
2026-09-19 14:40:11,825 [ERROR] LogOutputStream:74 - [STDERR_REDIRECT] [Fatal Error] :1:1: Premature end of file.
2026-09-19 14:40:11,826 [ERROR] LogOutputStream:74 - [STDERR_REDIRECT] 
2026-09-19 14:40:12,826 [ERROR] LogOutputStream:74 - [STDERR_REDIRECT] [Fatal Error] :1:1: Premature end of file.
2026-09-19 14:40:12,827 [ERROR] LogOutputStream:74 - [STDERR_REDIRECT] 
2026-09-19 14:40:13,837 [ERROR] LogOutputStream:74 - [STDERR_REDIRECT] [Fatal Error] :1:1: Premature end of file.
2026-09-19 14:40:13,837 [ERROR] LogOutputStream:74 - [STDERR_REDIRECT] 
2026-09-19 14:40:14,825 [ERROR] LogOutputStream:74 - [STDERR_REDIRECT] [Fatal Error] :1:1: Premature end of file.
2026-09-19 14:40:14,825 [ERROR] LogOutputStream:74 - [STDERR_REDIRECT] 
2026-09-19 14:40:15,822 [ERROR] LogOutputStream:74 - [STDERR_REDIRECT] [Fatal Error] :1:1: Premature end of file.
2026-09-19 14:40:15,822 [ERROR] LogOutputStream:74 - [STDERR_REDIRECT] 
2026-09-19 14:40:16,836 [ERROR] LogOutputStream:74 - [STDERR_REDIRECT] [Fatal Error] :1:1: Premature end of file.
2026-09-19 14:40:16,836 [ERROR] LogOutputStream:74 - [STDERR_REDIRECT] 
2026-09-19 14:40:17,834 [ERROR] LogOutputStream:74 - [STDERR_REDIRECT] [Fatal Error] :1:1: Premature end of file.
2026-09-19 14:40:17,834 [ERROR] LogOutputStream:74 - [STDERR_REDIRECT] 
2026-09-19 14:40:18,832 [ERROR] LogOutputStream:74 - [STDERR_REDIRECT] [Fatal Error] :1:1: Premature end of file.
2026-09-19 14:40:18,833 [ERROR] LogOutputStream:74 - [STDERR_REDIRECT] 
2026-09-19 14:40:19,820 [ERROR] LogOutputStream:74 - [STDERR_REDIRECT] [Fatal Error] :1:1: Premature end of file.
2026-09-19 14:40:19,820 [ERROR] LogOutputStream:74 - [STDERR_REDIRECT] 
2026-09-19 14:40:20,832 [ERROR] LogOutputStream:74 - [STDERR_REDIRECT] [Fatal Error] :1:1: Premature end of file.
2026-09-19 14:40:20,833 [ERROR] LogOutputStream:74 - [STDERR_REDIRECT] 
2026-09-19 14:40:21,829 [ERROR] LogOutputStream:74 - [STDERR_REDIRECT] [Fatal Error] :1:1: Premature end of file.
2026-09-19 14:40:21,829 [ERROR] LogOutputStream:74 - [STDERR_REDIRECT] 
2026-09-19 14:40:22,822 [ERROR] LogOutputStream:74 - [STDERR_REDIRECT] [Fatal Error] :1:1: Premature end of file.
2026-09-19 14:40:22,822 [ERROR] LogOutputStream:74 - [STDERR_REDIRECT] 
2026-09-19 14:40:23,830 [ERROR] LogOutputStream:74 - [STDERR_REDIRECT] [Fatal Error] :1:1: Premature end of file.
2026-09-19 14:40:23,830 [ERROR] LogOutputStream:74 - [STDERR_REDIRECT] 
2026-09-19 14:40:24,829 [ERROR] LogOutputStream:74 - [STDERR_REDIRECT] [Fatal Error] :1:1: Premature end of file.
2026-09-19 14:40:24,829 [ERROR] LogOutputStream:74 - [STDERR_REDIRECT] 
2026-09-19 14:40:25,826 [ERROR] LogOutputStream:74 - [STDERR_REDIRECT] [Fatal Error] :1:1: Premature end of file.
2026-09-19 14:40:25,827 [ERROR] LogOutputStream:74 - [STDERR_REDIRECT] 
2026-09-19 14:40:26,835 [ERROR] LogOutputStream:74 - [STDERR_REDIRECT] [Fatal Error] :1:1: Premature end of file.
2026-09-19 14:40:26,836 [ERROR] LogOutputStream:74 - [STDERR_REDIRECT] 
2026-09-19 14:40:27,874 [ERROR] LogOutputStream:74 - [STDERR_REDIRECT] [Fatal Error] :1:1: Premature end of file.
2026-09-19 14:40:27,874 [ERROR] LogOutputStream:74 - [STDERR_REDIRECT] 
2026-09-19 14:40:28,832 [ERROR] LogOutputStream:74 - [STDERR_REDIRECT] [Fatal Error] :1:1: Premature end of file.
2026-09-19 14:40:28,833 [ERROR] LogOutputStream:74 - [STDERR_REDIRECT] 
2026-09-19 14:40:29,824 [ERROR] LogOutputStream:74 - [STDERR_REDIRECT] [Fatal Error] :1:1: Premature end of file.
2026-09-19 14:40:29,824 [ERROR] LogOutputStream:74 - [STDERR_REDIRECT] 
2026-09-19 14:40:30,825 [ERROR] LogOutputStream:74 - [STDERR_REDIRECT] [Fatal Error] :1:1: Premature end of file.
2026-09-19 14:40:30,825 [ERROR] LogOutputStream:74 - [STDERR_REDIRECT] 
2026-09-19 14:40:31,855 [ERROR] LogOutputStream:74 - [STDERR_REDIRECT] [Fatal Error] :1:1: Premature end of file.
2026-09-19 14:40:31,855 [ERROR] LogOutputStream:74 - [STDERR_REDIRECT] 
2026-09-19 14:40:32,838 [ERROR] LogOutputStream:74 - [STDERR_REDIRECT] [Fatal Error] :1:1: Premature end of file.
2026-09-19 14:40:32,839 [ERROR] LogOutputStream:74 - [STDERR_REDIRECT] 
2026-09-19 14:40:33,826 [ERROR] LogOutputStream:74 - [STDERR_REDIRECT] [Fatal Error] :1:1: Premature end of file.
2026-09-19 14:40:33,827 [ERROR] LogOutputStream:74 - [STDERR_REDIRECT] 
2026-09-19 14:40:34,824 [ERROR] LogOutputStream:74 - [STDERR_REDIRECT] [Fatal Error] :1:1: Premature end of file.
2026-09-19 14:40:34,825 [ERROR] LogOutputStream:74 - [STDERR_REDIRECT] 
2026-09-19 14:40:35,824 [ERROR] LogOutputStream:74 - [STDERR_REDIRECT] [Fatal Error] :1:1: Premature end of file.
2026-09-19 14:40:35,824 [ERROR] LogOutputStream:74 - [STDERR_REDIRECT] 
2026-09-19 14:40:36,845 [ERROR] LogOutputStream:74 - [STDERR_REDIRECT] [Fatal Error] :1:1: Premature end of file.
2026-09-19 14:40:36,845 [ERROR] LogOutputStream:74 - [STDERR_REDIRECT] 
2026-09-19 14:40:37,833 [ERROR] LogOutputStream:74 - [STDERR_REDIRECT] [Fatal Error] :1:1: Premature end of file.
2026-09-19 14:40:37,834 [ERROR] LogOutputStream:74 - [STDERR_REDIRECT] 
2026-09-19 14:40:38,840 [ERROR] LogOutputStream:74 - [STDERR_REDIRECT] [Fatal Error] :1:1: Premature end of file.
2026-09-19 14:40:38,841 [ERROR] LogOutputStream:74 - [STDERR_REDIRECT] 
2026-09-19 14:40:39,836 [ERROR] LogOutputStream:74 - [STDERR_REDIRECT] [Fatal Error] :1:1: Premature end of file.
2026-09-19 14:40:39,836 [ERROR] LogOutputStream:74 - [STDERR_REDIRECT] 
2026-09-19 14:40:40,829 [ERROR] LogOutputStream:74 - [STDERR_REDIRECT] [Fatal Error] :1:1: Premature end of file.
2026-09-19 14:40:40,830 [ERROR] LogOutputStream:74 - [STDERR_REDIRECT] 
2026-09-19 14:40:41,838 [ERROR] LogOutputStream:74 - [STDERR_REDIRECT] [Fatal Error] :1:1: Premature end of file.
2026-09-19 14:40:41,838 [ERROR] LogOutputStream:74 - [STDERR_REDIRECT] 
2026-09-19 14:40:42,836 [ERROR] LogOutputStream:74 - [STDERR_REDIRECT] [Fatal Error] :1:1: Premature end of file.
2026-09-19 14:40:42,836 [ERROR] LogOutputStream:74 - [STDERR_REDIRECT] 
2026-09-19 14:40:43,824 [ERROR] LogOutputStream:74 - [STDERR_REDIRECT] [Fatal Error] :1:1: Premature end of file.
2026-09-19 14:40:43,824 [ERROR] LogOutputStream:74 - [STDERR_REDIRECT] 
2026-09-19 14:40:44,835 [ERROR] LogOutputStream:74 - [STDERR_REDIRECT] [Fatal Error] :1:1: Premature end of file.
2026-09-19 14:40:44,837 [ERROR] LogOutputStream:74 - [STDERR_REDIRECT] 
2026-09-19 14:40:45,836 [ERROR] LogOutputStream:74 - [STDERR_REDIRECT] [Fatal Error] :1:1: Premature end of file.
2026-09-19 14:40:45,836 [ERROR] LogOutputStream:74 - [STDERR_REDIRECT] 
2026-09-19 14:40:46,828 [ERROR] LogOutputStream:74 - [STDERR_REDIRECT] [Fatal Error] :1:1: Premature end of file.
2026-09-19 14:40:46,828 [ERROR] LogOutputStream:74 - [STDERR_REDIRECT] 
2026-09-19 14:40:47,824 [ERROR] LogOutputStream:74 - [STDERR_REDIRECT] [Fatal Error] :1:1: Premature end of file.
2026-09-19 14:40:47,825 [ERROR] LogOutputStream:74 - [STDERR_REDIRECT] 
2026-09-19 14:40:48,828 [ERROR] LogOutputStream:74 - [STDERR_REDIRECT] [Fatal Error] :1:1: Premature end of file.
2026-09-19 14:40:48,829 [ERROR] LogOutputStream:74 - [STDERR_REDIRECT] 
2026-09-19 14:40:49,828 [ERROR] LogOutputStream:74 - [STDERR_REDIRECT] [Fatal Error] :1:1: Premature end of file.
2026-09-19 14:40:49,828 [ERROR] LogOutputStream:74 - [STDERR_REDIRECT] 
2026-09-19 14:40:50,826 [ERROR] LogOutputStream:74 - [STDERR_REDIRECT] [Fatal Error] :1:1: Premature end of file.
2026-09-19 14:40:50,827 [ERROR] LogOutputStream:74 - [STDERR_REDIRECT] 
2026-09-19 14:40:51,826 [ERROR] LogOutputStream:74 - [STDERR_REDIRECT] [Fatal Error] :1:1: Premature end of file.
2026-09-19 14:40:51,827 [ERROR] LogOutputStream:74 - [STDERR_REDIRECT] 
2026-09-19 14:40:52,827 [ERROR] LogOutputStream:74 - [STDERR_REDIRECT] [Fatal Error] :1:1: Premature end of file.
2026-09-19 14:40:52,827 [ERROR] LogOutputStream:74 - [STDERR_REDIRECT] 
2026-09-19 14:40:53,823 [ERROR] LogOutputStream:74 - [STDERR_REDIRECT] [Fatal Error] :1:1: Premature end of file.
2026-09-19 14:40:53,823 [ERROR] LogOutputStream:74 - [STDERR_REDIRECT] 
2026-09-19 14:40:54,843 [ERROR] LogOutputStream:74 - [STDERR_REDIRECT] [Fatal Error] :1:1: Premature end of file.
2026-09-19 14:40:54,844 [ERROR] LogOutputStream:74 - [STDERR_REDIRECT] 
2026-09-19 14:40:55,831 [ERROR] LogOutputStream:74 - [STDERR_REDIRECT] [Fatal Error] :1:1: Premature end of file.
2026-09-19 14:40:55,831 [ERROR] LogOutputStream:74 - [STDERR_REDIRECT] 
2026-09-19 14:40:56,829 [ERROR] LogOutputStream:74 - [STDERR_REDIRECT] [Fatal Error] :1:1: Premature end of file.
2026-09-19 14:40:56,830 [ERROR] LogOutputStream:74 - [STDERR_REDIRECT] 
2026-09-19 14:40:57,829 [ERROR] LogOutputStream:74 - [STDERR_REDIRECT] [Fatal Error] :1:1: Premature end of file.
2026-09-19 14:40:57,829 [ERROR] LogOutputStream:74 - [STDERR_REDIRECT] 
2026-09-19 14:40:58,836 [ERROR] LogOutputStream:74 - [STDERR_REDIRECT] [Fatal Error] :1:1: Premature end of file.
2026-09-19 14:40:58,837 [ERROR] LogOutputStream:74 - [STDERR_REDIRECT] 
2026-09-19 14:40:59,823 [ERROR] LogOutputStream:74 - [STDERR_REDIRECT] [Fatal Error] :1:1: Premature end of file.
2026-09-19 14:40:59,823 [ERROR] LogOutputStream:74 - [STDERR_REDIRECT] 
2026-09-19 14:41:00,821 [ERROR] LogOutputStream:74 - [STDERR_REDIRECT] [Fatal Error] :1:1: Premature end of file.
2026-09-19 14:41:00,821 [ERROR] LogOutputStream:74 - [STDERR_REDIRECT] 
2026-09-19 14:41:01,831 [ERROR] LogOutputStream:74 - [STDERR_REDIRECT] [Fatal Error] :1:1: Premature end of file.
2026-09-19 14:41:01,831 [ERROR] LogOutputStream:74 - [STDERR_REDIRECT] 
2026-09-19 14:41:02,821 [ERROR] LogOutputStream:74 - [STDERR_REDIRECT] [Fatal Error] :1:1: Premature end of file.
2026-09-19 14:41:02,821 [ERROR] LogOutputStream:74 - [STDERR_REDIRECT] 
2026-09-19 14:41:03,825 [ERROR] LogOutputStream:74 - [STDERR_REDIRECT] [Fatal Error] :1:1: Premature end of file.
2026-09-19 14:41:03,825 [ERROR] LogOutputStream:74 - [STDERR_REDIRECT] 
2026-09-19 14:41:04,823 [ERROR] LogOutputStream:74 - [STDERR_REDIRECT] [Fatal Error] :1:1: Premature end of file.
2026-09-19 14:41:04,824 [ERROR] LogOutputStream:74 - [STDERR_REDIRECT] 
2026-09-19 14:41:05,832 [ERROR] LogOutputStream:74 - [STDERR_REDIRECT] [Fatal Error] :1:1: Premature end of file.
2026-09-19 14:41:05,833 [ERROR] LogOutputStream:74 - [STDERR_REDIRECT] 
2026-09-19 14:41:06,824 [ERROR] LogOutputStream:74 - [STDERR_REDIRECT] [Fatal Error] :1:1: Premature end of file.
2026-09-19 14:41:06,825 [ERROR] LogOutputStream:74 - [STDERR_REDIRECT] 
2026-09-19 14:41:07,821 [ERROR] LogOutputStream:74 - [STDERR_REDIRECT] [Fatal Error] :1:1: Premature end of file.
2026-09-19 14:41:07,823 [ERROR] LogOutputStream:74 - [STDERR_REDIRECT] 
2026-09-19 14:41:08,818 [ERROR] LogOutputStream:74 - [STDERR_REDIRECT] [Fatal Error] :1:1: Premature end of file.
2026-09-19 14:41:08,818 [ERROR] LogOutputStream:74 - [STDERR_REDIRECT] 
2026-09-19 14:41:09,827 [ERROR] LogOutputStream:74 - [STDERR_REDIRECT] [Fatal Error] :1:1: Premature end of file.
2026-09-19 14:41:09,829 [ERROR] LogOutputStream:74 - [STDERR_REDIRECT] 
2026-09-19 14:41:10,821 [ERROR] LogOutputStream:74 - [STDERR_REDIRECT] [Fatal Error] :1:1: Premature end of file.
2026-09-19 14:41:10,821 [ERROR] LogOutputStream:74 - [STDERR_REDIRECT] 
2026-09-19 14:41:11,821 [ERROR] LogOutputStream:74 - [STDERR_REDIRECT] [Fatal Error] :1:1: Premature end of file.
2026-09-19 14:41:11,821 [ERROR] LogOutputStream:74 - [STDERR_REDIRECT] 
2026-09-19 14:41:12,820 [ERROR] LogOutputStream:74 - [STDERR_REDIRECT] [Fatal Error] :1:1: Premature end of file.
2026-09-19 14:41:12,820 [ERROR] LogOutputStream:74 - [STDERR_REDIRECT] 
2026-09-19 14:41:13,819 [ERROR] LogOutputStream:74 - [STDERR_REDIRECT] [Fatal Error] :1:1: Premature end of file.
2026-09-19 14:41:13,819 [ERROR] LogOutputStream:74 - [STDERR_REDIRECT] 
2026-09-19 14:41:14,811 [ERROR] LogOutputStream:74 - [STDERR_REDIRECT] [Fatal Error] :1:1: Premature end of file.
2026-09-19 14:41:14,811 [ERROR] LogOutputStream:74 - [STDERR_REDIRECT] 
2026-09-19 14:41:15,823 [ERROR] LogOutputStream:74 - [STDERR_REDIRECT] [Fatal Error] :1:1: Premature end of file.
2026-09-19 14:41:15,823 [ERROR] LogOutputStream:74 - [STDERR_REDIRECT] 
2026-09-19 14:41:16,823 [ERROR] LogOutputStream:74 - [STDERR_REDIRECT] [Fatal Error] :1:1: Premature end of file.
2026-09-19 14:41:16,824 [ERROR] LogOutputStream:74 - [STDERR_REDIRECT] 
2026-09-19 14:41:17,828 [ERROR] LogOutputStream:74 - [STDERR_REDIRECT] [Fatal Error] :1:1: Premature end of file.
2026-09-19 14:41:17,828 [ERROR] LogOutputStream:74 - [STDERR_REDIRECT] 
2026-09-19 14:41:18,828 [ERROR] LogOutputStream:74 - [STDERR_REDIRECT] [Fatal Error] :1:1: Premature end of file.
2026-09-19 14:41:18,828 [ERROR] LogOutputStream:74 - [STDERR_REDIRECT] 
2026-09-19 14:41:19,824 [ERROR] LogOutputStream:74 - [STDERR_REDIRECT] [Fatal Error] :1:1: Premature end of file.
2026-09-19 14:41:19,824 [ERROR] LogOutputStream:74 - [STDERR_REDIRECT] 
2026-09-19 14:41:20,822 [ERROR] LogOutputStream:74 - [STDERR_REDIRECT] [Fatal Error] :1:1: Premature end of file.
2026-09-19 14:41:20,822 [ERROR] LogOutputStream:74 - [STDERR_REDIRECT] 
2026-09-19 14:41:21,821 [ERROR] LogOutputStream:74 - [STDERR_REDIRECT] [Fatal Error] :1:1: Premature end of file.
2026-09-19 14:41:21,821 [ERROR] LogOutputStream:74 - [STDERR_REDIRECT] 
2026-09-19 14:41:22,816 [ERROR] LogOutputStream:74 - [STDERR_REDIRECT] [Fatal Error] :1:1: Premature end of file.
2026-09-19 14:41:22,817 [ERROR] LogOutputStream:74 - [STDERR_REDIRECT] 
2026-09-19 14:41:23,830 [ERROR] LogOutputStream:74 - [STDERR_REDIRECT] [Fatal Error] :1:1: Premature end of file.
2026-09-19 14:41:23,831 [ERROR] LogOutputStream:74 - [STDERR_REDIRECT] 
2026-09-19 14:41:24,830 [ERROR] LogOutputStream:74 - [STDERR_REDIRECT] [Fatal Error] :1:1: Premature end of file.
2026-09-19 14:41:24,830 [ERROR] LogOutputStream:74 - [STDERR_REDIRECT] 
2026-09-19 14:41:25,823 [ERROR] LogOutputStream:74 - [STDERR_REDIRECT] [Fatal Error] :1:1: Premature end of file.
2026-09-19 14:41:25,823 [ERROR] LogOutputStream:74 - [STDERR_REDIRECT] 
2026-09-19 14:41:26,821 [ERROR] LogOutputStream:74 - [STDERR_REDIRECT] [Fatal Error] :1:1: Premature end of file.
2026-09-19 14:41:26,823 [ERROR] LogOutputStream:74 - [STDERR_REDIRECT] 
2026-09-19 14:41:27,819 [ERROR] LogOutputStream:74 - [STDERR_REDIRECT] [Fatal Error] :1:1: Premature end of file.
2026-09-19 14:41:27,819 [ERROR] LogOutputStream:74 - [STDERR_REDIRECT] 
2026-09-19 14:41:28,816 [ERROR] LogOutputStream:74 - [STDERR_REDIRECT] [Fatal Error] :1:1: Premature end of file.
2026-09-19 14:41:28,817 [ERROR] LogOutputStream:74 - [STDERR_REDIRECT] 
2026-09-19 14:41:29,827 [ERROR] LogOutputStream:74 - [STDERR_REDIRECT] [Fatal Error] :1:1: Premature end of file.
2026-09-19 14:41:29,827 [ERROR] LogOutputStream:74 - [STDERR_REDIRECT] 
2026-09-19 14:41:30,830 [ERROR] LogOutputStream:74 - [STDERR_REDIRECT] [Fatal Error] :1:1: Premature end of file.
2026-09-19 14:41:30,830 [ERROR] LogOutputStream:74 - [STDERR_REDIRECT] 
2026-09-19 14:41:31,816 [ERROR] LogOutputStream:74 - [STDERR_REDIRECT] [Fatal Error] :1:1: Premature end of file.
2026-09-19 14:41:31,816 [ERROR] LogOutputStream:74 - [STDERR_REDIRECT] 
2026-09-19 14:41:32,823 [ERROR] LogOutputStream:74 - [STDERR_REDIRECT] [Fatal Error] :1:1: Premature end of file.
2026-09-19 14:41:32,823 [ERROR] LogOutputStream:74 - [STDERR_REDIRECT] 
2026-09-19 14:41:33,835 [ERROR] LogOutputStream:74 - [STDERR_REDIRECT] [Fatal Error] :1:1: Premature end of file.
2026-09-19 14:41:33,835 [ERROR] LogOutputStream:74 - [STDERR_REDIRECT] 
2026-09-19 14:41:34,830 [ERROR] LogOutputStream:74 - [STDERR_REDIRECT] [Fatal Error] :1:1: Premature end of file.
2026-09-19 14:41:34,830 [ERROR] LogOutputStream:74 - [STDERR_REDIRECT] 
2026-09-19 14:41:35,823 [ERROR] LogOutputStream:74 - [STDERR_REDIRECT] [Fatal Error] :1:1: Premature end of file.
2026-09-19 14:41:35,823 [ERROR] LogOutputStream:74 - [STDERR_REDIRECT] 
2026-09-19 14:41:36,819 [ERROR] LogOutputStream:74 - [STDERR_REDIRECT] [Fatal Error] :1:1: Premature end of file.
2026-09-19 14:41:36,819 [ERROR] LogOutputStream:74 - [STDERR_REDIRECT] 
2026-09-19 14:41:37,828 [ERROR] LogOutputStream:74 - [STDERR_REDIRECT] [Fatal Error] :1:1: Premature end of file.
2026-09-19 14:41:37,829 [ERROR] LogOutputStream:74 - [STDERR_REDIRECT] 
2026-09-19 14:41:38,828 [ERROR] LogOutputStream:74 - [STDERR_REDIRECT] [Fatal Error] :1:1: Premature end of file.
2026-09-19 14:41:38,828 [ERROR] LogOutputStream:74 - [STDERR_REDIRECT] 
2026-09-19 14:41:39,826 [ERROR] LogOutputStream:74 - [STDERR_REDIRECT] [Fatal Error] :1:1: Premature end of file.
2026-09-19 14:41:39,827 [ERROR] LogOutputStream:74 - [STDERR_REDIRECT] 
2026-09-19 14:41:40,820 [ERROR] LogOutputStream:74 - [STDERR_REDIRECT] [Fatal Error] :1:1: Premature end of file.
2026-09-19 14:41:40,820 [ERROR] LogOutputStream:74 - [STDERR_REDIRECT] 
2026-09-19 14:41:41,846 [ERROR] LogOutputStream:74 - [STDERR_REDIRECT] [Fatal Error] :1:1: Premature end of file.
2026-09-19 14:41:41,846 [ERROR] LogOutputStream:74 - [STDERR_REDIRECT] 
2026-09-19 14:41:42,822 [ERROR] LogOutputStream:74 - [STDERR_REDIRECT] [Fatal Error] :1:1: Premature end of file.
2026-09-19 14:41:42,822 [ERROR] LogOutputStream:74 - [STDERR_REDIRECT] 
2026-09-19 14:41:43,820 [ERROR] LogOutputStream:74 - [STDERR_REDIRECT] [Fatal Error] :1:1: Premature end of file.
2026-09-19 14:41:43,820 [ERROR] LogOutputStream:74 - [STDERR_REDIRECT] 
2026-09-19 14:41:44,817 [ERROR] LogOutputStream:74 - [STDERR_REDIRECT] [Fatal Error] :1:1: Premature end of file.
2026-09-19 14:41:44,817 [ERROR] LogOutputStream:74 - [STDERR_REDIRECT] 
2026-09-19 14:41:45,824 [ERROR] LogOutputStream:74 - [STDERR_REDIRECT] [Fatal Error] :1:1: Premature end of file.
2026-09-19 14:41:45,825 [ERROR] LogOutputStream:74 - [STDERR_REDIRECT] 
2026-09-19 14:41:46,818 [ERROR] LogOutputStream:74 - [STDERR_REDIRECT] [Fatal Error] :1:1: Premature end of file.
2026-09-19 14:41:46,818 [ERROR] LogOutputStream:74 - [STDERR_REDIRECT] 
2026-09-19 14:41:47,821 [ERROR] LogOutputStream:74 - [STDERR_REDIRECT] [Fatal Error] :1:1: Premature end of file.
2026-09-19 14:41:47,822 [ERROR] LogOutputStream:74 - [STDERR_REDIRECT] 
2026-09-19 14:41:48,827 [ERROR] LogOutputStream:74 - [STDERR_REDIRECT] [Fatal Error] :1:1: Premature end of file.
2026-09-19 14:41:48,827 [ERROR] LogOutputStream:74 - [STDERR_REDIRECT] 
2026-09-19 14:41:49,823 [ERROR] LogOutputStream:74 - [STDERR_REDIRECT] [Fatal Error] :1:1: Premature end of file.
2026-09-19 14:41:49,823 [ERROR] LogOutputStream:74 - [STDERR_REDIRECT] 
2026-09-19 14:41:50,816 [ERROR] LogOutputStream:74 - [STDERR_REDIRECT] [Fatal Error] :1:1: Premature end of file.
2026-09-19 14:41:50,816 [ERROR] LogOutputStream:74 - [STDERR_REDIRECT] 
2026-09-19 14:41:51,816 [ERROR] LogOutputStream:74 - [STDERR_REDIRECT] [Fatal Error] :1:1: Premature end of file.
2026-09-19 14:41:51,816 [ERROR] LogOutputStream:74 - [STDERR_REDIRECT] 
2026-09-19 14:41:52,827 [ERROR] LogOutputStream:74 - [STDERR_REDIRECT] [Fatal Error] :1:1: Premature end of file.
2026-09-19 14:41:52,827 [ERROR] LogOutputStream:74 - [STDERR_REDIRECT] 
2026-09-19 14:41:53,820 [ERROR] LogOutputStream:74 - [STDERR_REDIRECT] [Fatal Error] :1:1: Premature end of file.
2026-09-19 14:41:53,820 [ERROR] LogOutputStream:74 - [STDERR_REDIRECT] 
2026-09-19 14:41:54,816 [ERROR] LogOutputStream:74 - [STDERR_REDIRECT] [Fatal Error] :1:1: Premature end of file.
2026-09-19 14:41:54,816 [ERROR] LogOutputStream:74 - [STDERR_REDIRECT] 
2026-09-19 14:41:55,815 [ERROR] LogOutputStream:74 - [STDERR_REDIRECT] [Fatal Error] :1:1: Premature end of file.
2026-09-19 14:41:55,816 [ERROR] LogOutputStream:74 - [STDERR_REDIRECT] 
2026-09-19 14:41:56,824 [ERROR] LogOutputStream:74 - [STDERR_REDIRECT] [Fatal Error] :1:1: Premature end of file.
2026-09-19 14:41:56,824 [ERROR] LogOutputStream:74 - [STDERR_REDIRECT] 
2026-09-19 14:41:57,822 [ERROR] LogOutputStream:74 - [STDERR_REDIRECT] [Fatal Error] :1:1: Premature end of file.
2026-09-19 14:41:57,822 [ERROR] LogOutputStream:74 - [STDERR_REDIRECT] 
2026-09-19 14:41:58,818 [ERROR] LogOutputStream:74 - [STDERR_REDIRECT] [Fatal Error] :1:1: Premature end of file.
2026-09-19 14:41:58,818 [ERROR] LogOutputStream:74 - [STDERR_REDIRECT] 
2026-09-19 14:41:59,829 [ERROR] LogOutputStream:74 - [STDERR_REDIRECT] [Fatal Error] :1:1: Premature end of file.
2026-09-19 14:41:59,829 [ERROR] LogOutputStream:74 - [STDERR_REDIRECT] 
2026-09-19 14:42:00,816 [ERROR] LogOutputStream:74 - [STDERR_REDIRECT] [Fatal Error] :1:1: Premature end of file.
2026-09-19 14:42:00,816 [ERROR] LogOutputStream:74 - [STDERR_REDIRECT] 
2026-09-19 14:42:01,820 [ERROR] LogOutputStream:74 - [STDERR_REDIRECT] [Fatal Error] :1:1: Premature end of file.
2026-09-19 14:42:01,820 [ERROR] LogOutputStream:74 - [STDERR_REDIRECT] 
2026-09-19 14:42:02,823 [ERROR] LogOutputStream:74 - [STDERR_REDIRECT] [Fatal Error] :1:1: Premature end of file.
2026-09-19 14:42:02,824 [ERROR] LogOutputStream:74 - [STDERR_REDIRECT] 
2026-09-19 14:42:03,820 [ERROR] LogOutputStream:74 - [STDERR_REDIRECT] [Fatal Error] :1:1: Premature end of file.
2026-09-19 14:42:03,820 [ERROR] LogOutputStream:74 - [STDERR_REDIRECT] 
2026-09-19 14:42:04,831 [ERROR] LogOutputStream:74 - [STDERR_REDIRECT] [Fatal Error] :1:1: Premature end of file.
2026-09-19 14:42:04,831 [ERROR] LogOutputStream:74 - [STDERR_REDIRECT] 
2026-09-19 14:42:05,821 [ERROR] LogOutputStream:74 - [STDERR_REDIRECT] [Fatal Error] :1:1: Premature end of file.
2026-09-19 14:42:05,821 [ERROR] LogOutputStream:74 - [STDERR_REDIRECT] 
2026-09-19 14:42:06,816 [ERROR] LogOutputStream:74 - [STDERR_REDIRECT] [Fatal Error] :1:1: Premature end of file.
2026-09-19 14:42:06,816 [ERROR] LogOutputStream:74 - [STDERR_REDIRECT] 
2026-09-19 14:42:07,831 [ERROR] LogOutputStream:74 - [STDERR_REDIRECT] [Fatal Error] :1:1: Premature end of file.
2026-09-19 14:42:07,832 [ERROR] LogOutputStream:74 - [STDERR_REDIRECT] 
2026-09-19 14:42:08,822 [ERROR] LogOutputStream:74 - [STDERR_REDIRECT] [Fatal Error] :1:1: Premature end of file.
2026-09-19 14:42:08,823 [ERROR] LogOutputStream:74 - [STDERR_REDIRECT] 
2026-09-19 14:42:09,817 [ERROR] LogOutputStream:74 - [STDERR_REDIRECT] [Fatal Error] :1:1: Premature end of file.
2026-09-19 14:42:09,817 [ERROR] LogOutputStream:74 - [STDERR_REDIRECT] 
2026-09-19 14:42:10,821 [ERROR] LogOutputStream:74 - [STDERR_REDIRECT] [Fatal Error] :1:1: Premature end of file.
2026-09-19 14:42:10,821 [ERROR] LogOutputStream:74 - [STDERR_REDIRECT] 
2026-09-19 14:42:11,835 [ERROR] LogOutputStream:74 - [STDERR_REDIRECT] [Fatal Error] :1:1: Premature end of file.
2026-09-19 14:42:11,835 [ERROR] LogOutputStream:74 - [STDERR_REDIRECT] 
2026-09-19 14:42:12,831 [ERROR] LogOutputStream:74 - [STDERR_REDIRECT] [Fatal Error] :1:1: Premature end of file.
2026-09-19 14:42:12,832 [ERROR] LogOutputStream:74 - [STDERR_REDIRECT] 
2026-09-19 14:42:13,824 [ERROR] LogOutputStream:74 - [STDERR_REDIRECT] [Fatal Error] :1:1: Premature end of file.
2026-09-19 14:42:13,825 [ERROR] LogOutputStream:74 - [STDERR_REDIRECT] 
2026-09-19 14:42:14,819 [ERROR] LogOutputStream:74 - [STDERR_REDIRECT] [Fatal Error] :1:1: Premature end of file.
2026-09-19 14:42:14,819 [ERROR] LogOutputStream:74 - [STDERR_REDIRECT] 
2026-09-19 14:42:15,827 [ERROR] LogOutputStream:74 - [STDERR_REDIRECT] [Fatal Error] :1:1: Premature end of file.
2026-09-19 14:42:15,828 [ERROR] LogOutputStream:74 - [STDERR_REDIRECT] 
2026-09-19 14:42:16,825 [ERROR] LogOutputStream:74 - [STDERR_REDIRECT] [Fatal Error] :1:1: Premature end of file.
2026-09-19 14:42:16,825 [ERROR] LogOutputStream:74 - [STDERR_REDIRECT] 
2026-09-19 14:42:17,828 [ERROR] LogOutputStream:74 - [STDERR_REDIRECT] [Fatal Error] :1:1: Premature end of file.
2026-09-19 14:42:17,828 [ERROR] LogOutputStream:74 - [STDERR_REDIRECT] 
2026-09-19 14:42:18,822 [ERROR] LogOutputStream:74 - [STDERR_REDIRECT] [Fatal Error] :1:1: Premature end of file.
2026-09-19 14:42:18,822 [ERROR] LogOutputStream:74 - [STDERR_REDIRECT] 
2026-09-19 14:42:19,831 [ERROR] LogOutputStream:74 - [STDERR_REDIRECT] [Fatal Error] :1:1: Premature end of file.
2026-09-19 14:42:19,832 [ERROR] LogOutputStream:74 - [STDERR_REDIRECT] 
2026-09-19 14:42:20,829 [ERROR] LogOutputStream:74 - [STDERR_REDIRECT] [Fatal Error] :1:1: Premature end of file.
2026-09-19 14:42:20,830 [ERROR] LogOutputStream:74 - [STDERR_REDIRECT] 
2026-09-19 14:42:21,824 [ERROR] LogOutputStream:74 - [STDERR_REDIRECT] [Fatal Error] :1:1: Premature end of file.
2026-09-19 14:42:21,825 [ERROR] LogOutputStream:74 - [STDERR_REDIRECT] 
2026-09-19 14:42:22,821 [ERROR] LogOutputStream:74 - [STDERR_REDIRECT] [Fatal Error] :1:1: Premature end of file.
2026-09-19 14:42:22,821 [ERROR] LogOutputStream:74 - [STDERR_REDIRECT] 
2026-09-19 14:42:23,831 [ERROR] LogOutputStream:74 - [STDERR_REDIRECT] [Fatal Error] :1:1: Premature end of file.
2026-09-19 14:42:23,831 [ERROR] LogOutputStream:74 - [STDERR_REDIRECT] 
2026-09-19 14:42:24,828 [ERROR] LogOutputStream:74 - [STDERR_REDIRECT] [Fatal Error] :1:1: Premature end of file.
2026-09-19 14:42:24,829 [ERROR] LogOutputStream:74 - [STDERR_REDIRECT] 
2026-09-19 14:42:25,821 [ERROR] LogOutputStream:74 - [STDERR_REDIRECT] [Fatal Error] :1:1: Premature end of file.
2026-09-19 14:42:25,822 [ERROR] LogOutputStream:74 - [STDERR_REDIRECT] 
2026-09-19 14:42:26,833 [ERROR] LogOutputStream:74 - [STDERR_REDIRECT] [Fatal Error] :1:1: Premature end of file.
2026-09-19 14:42:26,833 [ERROR] LogOutputStream:74 - [STDERR_REDIRECT] 
2026-09-19 14:42:27,830 [ERROR] LogOutputStream:74 - [STDERR_REDIRECT] [Fatal Error] :1:1: Premature end of file.
2026-09-19 14:42:27,831 [ERROR] LogOutputStream:74 - [STDERR_REDIRECT] 
2026-09-19 14:42:28,828 [ERROR] LogOutputStream:74 - [STDERR_REDIRECT] [Fatal Error] :1:1: Premature end of file.
2026-09-19 14:42:28,828 [ERROR] LogOutputStream:74 - [STDERR_REDIRECT] 
2026-09-19 14:42:29,821 [ERROR] LogOutputStream:74 - [STDERR_REDIRECT] [Fatal Error] :1:1: Premature end of file.
2026-09-19 14:42:29,821 [ERROR] LogOutputStream:74 - [STDERR_REDIRECT] 
2026-09-19 14:42:30,828 [ERROR] LogOutputStream:74 - [STDERR_REDIRECT] [Fatal Error] :1:1: Premature end of file.
2026-09-19 14:42:30,829 [ERROR] LogOutputStream:74 - [STDERR_REDIRECT] 
2026-09-19 14:42:31,822 [ERROR] LogOutputStream:74 - [STDERR_REDIRECT] [Fatal Error] :1:1: Premature end of file.
2026-09-19 14:42:31,823 [ERROR] LogOutputStream:74 - [STDERR_REDIRECT] 
2026-09-19 14:42:32,835 [ERROR] LogOutputStream:74 - [STDERR_REDIRECT] [Fatal Error] :1:1: Premature end of file.
2026-09-19 14:42:32,835 [ERROR] LogOutputStream:74 - [STDERR_REDIRECT] 
2026-09-19 14:42:33,822 [ERROR] LogOutputStream:74 - [STDERR_REDIRECT] [Fatal Error] :1:1: Premature end of file.
2026-09-19 14:42:33,823 [ERROR] LogOutputStream:74 - [STDERR_REDIRECT] 
2026-09-19 14:42:34,829 [ERROR] LogOutputStream:74 - [STDERR_REDIRECT] [Fatal Error] :1:1: Premature end of file.
2026-09-19 14:42:34,831 [ERROR] LogOutputStream:74 - [STDERR_REDIRECT] 
2026-09-19 14:42:35,841 [ERROR] LogOutputStream:74 - [STDERR_REDIRECT] [Fatal Error] :1:1: Premature end of file.
2026-09-19 14:42:35,841 [ERROR] LogOutputStream:74 - [STDERR_REDIRECT] 
2026-09-19 14:42:36,828 [ERROR] LogOutputStream:74 - [STDERR_REDIRECT] [Fatal Error] :1:1: Premature end of file.
2026-09-19 14:42:36,828 [ERROR] LogOutputStream:74 - [STDERR_REDIRECT] 
2026-09-19 14:42:37,823 [ERROR] LogOutputStream:74 - [STDERR_REDIRECT] [Fatal Error] :1:1: Premature end of file.
2026-09-19 14:42:37,823 [ERROR] LogOutputStream:74 - [STDERR_REDIRECT] 
2026-09-19 14:42:38,819 [ERROR] LogOutputStream:74 - [STDERR_REDIRECT] [Fatal Error] :1:1: Premature end of file.
2026-09-19 14:42:38,819 [ERROR] LogOutputStream:74 - [STDERR_REDIRECT] 
2026-09-19 14:42:39,832 [ERROR] LogOutputStream:74 - [STDERR_REDIRECT] [Fatal Error] :1:1: Premature end of file.
2026-09-19 14:42:39,832 [ERROR] LogOutputStream:74 - [STDERR_REDIRECT] 
2026-09-19 14:42:40,829 [ERROR] LogOutputStream:74 - [STDERR_REDIRECT] [Fatal Error] :1:1: Premature end of file.
2026-09-19 14:42:40,830 [ERROR] LogOutputStream:74 - [STDERR_REDIRECT] 
2026-09-19 14:42:41,823 [ERROR] LogOutputStream:74 - [STDERR_REDIRECT] [Fatal Error] :1:1: Premature end of file.
2026-09-19 14:42:41,824 [ERROR] LogOutputStream:74 - [STDERR_REDIRECT] 
2026-09-19 14:42:42,815 [ERROR] LogOutputStream:74 - [STDERR_REDIRECT] [Fatal Error] :1:1: Premature end of file.
2026-09-19 14:42:42,815 [ERROR] LogOutputStream:74 - [STDERR_REDIRECT] 
2026-09-19 14:42:43,832 [ERROR] LogOutputStream:74 - [STDERR_REDIRECT] [Fatal Error] :1:1: Premature end of file.
2026-09-19 14:42:43,832 [ERROR] LogOutputStream:74 - [STDERR_REDIRECT] 
2026-09-19 14:42:44,826 [ERROR] LogOutputStream:74 - [STDERR_REDIRECT] [Fatal Error] :1:1: Premature end of file.
2026-09-19 14:42:44,826 [ERROR] LogOutputStream:74 - [STDERR_REDIRECT] 
2026-09-19 14:42:45,833 [ERROR] LogOutputStream:74 - [STDERR_REDIRECT] [Fatal Error] :1:1: Premature end of file.
2026-09-19 14:42:45,833 [ERROR] LogOutputStream:74 - [STDERR_REDIRECT] 
2026-09-19 14:42:46,827 [ERROR] LogOutputStream:74 - [STDERR_REDIRECT] [Fatal Error] :1:1: Premature end of file.
2026-09-19 14:42:46,827 [ERROR] LogOutputStream:74 - [STDERR_REDIRECT] 
2026-09-19 14:42:47,824 [ERROR] LogOutputStream:74 - [STDERR_REDIRECT] [Fatal Error] :1:1: Premature end of file.
2026-09-19 14:42:47,825 [ERROR] LogOutputStream:74 - [STDERR_REDIRECT] 
2026-09-19 14:42:48,832 [ERROR] LogOutputStream:74 - [STDERR_REDIRECT] [Fatal Error] :1:1: Premature end of file.
2026-09-19 14:42:48,832 [ERROR] LogOutputStream:74 - [STDERR_REDIRECT] 
2026-09-19 14:42:49,827 [ERROR] LogOutputStream:74 - [STDERR_REDIRECT] [Fatal Error] :1:1: Premature end of file.
2026-09-19 14:42:49,828 [ERROR] LogOutputStream:74 - [STDERR_REDIRECT] 
2026-09-19 14:42:50,821 [ERROR] LogOutputStream:74 - [STDERR_REDIRECT] [Fatal Error] :1:1: Premature end of file.
2026-09-19 14:42:50,821 [ERROR] LogOutputStream:74 - [STDERR_REDIRECT] 
2026-09-19 14:42:51,819 [ERROR] LogOutputStream:74 - [STDERR_REDIRECT] [Fatal Error] :1:1: Premature end of file.
2026-09-19 14:42:51,820 [ERROR] LogOutputStream:74 - [STDERR_REDIRECT] 
2026-09-19 14:42:52,835 [ERROR] LogOutputStream:74 - [STDERR_REDIRECT] [Fatal Error] :1:1: Premature end of file.
2026-09-19 14:42:52,835 [ERROR] LogOutputStream:74 - [STDERR_REDIRECT] 
2026-09-19 14:42:53,827 [ERROR] LogOutputStream:74 - [STDERR_REDIRECT] [Fatal Error] :1:1: Premature end of file.
2026-09-19 14:42:53,828 [ERROR] LogOutputStream:74 - [STDERR_REDIRECT] 
2026-09-19 14:42:54,828 [ERROR] LogOutputStream:74 - [STDERR_REDIRECT] [Fatal Error] :1:1: Premature end of file.
2026-09-19 14:42:54,829 [ERROR] LogOutputStream:74 - [STDERR_REDIRECT] 
2026-09-19 14:42:55,818 [ERROR] LogOutputStream:74 - [STDERR_REDIRECT] [Fatal Error] :1:1: Premature end of file.
2026-09-19 14:42:55,818 [ERROR] LogOutputStream:74 - [STDERR_REDIRECT] 
2026-09-19 14:42:56,830 [ERROR] LogOutputStream:74 - [STDERR_REDIRECT] [Fatal Error] :1:1: Premature end of file.
2026-09-19 14:42:56,830 [ERROR] LogOutputStream:74 - [STDERR_REDIRECT] 
2026-09-19 14:42:57,825 [ERROR] LogOutputStream:74 - [STDERR_REDIRECT] [Fatal Error] :1:1: Premature end of file.
2026-09-19 14:42:57,825 [ERROR] LogOutputStream:74 - [STDERR_REDIRECT] 
2026-09-19 14:42:58,820 [ERROR] LogOutputStream:74 - [STDERR_REDIRECT] [Fatal Error] :1:1: Premature end of file.
2026-09-19 14:42:58,821 [ERROR] LogOutputStream:74 - [STDERR_REDIRECT] 
2026-09-19 14:42:59,819 [ERROR] LogOutputStream:74 - [STDERR_REDIRECT] [Fatal Error] :1:1: Premature end of file.
2026-09-19 14:42:59,819 [ERROR] LogOutputStream:74 - [STDERR_REDIRECT] 
2026-09-19 14:43:00,820 [ERROR] LogOutputStream:74 - [STDERR_REDIRECT] [Fatal Error] :1:1: Premature end of file.
2026-09-19 14:43:00,820 [ERROR] LogOutputStream:74 - [STDERR_REDIRECT] 
2026-09-19 14:43:01,826 [ERROR] LogOutputStream:74 - [STDERR_REDIRECT] [Fatal Error] :1:1: Premature end of file.
2026-09-19 14:43:01,826 [ERROR] LogOutputStream:74 - [STDERR_REDIRECT] 
2026-09-19 14:43:02,826 [ERROR] LogOutputStream:74 - [STDERR_REDIRECT] [Fatal Error] :1:1: Premature end of file.
2026-09-19 14:43:02,826 [ERROR] LogOutputStream:74 - [STDERR_REDIRECT] 
2026-09-19 14:43:03,816 [ERROR] LogOutputStream:74 - [STDERR_REDIRECT] [Fatal Error] :1:1: Premature end of file.
2026-09-19 14:43:03,816 [ERROR] LogOutputStream:74 - [STDERR_REDIRECT] 
2026-09-19 14:43:04,812 [ERROR] LogOutputStream:74 - [STDERR_REDIRECT] [Fatal Error] :1:1: Premature end of file.
2026-09-19 14:43:04,813 [ERROR] LogOutputStream:74 - [STDERR_REDIRECT] 
2026-09-19 14:43:05,836 [ERROR] LogOutputStream:74 - [STDERR_REDIRECT] [Fatal Error] :1:1: Premature end of file.
2026-09-19 14:43:05,836 [ERROR] LogOutputStream:74 - [STDERR_REDIRECT] 
2026-09-19 14:43:06,825 [ERROR] LogOutputStream:74 - [STDERR_REDIRECT] [Fatal Error] :1:1: Premature end of file.
2026-09-19 14:43:06,825 [ERROR] LogOutputStream:74 - [STDERR_REDIRECT] 
2026-09-19 14:43:07,825 [ERROR] LogOutputStream:74 - [STDERR_REDIRECT] [Fatal Error] :1:1: Premature end of file.
2026-09-19 14:43:07,825 [ERROR] LogOutputStream:74 - [STDERR_REDIRECT] 
2026-09-19 14:43:08,836 [ERROR] LogOutputStream:74 - [STDERR_REDIRECT] [Fatal Error] :1:1: Premature end of file.
2026-09-19 14:43:08,837 [ERROR] LogOutputStream:74 - [STDERR_REDIRECT] 
2026-09-19 14:43:09,826 [ERROR] LogOutputStream:74 - [STDERR_REDIRECT] [Fatal Error] :1:1: Premature end of file.
2026-09-19 14:43:09,827 [ERROR] LogOutputStream:74 - [STDERR_REDIRECT] 
2026-09-19 14:43:10,814 [ERROR] LogOutputStream:74 - [STDERR_REDIRECT] [Fatal Error] :1:1: Premature end of file.
2026-09-19 14:43:10,814 [ERROR] LogOutputStream:74 - [STDERR_REDIRECT] 
2026-09-19 14:43:11,837 [ERROR] LogOutputStream:74 - [STDERR_REDIRECT] [Fatal Error] :1:1: Premature end of file.
2026-09-19 14:43:11,837 [ERROR] LogOutputStream:74 - [STDERR_REDIRECT] 
2026-09-19 14:43:12,829 [ERROR] LogOutputStream:74 - [STDERR_REDIRECT] [Fatal Error] :1:1: Premature end of file.
2026-09-19 14:43:12,829 [ERROR] LogOutputStream:74 - [STDERR_REDIRECT] 
2026-09-19 14:43:13,826 [ERROR] LogOutputStream:74 - [STDERR_REDIRECT] [Fatal Error] :1:1: Premature end of file.
2026-09-19 14:43:13,826 [ERROR] LogOutputStream:74 - [STDERR_REDIRECT] 
2026-09-19 14:43:14,823 [ERROR] LogOutputStream:74 - [STDERR_REDIRECT] [Fatal Error] :1:1: Premature end of file.
2026-09-19 14:43:14,824 [ERROR] LogOutputStream:74 - [STDERR_REDIRECT] 
2026-09-19 14:43:15,818 [ERROR] LogOutputStream:74 - [STDERR_REDIRECT] [Fatal Error] :1:1: Premature end of file.
2026-09-19 14:43:15,820 [ERROR] LogOutputStream:74 - [STDERR_REDIRECT] 
2026-09-19 14:43:16,830 [ERROR] LogOutputStream:74 - [STDERR_REDIRECT] [Fatal Error] :1:1: Premature end of file.
2026-09-19 14:43:16,832 [ERROR] LogOutputStream:74 - [STDERR_REDIRECT] 
2026-09-19 14:43:17,830 [ERROR] LogOutputStream:74 - [STDERR_REDIRECT] [Fatal Error] :1:1: Premature end of file.
2026-09-19 14:43:17,830 [ERROR] LogOutputStream:74 - [STDERR_REDIRECT] 
2026-09-19 14:43:18,825 [ERROR] LogOutputStream:74 - [STDERR_REDIRECT] [Fatal Error] :1:1: Premature end of file.
2026-09-19 14:43:18,825 [ERROR] LogOutputStream:74 - [STDERR_REDIRECT] 
2026-09-19 14:43:19,831 [ERROR] LogOutputStream:74 - [STDERR_REDIRECT] [Fatal Error] :1:1: Premature end of file.
2026-09-19 14:43:19,832 [ERROR] LogOutputStream:74 - [STDERR_REDIRECT] 
2026-09-19 14:43:20,832 [ERROR] LogOutputStream:74 - [STDERR_REDIRECT] [Fatal Error] :1:1: Premature end of file.
2026-09-19 14:43:20,832 [ERROR] LogOutputStream:74 - [STDERR_REDIRECT] 
2026-09-19 14:43:21,824 [ERROR] LogOutputStream:74 - [STDERR_REDIRECT] [Fatal Error] :1:1: Premature end of file.
2026-09-19 14:43:21,825 [ERROR] LogOutputStream:74 - [STDERR_REDIRECT] 
2026-09-19 14:43:22,820 [ERROR] LogOutputStream:74 - [STDERR_REDIRECT] [Fatal Error] :1:1: Premature end of file.
2026-09-19 14:43:22,820 [ERROR] LogOutputStream:74 - [STDERR_REDIRECT] 
2026-09-19 14:43:23,829 [ERROR] LogOutputStream:74 - [STDERR_REDIRECT] [Fatal Error] :1:1: Premature end of file.
2026-09-19 14:43:23,830 [ERROR] LogOutputStream:74 - [STDERR_REDIRECT] 
2026-09-19 14:43:24,825 [ERROR] LogOutputStream:74 - [STDERR_REDIRECT] [Fatal Error] :1:1: Premature end of file.
2026-09-19 14:43:24,826 [ERROR] LogOutputStream:74 - [STDERR_REDIRECT] 
2026-09-19 14:43:25,824 [ERROR] LogOutputStream:74 - [STDERR_REDIRECT] [Fatal Error] :1:1: Premature end of file.
2026-09-19 14:43:25,824 [ERROR] LogOutputStream:74 - [STDERR_REDIRECT] 
2026-09-19 14:43:26,836 [ERROR] LogOutputStream:74 - [STDERR_REDIRECT] [Fatal Error] :1:1: Premature end of file.
2026-09-19 14:43:26,836 [ERROR] LogOutputStream:74 - [STDERR_REDIRECT] 
2026-09-19 14:43:27,831 [ERROR] LogOutputStream:74 - [STDERR_REDIRECT] [Fatal Error] :1:1: Premature end of file.
2026-09-19 14:43:27,831 [ERROR] LogOutputStream:74 - [STDERR_REDIRECT] 
2026-09-19 14:43:28,830 [ERROR] LogOutputStream:74 - [STDERR_REDIRECT] [Fatal Error] :1:1: Premature end of file.
2026-09-19 14:43:28,830 [ERROR] LogOutputStream:74 - [STDERR_REDIRECT] 
2026-09-19 14:43:29,823 [ERROR] LogOutputStream:74 - [STDERR_REDIRECT] [Fatal Error] :1:1: Premature end of file.
2026-09-19 14:43:29,823 [ERROR] LogOutputStream:74 - [STDERR_REDIRECT] 
2026-09-19 14:43:30,823 [ERROR] LogOutputStream:74 - [STDERR_REDIRECT] [Fatal Error] :1:1: Premature end of file.
2026-09-19 14:43:30,823 [ERROR] LogOutputStream:74 - [STDERR_REDIRECT] 
2026-09-19 14:43:31,836 [ERROR] LogOutputStream:74 - [STDERR_REDIRECT] [Fatal Error] :1:1: Premature end of file.
2026-09-19 14:43:31,836 [ERROR] LogOutputStream:74 - [STDERR_REDIRECT] 
2026-09-19 14:43:32,834 [ERROR] LogOutputStream:74 - [STDERR_REDIRECT] [Fatal Error] :1:1: Premature end of file.
2026-09-19 14:43:32,835 [ERROR] LogOutputStream:74 - [STDERR_REDIRECT] 
2026-09-19 14:43:33,847 [ERROR] LogOutputStream:74 - [STDERR_REDIRECT] [Fatal Error] :1:1: Premature end of file.
2026-09-19 14:43:33,847 [ERROR] LogOutputStream:74 - [STDERR_REDIRECT] 
2026-09-19 14:43:34,822 [ERROR] LogOutputStream:74 - [STDERR_REDIRECT] [Fatal Error] :1:1: Premature end of file.
2026-09-19 14:43:34,823 [ERROR] LogOutputStream:74 - [STDERR_REDIRECT] 
2026-09-19 14:43:35,829 [ERROR] LogOutputStream:74 - [STDERR_REDIRECT] [Fatal Error] :1:1: Premature end of file.
2026-09-19 14:43:35,829 [ERROR] LogOutputStream:74 - [STDERR_REDIRECT] 
2026-09-19 14:43:36,820 [ERROR] LogOutputStream:74 - [STDERR_REDIRECT] [Fatal Error] :1:1: Premature end of file.
2026-09-19 14:43:36,820 [ERROR] LogOutputStream:74 - [STDERR_REDIRECT] 
2026-09-19 14:43:37,833 [ERROR] LogOutputStream:74 - [STDERR_REDIRECT] [Fatal Error] :1:1: Premature end of file.
2026-09-19 14:43:37,833 [ERROR] LogOutputStream:74 - [STDERR_REDIRECT] 
2026-09-19 14:43:38,827 [ERROR] LogOutputStream:74 - [STDERR_REDIRECT] [Fatal Error] :1:1: Premature end of file.
2026-09-19 14:43:38,827 [ERROR] LogOutputStream:74 - [STDERR_REDIRECT] 
2026-09-19 14:43:39,817 [ERROR] LogOutputStream:74 - [STDERR_REDIRECT] [Fatal Error] :1:1: Premature end of file.
2026-09-19 14:43:39,817 [ERROR] LogOutputStream:74 - [STDERR_REDIRECT] 
2026-09-19 14:43:40,822 [ERROR] LogOutputStream:74 - [STDERR_REDIRECT] [Fatal Error] :1:1: Premature end of file.
2026-09-19 14:43:40,822 [ERROR] LogOutputStream:74 - [STDERR_REDIRECT] 
2026-09-19 14:43:41,826 [ERROR] LogOutputStream:74 - [STDERR_REDIRECT] [Fatal Error] :1:1: Premature end of file.
2026-09-19 14:43:41,826 [ERROR] LogOutputStream:74 - [STDERR_REDIRECT] 
2026-09-19 14:43:42,819 [ERROR] LogOutputStream:74 - [STDERR_REDIRECT] [Fatal Error] :1:1: Premature end of file.
2026-09-19 14:43:42,821 [ERROR] LogOutputStream:74 - [STDERR_REDIRECT] 
2026-09-19 14:43:43,827 [ERROR] LogOutputStream:74 - [STDERR_REDIRECT] [Fatal Error] :1:1: Premature end of file.
2026-09-19 14:43:43,827 [ERROR] LogOutputStream:74 - [STDERR_REDIRECT] 
2026-09-19 14:43:44,820 [ERROR] LogOutputStream:74 - [STDERR_REDIRECT] [Fatal Error] :1:1: Premature end of file.
2026-09-19 14:43:44,820 [ERROR] LogOutputStream:74 - [STDERR_REDIRECT] 
2026-09-19 14:43:45,820 [ERROR] LogOutputStream:74 - [STDERR_REDIRECT] [Fatal Error] :1:1: Premature end of file.
2026-09-19 14:43:45,820 [ERROR] LogOutputStream:74 - [STDERR_REDIRECT] 
2026-09-19 14:43:46,824 [ERROR] LogOutputStream:74 - [STDERR_REDIRECT] [Fatal Error] :1:1: Premature end of file.
2026-09-19 14:43:46,825 [ERROR] LogOutputStream:74 - [STDERR_REDIRECT] 
2026-09-19 14:43:47,821 [ERROR] LogOutputStream:74 - [STDERR_REDIRECT] [Fatal Error] :1:1: Premature end of file.
2026-09-19 14:43:47,821 [ERROR] LogOutputStream:74 - [STDERR_REDIRECT] 
2026-09-19 14:43:48,818 [ERROR] LogOutputStream:74 - [STDERR_REDIRECT] [Fatal Error] :1:1: Premature end of file.
2026-09-19 14:43:48,819 [ERROR] LogOutputStream:74 - [STDERR_REDIRECT] 
2026-09-19 14:43:49,845 [ERROR] LogOutputStream:74 - [STDERR_REDIRECT] [Fatal Error] :1:1: Premature end of file.
2026-09-19 14:43:49,846 [ERROR] LogOutputStream:74 - [STDERR_REDIRECT] 
2026-09-19 14:43:50,824 [ERROR] LogOutputStream:74 - [STDERR_REDIRECT] [Fatal Error] :1:1: Premature end of file.
2026-09-19 14:43:50,824 [ERROR] LogOutputStream:74 - [STDERR_REDIRECT] 
2026-09-19 14:43:51,820 [ERROR] LogOutputStream:74 - [STDERR_REDIRECT] [Fatal Error] :1:1: Premature end of file.
2026-09-19 14:43:51,821 [ERROR] LogOutputStream:74 - [STDERR_REDIRECT] 
2026-09-19 14:43:52,835 [ERROR] LogOutputStream:74 - [STDERR_REDIRECT] [Fatal Error] :1:1: Premature end of file.
2026-09-19 14:43:52,835 [ERROR] LogOutputStream:74 - [STDERR_REDIRECT] 
2026-09-19 14:43:53,830 [ERROR] LogOutputStream:74 - [STDERR_REDIRECT] [Fatal Error] :1:1: Premature end of file.
2026-09-19 14:43:53,830 [ERROR] LogOutputStream:74 - [STDERR_REDIRECT] 
2026-09-19 14:43:54,823 [ERROR] LogOutputStream:74 - [STDERR_REDIRECT] [Fatal Error] :1:1: Premature end of file.
2026-09-19 14:43:54,824 [ERROR] LogOutputStream:74 - [STDERR_REDIRECT] 
2026-09-19 14:43:55,829 [ERROR] LogOutputStream:74 - [STDERR_REDIRECT] [Fatal Error] :1:1: Premature end of file.
2026-09-19 14:43:55,830 [ERROR] LogOutputStream:74 - [STDERR_REDIRECT] 
2026-09-19 14:43:56,835 [ERROR] LogOutputStream:74 - [STDERR_REDIRECT] [Fatal Error] :1:1: Premature end of file.
2026-09-19 14:43:56,835 [ERROR] LogOutputStream:74 - [STDERR_REDIRECT] 
2026-09-19 14:43:57,837 [ERROR] LogOutputStream:74 - [STDERR_REDIRECT] [Fatal Error] :1:1: Premature end of file.
2026-09-19 14:43:57,837 [ERROR] LogOutputStream:74 - [STDERR_REDIRECT] 
2026-09-19 14:43:58,819 [ERROR] LogOutputStream:74 - [STDERR_REDIRECT] [Fatal Error] :1:1: Premature end of file.
2026-09-19 14:43:58,819 [ERROR] LogOutputStream:74 - [STDERR_REDIRECT] 
2026-09-19 14:43:59,831 [ERROR] LogOutputStream:74 - [STDERR_REDIRECT] [Fatal Error] :1:1: Premature end of file.
2026-09-19 14:43:59,831 [ERROR] LogOutputStream:74 - [STDERR_REDIRECT] 
2026-09-19 14:44:00,823 [ERROR] LogOutputStream:74 - [STDERR_REDIRECT] [Fatal Error] :1:1: Premature end of file.
2026-09-19 14:44:00,823 [ERROR] LogOutputStream:74 - [STDERR_REDIRECT] 
2026-09-19 14:44:01,834 [ERROR] LogOutputStream:74 - [STDERR_REDIRECT] [Fatal Error] :1:1: Premature end of file.
2026-09-19 14:44:01,834 [ERROR] LogOutputStream:74 - [STDERR_REDIRECT] 
2026-09-19 14:44:02,828 [ERROR] LogOutputStream:74 - [STDERR_REDIRECT] [Fatal Error] :1:1: Premature end of file.
2026-09-19 14:44:02,829 [ERROR] LogOutputStream:74 - [STDERR_REDIRECT] 
2026-09-19 14:44:03,819 [ERROR] LogOutputStream:74 - [STDERR_REDIRECT] [Fatal Error] :1:1: Premature end of file.
2026-09-19 14:44:03,820 [ERROR] LogOutputStream:74 - [STDERR_REDIRECT] 
2026-09-19 14:44:04,827 [ERROR] LogOutputStream:74 - [STDERR_REDIRECT] [Fatal Error] :1:1: Premature end of file.
2026-09-19 14:44:04,827 [ERROR] LogOutputStream:74 - [STDERR_REDIRECT] 
2026-09-19 14:44:05,841 [ERROR] LogOutputStream:74 - [STDERR_REDIRECT] [Fatal Error] :1:1: Premature end of file.
2026-09-19 14:44:05,842 [ERROR] LogOutputStream:74 - [STDERR_REDIRECT] 
2026-09-19 14:44:06,824 [ERROR] LogOutputStream:74 - [STDERR_REDIRECT] [Fatal Error] :1:1: Premature end of file.
2026-09-19 14:44:06,825 [ERROR] LogOutputStream:74 - [STDERR_REDIRECT] 
2026-09-19 14:44:07,834 [ERROR] LogOutputStream:74 - [STDERR_REDIRECT] [Fatal Error] :1:1: Premature end of file.
2026-09-19 14:44:07,835 [ERROR] LogOutputStream:74 - [STDERR_REDIRECT] 
2026-09-19 14:44:08,826 [ERROR] LogOutputStream:74 - [STDERR_REDIRECT] [Fatal Error] :1:1: Premature end of file.
2026-09-19 14:44:08,826 [ERROR] LogOutputStream:74 - [STDERR_REDIRECT] 
2026-09-19 14:44:09,825 [ERROR] LogOutputStream:74 - [STDERR_REDIRECT] [Fatal Error] :1:1: Premature end of file.
2026-09-19 14:44:09,826 [ERROR] LogOutputStream:74 - [STDERR_REDIRECT] 
2026-09-19 14:44:10,834 [ERROR] LogOutputStream:74 - [STDERR_REDIRECT] [Fatal Error] :1:1: Premature end of file.
2026-09-19 14:44:10,834 [ERROR] LogOutputStream:74 - [STDERR_REDIRECT] 
2026-09-19 14:44:11,829 [ERROR] LogOutputStream:74 - [STDERR_REDIRECT] [Fatal Error] :1:1: Premature end of file.
2026-09-19 14:44:11,829 [ERROR] LogOutputStream:74 - [STDERR_REDIRECT] 
2026-09-19 14:44:12,816 [ERROR] LogOutputStream:74 - [STDERR_REDIRECT] [Fatal Error] :1:1: Premature end of file.
2026-09-19 14:44:12,817 [ERROR] LogOutputStream:74 - [STDERR_REDIRECT] 
2026-09-19 14:44:13,829 [ERROR] LogOutputStream:74 - [STDERR_REDIRECT] [Fatal Error] :1:1: Premature end of file.
2026-09-19 14:44:13,829 [ERROR] LogOutputStream:74 - [STDERR_REDIRECT] 
2026-09-19 14:44:14,826 [ERROR] LogOutputStream:74 - [STDERR_REDIRECT] [Fatal Error] :1:1: Premature end of file.
2026-09-19 14:44:14,827 [ERROR] LogOutputStream:74 - [STDERR_REDIRECT] 
2026-09-19 14:44:15,830 [ERROR] LogOutputStream:74 - [STDERR_REDIRECT] [Fatal Error] :1:1: Premature end of file.
2026-09-19 14:44:15,831 [ERROR] LogOutputStream:74 - [STDERR_REDIRECT] 
2026-09-19 14:44:16,822 [ERROR] LogOutputStream:74 - [STDERR_REDIRECT] [Fatal Error] :1:1: Premature end of file.
2026-09-19 14:44:16,823 [ERROR] LogOutputStream:74 - [STDERR_REDIRECT] 
2026-09-19 14:44:17,841 [ERROR] LogOutputStream:74 - [STDERR_REDIRECT] [Fatal Error] :1:1: Premature end of file.
2026-09-19 14:44:17,841 [ERROR] LogOutputStream:74 - [STDERR_REDIRECT] 
2026-09-19 14:44:18,836 [ERROR] LogOutputStream:74 - [STDERR_REDIRECT] [Fatal Error] :1:1: Premature end of file.
2026-09-19 14:44:18,836 [ERROR] LogOutputStream:74 - [STDERR_REDIRECT] 
2026-09-19 14:44:19,835 [ERROR] LogOutputStream:74 - [STDERR_REDIRECT] [Fatal Error] :1:1: Premature end of file.
2026-09-19 14:44:19,835 [ERROR] LogOutputStream:74 - [STDERR_REDIRECT] 
2026-09-19 14:44:20,832 [ERROR] LogOutputStream:74 - [STDERR_REDIRECT] [Fatal Error] :1:1: Premature end of file.
2026-09-19 14:44:20,832 [ERROR] LogOutputStream:74 - [STDERR_REDIRECT] 
2026-09-19 14:44:21,832 [ERROR] LogOutputStream:74 - [STDERR_REDIRECT] [Fatal Error] :1:1: Premature end of file.
2026-09-19 14:44:21,832 [ERROR] LogOutputStream:74 - [STDERR_REDIRECT] 
2026-09-19 14:44:22,830 [ERROR] LogOutputStream:74 - [STDERR_REDIRECT] [Fatal Error] :1:1: Premature end of file.
2026-09-19 14:44:22,830 [ERROR] LogOutputStream:74 - [STDERR_REDIRECT] 
2026-09-19 14:44:23,827 [ERROR] LogOutputStream:74 - [STDERR_REDIRECT] [Fatal Error] :1:1: Premature end of file.
2026-09-19 14:44:23,828 [ERROR] LogOutputStream:74 - [STDERR_REDIRECT] 
2026-09-19 14:44:24,824 [ERROR] LogOutputStream:74 - [STDERR_REDIRECT] [Fatal Error] :1:1: Premature end of file.
2026-09-19 14:44:24,824 [ERROR] LogOutputStream:74 - [STDERR_REDIRECT] 
2026-09-19 14:44:25,839 [ERROR] LogOutputStream:74 - [STDERR_REDIRECT] [Fatal Error] :1:1: Premature end of file.
2026-09-19 14:44:25,839 [ERROR] LogOutputStream:74 - [STDERR_REDIRECT] 
2026-09-19 14:44:26,833 [ERROR] LogOutputStream:74 - [STDERR_REDIRECT] [Fatal Error] :1:1: Premature end of file.
2026-09-19 14:44:26,834 [ERROR] LogOutputStream:74 - [STDERR_REDIRECT] 
2026-09-19 14:44:27,835 [ERROR] LogOutputStream:74 - [STDERR_REDIRECT] [Fatal Error] :1:1: Premature end of file.
2026-09-19 14:44:27,835 [ERROR] LogOutputStream:74 - [STDERR_REDIRECT] 
2026-09-19 14:44:28,820 [ERROR] LogOutputStream:74 - [STDERR_REDIRECT] [Fatal Error] :1:1: Premature end of file.
2026-09-19 14:44:28,821 [ERROR] LogOutputStream:74 - [STDERR_REDIRECT] 
2026-09-19 14:44:29,833 [ERROR] LogOutputStream:74 - [STDERR_REDIRECT] [Fatal Error] :1:1: Premature end of file.
2026-09-19 14:44:29,834 [ERROR] LogOutputStream:74 - [STDERR_REDIRECT] 
2026-09-19 14:44:30,832 [ERROR] LogOutputStream:74 - [STDERR_REDIRECT] [Fatal Error] :1:1: Premature end of file.
2026-09-19 14:44:30,832 [ERROR] LogOutputStream:74 - [STDERR_REDIRECT] 
2026-09-19 14:44:31,820 [ERROR] LogOutputStream:74 - [STDERR_REDIRECT] [Fatal Error] :1:1: Premature end of file.
2026-09-19 14:44:31,821 [ERROR] LogOutputStream:74 - [STDERR_REDIRECT] 
2026-09-19 14:44:32,834 [ERROR] LogOutputStream:74 - [STDERR_REDIRECT] [Fatal Error] :1:1: Premature end of file.
2026-09-19 14:44:32,834 [ERROR] LogOutputStream:74 - [STDERR_REDIRECT] 
2026-09-19 14:44:33,825 [ERROR] LogOutputStream:74 - [STDERR_REDIRECT] [Fatal Error] :1:1: Premature end of file.
2026-09-19 14:44:33,825 [ERROR] LogOutputStream:74 - [STDERR_REDIRECT] 
2026-09-19 14:44:34,837 [ERROR] LogOutputStream:74 - [STDERR_REDIRECT] [Fatal Error] :1:1: Premature end of file.
2026-09-19 14:44:34,837 [ERROR] LogOutputStream:74 - [STDERR_REDIRECT] 
2026-09-19 14:44:35,833 [ERROR] LogOutputStream:74 - [STDERR_REDIRECT] [Fatal Error] :1:1: Premature end of file.
2026-09-19 14:44:35,833 [ERROR] LogOutputStream:74 - [STDERR_REDIRECT] 
2026-09-19 14:44:36,823 [ERROR] LogOutputStream:74 - [STDERR_REDIRECT] [Fatal Error] :1:1: Premature end of file.
2026-09-19 14:44:36,823 [ERROR] LogOutputStream:74 - [STDERR_REDIRECT] 
2026-09-19 14:44:37,858 [ERROR] LogOutputStream:74 - [STDERR_REDIRECT] [Fatal Error] :1:1: Premature end of file.
2026-09-19 14:44:37,859 [ERROR] LogOutputStream:74 - [STDERR_REDIRECT] 
2026-09-19 14:44:38,824 [ERROR] LogOutputStream:74 - [STDERR_REDIRECT] [Fatal Error] :1:1: Premature end of file.
2026-09-19 14:44:38,824 [ERROR] LogOutputStream:74 - [STDERR_REDIRECT] 
2026-09-19 14:44:39,817 [ERROR] LogOutputStream:74 - [STDERR_REDIRECT] [Fatal Error] :1:1: Premature end of file.
2026-09-19 14:44:39,817 [ERROR] LogOutputStream:74 - [STDERR_REDIRECT] 
2026-09-19 14:44:40,827 [ERROR] LogOutputStream:74 - [STDERR_REDIRECT] [Fatal Error] :1:1: Premature end of file.
2026-09-19 14:44:40,829 [ERROR] LogOutputStream:74 - [STDERR_REDIRECT] 
2026-09-19 14:44:41,820 [ERROR] LogOutputStream:74 - [STDERR_REDIRECT] [Fatal Error] :1:1: Premature end of file.
2026-09-19 14:44:41,820 [ERROR] LogOutputStream:74 - [STDERR_REDIRECT] 
2026-09-19 14:44:42,827 [ERROR] LogOutputStream:74 - [STDERR_REDIRECT] [Fatal Error] :1:1: Premature end of file.
2026-09-19 14:44:42,827 [ERROR] LogOutputStream:74 - [STDERR_REDIRECT] 
2026-09-19 14:44:43,821 [ERROR] LogOutputStream:74 - [STDERR_REDIRECT] [Fatal Error] :1:1: Premature end of file.
2026-09-19 14:44:43,822 [ERROR] LogOutputStream:74 - [STDERR_REDIRECT] 
2026-09-19 14:44:44,829 [ERROR] LogOutputStream:74 - [STDERR_REDIRECT] [Fatal Error] :1:1: Premature end of file.
2026-09-19 14:44:44,829 [ERROR] LogOutputStream:74 - [STDERR_REDIRECT] 
2026-09-19 14:44:45,831 [ERROR] LogOutputStream:74 - [STDERR_REDIRECT] [Fatal Error] :1:1: Premature end of file.
2026-09-19 14:44:45,831 [ERROR] LogOutputStream:74 - [STDERR_REDIRECT] 
2026-09-19 14:44:46,822 [ERROR] LogOutputStream:74 - [STDERR_REDIRECT] [Fatal Error] :1:1: Premature end of file.
2026-09-19 14:44:46,822 [ERROR] LogOutputStream:74 - [STDERR_REDIRECT] 
2026-09-19 14:44:47,829 [ERROR] LogOutputStream:74 - [STDERR_REDIRECT] [Fatal Error] :1:1: Premature end of file.
2026-09-19 14:44:47,829 [ERROR] LogOutputStream:74 - [STDERR_REDIRECT] 
2026-09-19 14:44:48,818 [ERROR] LogOutputStream:74 - [STDERR_REDIRECT] [Fatal Error] :1:1: Premature end of file.
2026-09-19 14:44:48,818 [ERROR] LogOutputStream:74 - [STDERR_REDIRECT] 
2026-09-19 14:44:49,834 [ERROR] LogOutputStream:74 - [STDERR_REDIRECT] [Fatal Error] :1:1: Premature end of file.
2026-09-19 14:44:49,834 [ERROR] LogOutputStream:74 - [STDERR_REDIRECT] 
2026-09-19 14:44:50,829 [ERROR] LogOutputStream:74 - [STDERR_REDIRECT] [Fatal Error] :1:1: Premature end of file.
2026-09-19 14:44:50,829 [ERROR] LogOutputStream:74 - [STDERR_REDIRECT] 
2026-09-19 14:44:51,825 [ERROR] LogOutputStream:74 - [STDERR_REDIRECT] [Fatal Error] :1:1: Premature end of file.
2026-09-19 14:44:51,826 [ERROR] LogOutputStream:74 - [STDERR_REDIRECT] 
2026-09-19 14:44:52,827 [ERROR] LogOutputStream:74 - [STDERR_REDIRECT] [Fatal Error] :1:1: Premature end of file.
2026-09-19 14:44:52,828 [ERROR] LogOutputStream:74 - [STDERR_REDIRECT] 
2026-09-19 14:44:53,823 [ERROR] LogOutputStream:74 - [STDERR_REDIRECT] [Fatal Error] :1:1: Premature end of file.
2026-09-19 14:44:53,823 [ERROR] LogOutputStream:74 - [STDERR_REDIRECT] 
2026-09-19 14:44:54,832 [ERROR] LogOutputStream:74 - [STDERR_REDIRECT] [Fatal Error] :1:1: Premature end of file.
2026-09-19 14:44:54,832 [ERROR] LogOutputStream:74 - [STDERR_REDIRECT] 
2026-09-19 14:44:55,828 [ERROR] LogOutputStream:74 - [STDERR_REDIRECT] [Fatal Error] :1:1: Premature end of file.
2026-09-19 14:44:55,828 [ERROR] LogOutputStream:74 - [STDERR_REDIRECT] 
2026-09-19 14:44:56,823 [ERROR] LogOutputStream:74 - [STDERR_REDIRECT] [Fatal Error] :1:1: Premature end of file.
2026-09-19 14:44:56,823 [ERROR] LogOutputStream:74 - [STDERR_REDIRECT] 
2026-09-19 14:44:57,822 [ERROR] LogOutputStream:74 - [STDERR_REDIRECT] [Fatal Error] :1:1: Premature end of file.
2026-09-19 14:44:57,822 [ERROR] LogOutputStream:74 - [STDERR_REDIRECT] 
2026-09-19 14:44:58,828 [ERROR] LogOutputStream:74 - [STDERR_REDIRECT] [Fatal Error] :1:1: Premature end of file.
2026-09-19 14:44:58,829 [ERROR] LogOutputStream:74 - [STDERR_REDIRECT] 
2026-09-19 14:44:59,825 [ERROR] LogOutputStream:74 - [STDERR_REDIRECT] [Fatal Error] :1:1: Premature end of file.
2026-09-19 14:44:59,825 [ERROR] LogOutputStream:74 - [STDERR_REDIRECT] 
2026-09-19 14:45:00,874 [ERROR] LogOutputStream:74 - [STDERR_REDIRECT] [Fatal Error] :1:1: Premature end of file.
2026-09-19 14:45:00,875 [ERROR] LogOutputStream:74 - [STDERR_REDIRECT] 
2026-09-19 14:45:01,829 [ERROR] LogOutputStream:74 - [STDERR_REDIRECT] [Fatal Error] :1:1: Premature end of file.
2026-09-19 14:45:01,829 [ERROR] LogOutputStream:74 - [STDERR_REDIRECT] 
2026-09-19 14:45:02,814 [ERROR] LogOutputStream:74 - [STDERR_REDIRECT] [Fatal Error] :1:1: Premature end of file.
2026-09-19 14:45:02,814 [ERROR] LogOutputStream:74 - [STDERR_REDIRECT] 
2026-09-19 14:45:03,827 [ERROR] LogOutputStream:74 - [STDERR_REDIRECT] [Fatal Error] :1:1: Premature end of file.
2026-09-19 14:45:03,827 [ERROR] LogOutputStream:74 - [STDERR_REDIRECT] 
2026-09-19 14:45:04,830 [ERROR] LogOutputStream:74 - [STDERR_REDIRECT] [Fatal Error] :1:1: Premature end of file.
2026-09-19 14:45:04,831 [ERROR] LogOutputStream:74 - [STDERR_REDIRECT] 
2026-09-19 14:45:05,833 [ERROR] LogOutputStream:74 - [STDERR_REDIRECT] [Fatal Error] :1:1: Premature end of file.
2026-09-19 14:45:05,834 [ERROR] LogOutputStream:74 - [STDERR_REDIRECT] 
2026-09-19 14:45:06,834 [ERROR] LogOutputStream:74 - [STDERR_REDIRECT] [Fatal Error] :1:1: Premature end of file.
2026-09-19 14:45:06,834 [ERROR] LogOutputStream:74 - [STDERR_REDIRECT] 
2026-09-19 14:45:07,825 [ERROR] LogOutputStream:74 - [STDERR_REDIRECT] [Fatal Error] :1:1: Premature end of file.
2026-09-19 14:45:07,825 [ERROR] LogOutputStream:74 - [STDERR_REDIRECT] 
2026-09-19 14:45:08,821 [ERROR] LogOutputStream:74 - [STDERR_REDIRECT] [Fatal Error] :1:1: Premature end of file.
2026-09-19 14:45:08,822 [ERROR] LogOutputStream:74 - [STDERR_REDIRECT] 
2026-09-19 14:45:09,833 [ERROR] LogOutputStream:74 - [STDERR_REDIRECT] [Fatal Error] :1:1: Premature end of file.
2026-09-19 14:45:09,834 [ERROR] LogOutputStream:74 - [STDERR_REDIRECT] 
2026-09-19 14:45:10,825 [ERROR] LogOutputStream:74 - [STDERR_REDIRECT] [Fatal Error] :1:1: Premature end of file.
2026-09-19 14:45:10,825 [ERROR] LogOutputStream:74 - [STDERR_REDIRECT] 
2026-09-19 14:45:11,836 [ERROR] LogOutputStream:74 - [STDERR_REDIRECT] [Fatal Error] :1:1: Premature end of file.
2026-09-19 14:45:11,836 [ERROR] LogOutputStream:74 - [STDERR_REDIRECT] 
2026-09-19 14:45:12,830 [ERROR] LogOutputStream:74 - [STDERR_REDIRECT] [Fatal Error] :1:1: Premature end of file.
2026-09-19 14:45:12,830 [ERROR] LogOutputStream:74 - [STDERR_REDIRECT] 
2026-09-19 14:45:13,826 [ERROR] LogOutputStream:74 - [STDERR_REDIRECT] [Fatal Error] :1:1: Premature end of file.
2026-09-19 14:45:13,827 [ERROR] LogOutputStream:74 - [STDERR_REDIRECT] 
2026-09-19 14:45:14,844 [ERROR] LogOutputStream:74 - [STDERR_REDIRECT] [Fatal Error] :1:1: Premature end of file.
2026-09-19 14:45:14,845 [ERROR] LogOutputStream:74 - [STDERR_REDIRECT] 
2026-09-19 14:45:15,823 [ERROR] LogOutputStream:74 - [STDERR_REDIRECT] [Fatal Error] :1:1: Premature end of file.
2026-09-19 14:45:15,823 [ERROR] LogOutputStream:74 - [STDERR_REDIRECT] 
2026-09-19 14:45:16,836 [ERROR] LogOutputStream:74 - [STDERR_REDIRECT] [Fatal Error] :1:1: Premature end of file.
2026-09-19 14:45:16,836 [ERROR] LogOutputStream:74 - [STDERR_REDIRECT] 
2026-09-19 14:45:17,827 [ERROR] LogOutputStream:74 - [STDERR_REDIRECT] [Fatal Error] :1:1: Premature end of file.
2026-09-19 14:45:17,828 [ERROR] LogOutputStream:74 - [STDERR_REDIRECT] 
2026-09-19 14:45:18,825 [ERROR] LogOutputStream:74 - [STDERR_REDIRECT] [Fatal Error] :1:1: Premature end of file.
2026-09-19 14:45:18,825 [ERROR] LogOutputStream:74 - [STDERR_REDIRECT] 
2026-09-19 14:45:19,835 [ERROR] LogOutputStream:74 - [STDERR_REDIRECT] [Fatal Error] :1:1: Premature end of file.
2026-09-19 14:45:19,835 [ERROR] LogOutputStream:74 - [STDERR_REDIRECT] 
2026-09-19 14:45:20,832 [ERROR] LogOutputStream:74 - [STDERR_REDIRECT] [Fatal Error] :1:1: Premature end of file.
2026-09-19 14:45:20,832 [ERROR] LogOutputStream:74 - [STDERR_REDIRECT] 
2026-09-19 14:45:21,827 [ERROR] LogOutputStream:74 - [STDERR_REDIRECT] [Fatal Error] :1:1: Premature end of file.
2026-09-19 14:45:21,827 [ERROR] LogOutputStream:74 - [STDERR_REDIRECT] 
2026-09-19 14:45:22,816 [ERROR] LogOutputStream:74 - [STDERR_REDIRECT] [Fatal Error] :1:1: Premature end of file.
2026-09-19 14:45:22,816 [ERROR] LogOutputStream:74 - [STDERR_REDIRECT] 
2026-09-19 14:45:23,836 [ERROR] LogOutputStream:74 - [STDERR_REDIRECT] [Fatal Error] :1:1: Premature end of file.
2026-09-19 14:45:23,837 [ERROR] LogOutputStream:74 - [STDERR_REDIRECT] 
2026-09-19 14:45:24,816 [ERROR] LogOutputStream:74 - [STDERR_REDIRECT] [Fatal Error] :1:1: Premature end of file.
2026-09-19 14:45:24,816 [ERROR] LogOutputStream:74 - [STDERR_REDIRECT] 
2026-09-19 14:45:25,829 [ERROR] LogOutputStream:74 - [STDERR_REDIRECT] [Fatal Error] :1:1: Premature end of file.
2026-09-19 14:45:25,829 [ERROR] LogOutputStream:74 - [STDERR_REDIRECT] 
2026-09-19 14:45:26,838 [ERROR] LogOutputStream:74 - [STDERR_REDIRECT] [Fatal Error] :1:1: Premature end of file.
2026-09-19 14:45:26,839 [ERROR] LogOutputStream:74 - [STDERR_REDIRECT] 
2026-09-19 14:45:27,828 [ERROR] LogOutputStream:74 - [STDERR_REDIRECT] [Fatal Error] :1:1: Premature end of file.
2026-09-19 14:45:27,830 [ERROR] LogOutputStream:74 - [STDERR_REDIRECT] 
2026-09-19 14:45:28,833 [ERROR] LogOutputStream:74 - [STDERR_REDIRECT] [Fatal Error] :1:1: Premature end of file.
2026-09-19 14:45:28,834 [ERROR] LogOutputStream:74 - [STDERR_REDIRECT] 
2026-09-19 14:45:29,827 [ERROR] LogOutputStream:74 - [STDERR_REDIRECT] [Fatal Error] :1:1: Premature end of file.
2026-09-19 14:45:29,827 [ERROR] LogOutputStream:74 - [STDERR_REDIRECT] 
2026-09-19 14:45:30,816 [ERROR] LogOutputStream:74 - [STDERR_REDIRECT] [Fatal Error] :1:1: Premature end of file.
2026-09-19 14:45:30,817 [ERROR] LogOutputStream:74 - [STDERR_REDIRECT] 
2026-09-19 14:45:31,826 [ERROR] LogOutputStream:74 - [STDERR_REDIRECT] [Fatal Error] :1:1: Premature end of file.
2026-09-19 14:45:31,828 [ERROR] LogOutputStream:74 - [STDERR_REDIRECT] 
2026-09-19 14:45:32,828 [ERROR] LogOutputStream:74 - [STDERR_REDIRECT] [Fatal Error] :1:1: Premature end of file.
2026-09-19 14:45:32,828 [ERROR] LogOutputStream:74 - [STDERR_REDIRECT] 
2026-09-19 14:45:33,824 [ERROR] LogOutputStream:74 - [STDERR_REDIRECT] [Fatal Error] :1:1: Premature end of file.
2026-09-19 14:45:33,824 [ERROR] LogOutputStream:74 - [STDERR_REDIRECT] 
2026-09-19 14:45:34,828 [ERROR] LogOutputStream:74 - [STDERR_REDIRECT] [Fatal Error] :1:1: Premature end of file.
2026-09-19 14:45:34,829 [ERROR] LogOutputStream:74 - [STDERR_REDIRECT] 
2026-09-19 14:45:35,832 [ERROR] LogOutputStream:74 - [STDERR_REDIRECT] [Fatal Error] :1:1: Premature end of file.
2026-09-19 14:45:35,832 [ERROR] LogOutputStream:74 - [STDERR_REDIRECT] 
2026-09-19 14:45:36,825 [ERROR] LogOutputStream:74 - [STDERR_REDIRECT] [Fatal Error] :1:1: Premature end of file.
2026-09-19 14:45:36,826 [ERROR] LogOutputStream:74 - [STDERR_REDIRECT] 
2026-09-19 14:45:37,835 [ERROR] LogOutputStream:74 - [STDERR_REDIRECT] [Fatal Error] :1:1: Premature end of file.
2026-09-19 14:45:37,836 [ERROR] LogOutputStream:74 - [STDERR_REDIRECT] 
2026-09-19 14:45:38,831 [ERROR] LogOutputStream:74 - [STDERR_REDIRECT] [Fatal Error] :1:1: Premature end of file.
2026-09-19 14:45:38,832 [ERROR] LogOutputStream:74 - [STDERR_REDIRECT] 
2026-09-19 14:45:39,828 [ERROR] LogOutputStream:74 - [STDERR_REDIRECT] [Fatal Error] :1:1: Premature end of file.
2026-09-19 14:45:39,829 [ERROR] LogOutputStream:74 - [STDERR_REDIRECT] 
2026-09-19 14:45:40,819 [ERROR] LogOutputStream:74 - [STDERR_REDIRECT] [Fatal Error] :1:1: Premature end of file.
2026-09-19 14:45:40,819 [ERROR] LogOutputStream:74 - [STDERR_REDIRECT] 
2026-09-19 14:45:41,836 [ERROR] LogOutputStream:74 - [STDERR_REDIRECT] [Fatal Error] :1:1: Premature end of file.
2026-09-19 14:45:41,836 [ERROR] LogOutputStream:74 - [STDERR_REDIRECT] 
2026-09-19 14:45:42,826 [ERROR] LogOutputStream:74 - [STDERR_REDIRECT] [Fatal Error] :1:1: Premature end of file.
2026-09-19 14:45:42,827 [ERROR] LogOutputStream:74 - [STDERR_REDIRECT] 
2026-09-19 14:45:43,826 [ERROR] LogOutputStream:74 - [STDERR_REDIRECT] [Fatal Error] :1:1: Premature end of file.
2026-09-19 14:45:43,826 [ERROR] LogOutputStream:74 - [STDERR_REDIRECT] 
2026-09-19 14:45:44,832 [ERROR] LogOutputStream:74 - [STDERR_REDIRECT] [Fatal Error] :1:1: Premature end of file.
2026-09-19 14:45:44,832 [ERROR] LogOutputStream:74 - [STDERR_REDIRECT] 
2026-09-19 14:45:45,836 [ERROR] LogOutputStream:74 - [STDERR_REDIRECT] [Fatal Error] :1:1: Premature end of file.
2026-09-19 14:45:45,837 [ERROR] LogOutputStream:74 - [STDERR_REDIRECT] 
2026-09-19 14:45:46,830 [ERROR] LogOutputStream:74 - [STDERR_REDIRECT] [Fatal Error] :1:1: Premature end of file.
2026-09-19 14:45:46,830 [ERROR] LogOutputStream:74 - [STDERR_REDIRECT] 
2026-09-19 14:45:47,825 [ERROR] LogOutputStream:74 - [STDERR_REDIRECT] [Fatal Error] :1:1: Premature end of file.
2026-09-19 14:45:47,825 [ERROR] LogOutputStream:74 - [STDERR_REDIRECT] 
2026-09-19 14:45:48,827 [ERROR] LogOutputStream:74 - [STDERR_REDIRECT] [Fatal Error] :1:1: Premature end of file.
2026-09-19 14:45:48,828 [ERROR] LogOutputStream:74 - [STDERR_REDIRECT] 
2026-09-19 14:45:49,830 [ERROR] LogOutputStream:74 - [STDERR_REDIRECT] [Fatal Error] :1:1: Premature end of file.
2026-09-19 14:45:49,830 [ERROR] LogOutputStream:74 - [STDERR_REDIRECT] 
2026-09-19 14:45:50,832 [ERROR] LogOutputStream:74 - [STDERR_REDIRECT] [Fatal Error] :1:1: Premature end of file.
2026-09-19 14:45:50,832 [ERROR] LogOutputStream:74 - [STDERR_REDIRECT] 
2026-09-19 14:45:51,830 [ERROR] LogOutputStream:74 - [STDERR_REDIRECT] [Fatal Error] :1:1: Premature end of file.
2026-09-19 14:45:51,830 [ERROR] LogOutputStream:74 - [STDERR_REDIRECT] 
2026-09-19 14:45:52,821 [ERROR] LogOutputStream:74 - [STDERR_REDIRECT] [Fatal Error] :1:1: Premature end of file.
2026-09-19 14:45:52,821 [ERROR] LogOutputStream:74 - [STDERR_REDIRECT] 
2026-09-19 14:45:53,827 [ERROR] LogOutputStream:74 - [STDERR_REDIRECT] [Fatal Error] :1:1: Premature end of file.
2026-09-19 14:45:53,828 [ERROR] LogOutputStream:74 - [STDERR_REDIRECT] 
2026-09-19 14:45:54,834 [ERROR] LogOutputStream:74 - [STDERR_REDIRECT] [Fatal Error] :1:1: Premature end of file.
2026-09-19 14:45:54,834 [ERROR] LogOutputStream:74 - [STDERR_REDIRECT] 
2026-09-19 14:45:55,829 [ERROR] LogOutputStream:74 - [STDERR_REDIRECT] [Fatal Error] :1:1: Premature end of file.
2026-09-19 14:45:55,829 [ERROR] LogOutputStream:74 - [STDERR_REDIRECT] 
2026-09-19 14:45:56,822 [ERROR] LogOutputStream:74 - [STDERR_REDIRECT] [Fatal Error] :1:1: Premature end of file.
2026-09-19 14:45:56,822 [ERROR] LogOutputStream:74 - [STDERR_REDIRECT] 
2026-09-19 14:45:57,833 [ERROR] LogOutputStream:74 - [STDERR_REDIRECT] [Fatal Error] :1:1: Premature end of file.
2026-09-19 14:45:57,833 [ERROR] LogOutputStream:74 - [STDERR_REDIRECT] 
2026-09-19 14:45:58,831 [ERROR] LogOutputStream:74 - [STDERR_REDIRECT] [Fatal Error] :1:1: Premature end of file.
2026-09-19 14:45:58,831 [ERROR] LogOutputStream:74 - [STDERR_REDIRECT] 
2026-09-19 14:45:59,819 [ERROR] LogOutputStream:74 - [STDERR_REDIRECT] [Fatal Error] :1:1: Premature end of file.
2026-09-19 14:45:59,820 [ERROR] LogOutputStream:74 - [STDERR_REDIRECT] 
2026-09-19 14:46:00,830 [ERROR] LogOutputStream:74 - [STDERR_REDIRECT] [Fatal Error] :1:1: Premature end of file.
2026-09-19 14:46:00,830 [ERROR] LogOutputStream:74 - [STDERR_REDIRECT] 
2026-09-19 14:46:01,823 [ERROR] LogOutputStream:74 - [STDERR_REDIRECT] [Fatal Error] :1:1: Premature end of file.
2026-09-19 14:46:01,824 [ERROR] LogOutputStream:74 - [STDERR_REDIRECT] 
2026-09-19 14:46:02,841 [ERROR] LogOutputStream:74 - [STDERR_REDIRECT] [Fatal Error] :1:1: Premature end of file.
2026-09-19 14:46:02,841 [ERROR] LogOutputStream:74 - [STDERR_REDIRECT] 
2026-09-19 14:46:03,832 [ERROR] LogOutputStream:74 - [STDERR_REDIRECT] [Fatal Error] :1:1: Premature end of file.
2026-09-19 14:46:03,832 [ERROR] LogOutputStream:74 - [STDERR_REDIRECT] 
2026-09-19 14:46:04,826 [ERROR] LogOutputStream:74 - [STDERR_REDIRECT] [Fatal Error] :1:1: Premature end of file.
2026-09-19 14:46:04,826 [ERROR] LogOutputStream:74 - [STDERR_REDIRECT] 
2026-09-19 14:46:05,824 [ERROR] LogOutputStream:74 - [STDERR_REDIRECT] [Fatal Error] :1:1: Premature end of file.
2026-09-19 14:46:05,824 [ERROR] LogOutputStream:74 - [STDERR_REDIRECT] 
2026-09-19 14:46:06,827 [ERROR] LogOutputStream:74 - [STDERR_REDIRECT] [Fatal Error] :1:1: Premature end of file.
2026-09-19 14:46:06,828 [ERROR] LogOutputStream:74 - [STDERR_REDIRECT] 
2026-09-19 14:46:07,824 [ERROR] LogOutputStream:74 - [STDERR_REDIRECT] [Fatal Error] :1:1: Premature end of file.
2026-09-19 14:46:07,824 [ERROR] LogOutputStream:74 - [STDERR_REDIRECT] 
2026-09-19 14:46:08,817 [ERROR] LogOutputStream:74 - [STDERR_REDIRECT] [Fatal Error] :1:1: Premature end of file.
2026-09-19 14:46:08,833 [ERROR] LogOutputStream:74 - [STDERR_REDIRECT] 
2026-09-19 14:46:09,829 [ERROR] LogOutputStream:74 - [STDERR_REDIRECT] [Fatal Error] :1:1: Premature end of file.
2026-09-19 14:46:09,829 [ERROR] LogOutputStream:74 - [STDERR_REDIRECT] 
2026-09-19 14:46:10,820 [ERROR] LogOutputStream:74 - [STDERR_REDIRECT] [Fatal Error] :1:1: Premature end of file.
2026-09-19 14:46:10,821 [ERROR] LogOutputStream:74 - [STDERR_REDIRECT] 
2026-09-19 14:46:11,833 [ERROR] LogOutputStream:74 - [STDERR_REDIRECT] [Fatal Error] :1:1: Premature end of file.
2026-09-19 14:46:11,833 [ERROR] LogOutputStream:74 - [STDERR_REDIRECT] 
2026-09-19 14:46:12,840 [ERROR] LogOutputStream:74 - [STDERR_REDIRECT] [Fatal Error] :1:1: Premature end of file.
2026-09-19 14:46:12,841 [ERROR] LogOutputStream:74 - [STDERR_REDIRECT] 
2026-09-19 14:46:13,819 [ERROR] LogOutputStream:74 - [STDERR_REDIRECT] [Fatal Error] :1:1: Premature end of file.
2026-09-19 14:46:13,820 [ERROR] LogOutputStream:74 - [STDERR_REDIRECT] 
2026-09-19 14:46:14,832 [ERROR] LogOutputStream:74 - [STDERR_REDIRECT] [Fatal Error] :1:1: Premature end of file.
2026-09-19 14:46:14,833 [ERROR] LogOutputStream:74 - [STDERR_REDIRECT] 
2026-09-19 14:46:15,829 [ERROR] LogOutputStream:74 - [STDERR_REDIRECT] [Fatal Error] :1:1: Premature end of file.
2026-09-19 14:46:15,830 [ERROR] LogOutputStream:74 - [STDERR_REDIRECT] 
2026-09-19 14:46:16,821 [ERROR] LogOutputStream:74 - [STDERR_REDIRECT] [Fatal Error] :1:1: Premature end of file.
2026-09-19 14:46:16,821 [ERROR] LogOutputStream:74 - [STDERR_REDIRECT] 
2026-09-19 14:46:17,832 [ERROR] LogOutputStream:74 - [STDERR_REDIRECT] [Fatal Error] :1:1: Premature end of file.
2026-09-19 14:46:17,833 [ERROR] LogOutputStream:74 - [STDERR_REDIRECT] 
2026-09-19 14:46:18,829 [ERROR] LogOutputStream:74 - [STDERR_REDIRECT] [Fatal Error] :1:1: Premature end of file.
2026-09-19 14:46:18,830 [ERROR] LogOutputStream:74 - [STDERR_REDIRECT] 
2026-09-19 14:46:19,828 [ERROR] LogOutputStream:74 - [STDERR_REDIRECT] [Fatal Error] :1:1: Premature end of file.
2026-09-19 14:46:19,828 [ERROR] LogOutputStream:74 - [STDERR_REDIRECT] 
2026-09-19 14:46:20,837 [ERROR] LogOutputStream:74 - [STDERR_REDIRECT] [Fatal Error] :1:1: Premature end of file.
2026-09-19 14:46:20,837 [ERROR] LogOutputStream:74 - [STDERR_REDIRECT] 
2026-09-19 14:46:21,833 [ERROR] LogOutputStream:74 - [STDERR_REDIRECT] [Fatal Error] :1:1: Premature end of file.
2026-09-19 14:46:21,834 [ERROR] LogOutputStream:74 - [STDERR_REDIRECT] 
2026-09-19 14:46:22,831 [ERROR] LogOutputStream:74 - [STDERR_REDIRECT] [Fatal Error] :1:1: Premature end of file.
2026-09-19 14:46:22,831 [ERROR] LogOutputStream:74 - [STDERR_REDIRECT] 
2026-09-19 14:46:23,827 [ERROR] LogOutputStream:74 - [STDERR_REDIRECT] [Fatal Error] :1:1: Premature end of file.
2026-09-19 14:46:23,827 [ERROR] LogOutputStream:74 - [STDERR_REDIRECT] 
2026-09-19 14:46:24,820 [ERROR] LogOutputStream:74 - [STDERR_REDIRECT] [Fatal Error] :1:1: Premature end of file.
2026-09-19 14:46:24,821 [ERROR] LogOutputStream:74 - [STDERR_REDIRECT] 
2026-09-19 14:46:25,829 [ERROR] LogOutputStream:74 - [STDERR_REDIRECT] [Fatal Error] :1:1: Premature end of file.
2026-09-19 14:46:25,829 [ERROR] LogOutputStream:74 - [STDERR_REDIRECT] 
2026-09-19 14:46:26,844 [ERROR] LogOutputStream:74 - [STDERR_REDIRECT] [Fatal Error] :1:1: Premature end of file.
2026-09-19 14:46:26,844 [ERROR] LogOutputStream:74 - [STDERR_REDIRECT] 
2026-09-19 14:46:27,828 [ERROR] LogOutputStream:74 - [STDERR_REDIRECT] [Fatal Error] :1:1: Premature end of file.
2026-09-19 14:46:27,828 [ERROR] LogOutputStream:74 - [STDERR_REDIRECT] 
2026-09-19 14:46:28,828 [ERROR] LogOutputStream:74 - [STDERR_REDIRECT] [Fatal Error] :1:1: Premature end of file.
2026-09-19 14:46:28,829 [ERROR] LogOutputStream:74 - [STDERR_REDIRECT] 
2026-09-19 14:46:29,824 [ERROR] LogOutputStream:74 - [STDERR_REDIRECT] [Fatal Error] :1:1: Premature end of file.
2026-09-19 14:46:29,824 [ERROR] LogOutputStream:74 - [STDERR_REDIRECT] 
2026-09-19 14:46:30,824 [ERROR] LogOutputStream:74 - [STDERR_REDIRECT] [Fatal Error] :1:1: Premature end of file.
2026-09-19 14:46:30,825 [ERROR] LogOutputStream:74 - [STDERR_REDIRECT] 
2026-09-19 14:46:31,824 [ERROR] LogOutputStream:74 - [STDERR_REDIRECT] [Fatal Error] :1:1: Premature end of file.
2026-09-19 14:46:31,824 [ERROR] LogOutputStream:74 - [STDERR_REDIRECT] 
2026-09-19 14:46:32,821 [ERROR] LogOutputStream:74 - [STDERR_REDIRECT] [Fatal Error] :1:1: Premature end of file.
2026-09-19 14:46:32,821 [ERROR] LogOutputStream:74 - [STDERR_REDIRECT] 
2026-09-19 14:46:33,837 [ERROR] LogOutputStream:74 - [STDERR_REDIRECT] [Fatal Error] :1:1: Premature end of file.
2026-09-19 14:46:33,838 [ERROR] LogOutputStream:74 - [STDERR_REDIRECT] 
2026-09-19 14:46:34,828 [ERROR] LogOutputStream:74 - [STDERR_REDIRECT] [Fatal Error] :1:1: Premature end of file.
2026-09-19 14:46:34,828 [ERROR] LogOutputStream:74 - [STDERR_REDIRECT] 
2026-09-19 14:46:35,821 [ERROR] LogOutputStream:74 - [STDERR_REDIRECT] [Fatal Error] :1:1: Premature end of file.
2026-09-19 14:46:35,821 [ERROR] LogOutputStream:74 - [STDERR_REDIRECT] 
2026-09-19 14:46:36,820 [ERROR] LogOutputStream:74 - [STDERR_REDIRECT] [Fatal Error] :1:1: Premature end of file.
2026-09-19 14:46:36,820 [ERROR] LogOutputStream:74 - [STDERR_REDIRECT] 
2026-09-19 14:46:37,824 [ERROR] LogOutputStream:74 - [STDERR_REDIRECT] [Fatal Error] :1:1: Premature end of file.
2026-09-19 14:46:37,824 [ERROR] LogOutputStream:74 - [STDERR_REDIRECT] 
2026-09-19 14:46:38,824 [ERROR] LogOutputStream:74 - [STDERR_REDIRECT] [Fatal Error] :1:1: Premature end of file.
2026-09-19 14:46:38,824 [ERROR] LogOutputStream:74 - [STDERR_REDIRECT] 
2026-09-19 14:46:39,822 [ERROR] LogOutputStream:74 - [STDERR_REDIRECT] [Fatal Error] :1:1: Premature end of file.
2026-09-19 14:46:39,822 [ERROR] LogOutputStream:74 - [STDERR_REDIRECT] 
2026-09-19 14:46:40,831 [ERROR] LogOutputStream:74 - [STDERR_REDIRECT] [Fatal Error] :1:1: Premature end of file.
2026-09-19 14:46:40,832 [ERROR] LogOutputStream:74 - [STDERR_REDIRECT] 
2026-09-19 14:46:41,818 [ERROR] LogOutputStream:74 - [STDERR_REDIRECT] [Fatal Error] :1:1: Premature end of file.
2026-09-19 14:46:41,818 [ERROR] LogOutputStream:74 - [STDERR_REDIRECT] 
2026-09-19 14:46:42,818 [ERROR] LogOutputStream:74 - [STDERR_REDIRECT] [Fatal Error] :1:1: Premature end of file.
2026-09-19 14:46:42,819 [ERROR] LogOutputStream:74 - [STDERR_REDIRECT] 
2026-09-19 14:46:43,832 [ERROR] LogOutputStream:74 - [STDERR_REDIRECT] [Fatal Error] :1:1: Premature end of file.
2026-09-19 14:46:43,833 [ERROR] LogOutputStream:74 - [STDERR_REDIRECT] 
2026-09-19 14:46:44,832 [ERROR] LogOutputStream:74 - [STDERR_REDIRECT] [Fatal Error] :1:1: Premature end of file.
2026-09-19 14:46:44,832 [ERROR] LogOutputStream:74 - [STDERR_REDIRECT] 
2026-09-19 14:46:45,825 [ERROR] LogOutputStream:74 - [STDERR_REDIRECT] [Fatal Error] :1:1: Premature end of file.
2026-09-19 14:46:45,825 [ERROR] LogOutputStream:74 - [STDERR_REDIRECT] 
2026-09-19 14:46:46,824 [ERROR] LogOutputStream:74 - [STDERR_REDIRECT] [Fatal Error] :1:1: Premature end of file.
2026-09-19 14:46:46,825 [ERROR] LogOutputStream:74 - [STDERR_REDIRECT] 
2026-09-19 14:46:47,832 [ERROR] LogOutputStream:74 - [STDERR_REDIRECT] [Fatal Error] :1:1: Premature end of file.
2026-09-19 14:46:47,832 [ERROR] LogOutputStream:74 - [STDERR_REDIRECT] 
2026-09-19 14:46:48,823 [ERROR] LogOutputStream:74 - [STDERR_REDIRECT] [Fatal Error] :1:1: Premature end of file.
2026-09-19 14:46:48,824 [ERROR] LogOutputStream:74 - [STDERR_REDIRECT] 
2026-09-19 14:46:49,831 [ERROR] LogOutputStream:74 - [STDERR_REDIRECT] [Fatal Error] :1:1: Premature end of file.
2026-09-19 14:46:49,831 [ERROR] LogOutputStream:74 - [STDERR_REDIRECT] 
2026-09-19 14:46:50,823 [ERROR] LogOutputStream:74 - [STDERR_REDIRECT] [Fatal Error] :1:1: Premature end of file.
2026-09-19 14:46:50,824 [ERROR] LogOutputStream:74 - [STDERR_REDIRECT] 
2026-09-19 14:46:51,822 [ERROR] LogOutputStream:74 - [STDERR_REDIRECT] [Fatal Error] :1:1: Premature end of file.
2026-09-19 14:46:51,822 [ERROR] LogOutputStream:74 - [STDERR_REDIRECT] 
2026-09-19 14:46:52,815 [ERROR] LogOutputStream:74 - [STDERR_REDIRECT] [Fatal Error] :1:1: Premature end of file.
2026-09-19 14:46:52,816 [ERROR] LogOutputStream:74 - [STDERR_REDIRECT] 
2026-09-19 14:46:53,832 [ERROR] LogOutputStream:74 - [STDERR_REDIRECT] [Fatal Error] :1:1: Premature end of file.
2026-09-19 14:46:53,833 [ERROR] LogOutputStream:74 - [STDERR_REDIRECT] 
2026-09-19 14:46:54,839 [ERROR] LogOutputStream:74 - [STDERR_REDIRECT] [Fatal Error] :1:1: Premature end of file.
2026-09-19 14:46:54,840 [ERROR] LogOutputStream:74 - [STDERR_REDIRECT] 
2026-09-19 14:46:55,826 [ERROR] LogOutputStream:74 - [STDERR_REDIRECT] [Fatal Error] :1:1: Premature end of file.
2026-09-19 14:46:55,826 [ERROR] LogOutputStream:74 - [STDERR_REDIRECT] 
2026-09-19 14:46:56,825 [ERROR] LogOutputStream:74 - [STDERR_REDIRECT] [Fatal Error] :1:1: Premature end of file.
2026-09-19 14:46:56,825 [ERROR] LogOutputStream:74 - [STDERR_REDIRECT] 
2026-09-19 14:46:57,820 [ERROR] LogOutputStream:74 - [STDERR_REDIRECT] [Fatal Error] :1:1: Premature end of file.
2026-09-19 14:46:57,821 [ERROR] LogOutputStream:74 - [STDERR_REDIRECT] 
2026-09-19 14:46:58,828 [ERROR] LogOutputStream:74 - [STDERR_REDIRECT] [Fatal Error] :1:1: Premature end of file.
2026-09-19 14:46:58,829 [ERROR] LogOutputStream:74 - [STDERR_REDIRECT] 
2026-09-19 14:46:59,824 [ERROR] LogOutputStream:74 - [STDERR_REDIRECT] [Fatal Error] :1:1: Premature end of file.
2026-09-19 14:46:59,824 [ERROR] LogOutputStream:74 - [STDERR_REDIRECT] 
2026-09-19 14:47:00,817 [ERROR] LogOutputStream:74 - [STDERR_REDIRECT] [Fatal Error] :1:1: Premature end of file.
2026-09-19 14:47:00,817 [ERROR] LogOutputStream:74 - [STDERR_REDIRECT] 
2026-09-19 14:47:01,828 [ERROR] LogOutputStream:74 - [STDERR_REDIRECT] [Fatal Error] :1:1: Premature end of file.
2026-09-19 14:47:01,828 [ERROR] LogOutputStream:74 - [STDERR_REDIRECT] 
2026-09-19 14:47:02,824 [ERROR] LogOutputStream:74 - [STDERR_REDIRECT] [Fatal Error] :1:1: Premature end of file.
2026-09-19 14:47:02,824 [ERROR] LogOutputStream:74 - [STDERR_REDIRECT] 
2026-09-19 14:47:03,828 [ERROR] LogOutputStream:74 - [STDERR_REDIRECT] [Fatal Error] :1:1: Premature end of file.
2026-09-19 14:47:03,828 [ERROR] LogOutputStream:74 - [STDERR_REDIRECT] 
2026-09-19 14:47:04,824 [ERROR] LogOutputStream:74 - [STDERR_REDIRECT] [Fatal Error] :1:1: Premature end of file.
2026-09-19 14:47:04,824 [ERROR] LogOutputStream:74 - [STDERR_REDIRECT] 
2026-09-19 14:47:05,818 [ERROR] LogOutputStream:74 - [STDERR_REDIRECT] [Fatal Error] :1:1: Premature end of file.
2026-09-19 14:47:05,818 [ERROR] LogOutputStream:74 - [STDERR_REDIRECT] 
2026-09-19 14:47:06,830 [ERROR] LogOutputStream:74 - [STDERR_REDIRECT] [Fatal Error] :1:1: Premature end of file.
2026-09-19 14:47:06,831 [ERROR] LogOutputStream:74 - [STDERR_REDIRECT] 
2026-09-19 14:47:07,826 [ERROR] LogOutputStream:74 - [STDERR_REDIRECT] [Fatal Error] :1:1: Premature end of file.
2026-09-19 14:47:07,826 [ERROR] LogOutputStream:74 - [STDERR_REDIRECT] 
2026-09-19 14:47:08,824 [ERROR] LogOutputStream:74 - [STDERR_REDIRECT] [Fatal Error] :1:1: Premature end of file.
2026-09-19 14:47:08,824 [ERROR] LogOutputStream:74 - [STDERR_REDIRECT] 
2026-09-19 14:47:09,822 [ERROR] LogOutputStream:74 - [STDERR_REDIRECT] [Fatal Error] :1:1: Premature end of file.
2026-09-19 14:47:09,822 [ERROR] LogOutputStream:74 - [STDERR_REDIRECT] 
2026-09-19 14:47:10,819 [ERROR] LogOutputStream:74 - [STDERR_REDIRECT] [Fatal Error] :1:1: Premature end of file.
2026-09-19 14:47:10,819 [ERROR] LogOutputStream:74 - [STDERR_REDIRECT] 
2026-09-19 14:47:11,832 [ERROR] LogOutputStream:74 - [STDERR_REDIRECT] [Fatal Error] :1:1: Premature end of file.
2026-09-19 14:47:11,833 [ERROR] LogOutputStream:74 - [STDERR_REDIRECT] 
2026-09-19 14:47:12,830 [ERROR] LogOutputStream:74 - [STDERR_REDIRECT] [Fatal Error] :1:1: Premature end of file.
2026-09-19 14:47:12,831 [ERROR] LogOutputStream:74 - [STDERR_REDIRECT] 
2026-09-19 14:47:13,828 [ERROR] LogOutputStream:74 - [STDERR_REDIRECT] [Fatal Error] :1:1: Premature end of file.
2026-09-19 14:47:13,829 [ERROR] LogOutputStream:74 - [STDERR_REDIRECT] 
2026-09-19 14:47:14,820 [ERROR] LogOutputStream:74 - [STDERR_REDIRECT] [Fatal Error] :1:1: Premature end of file.
2026-09-19 14:47:14,821 [ERROR] LogOutputStream:74 - [STDERR_REDIRECT] 
2026-09-19 14:47:15,820 [ERROR] LogOutputStream:74 - [STDERR_REDIRECT] [Fatal Error] :1:1: Premature end of file.
2026-09-19 14:47:15,821 [ERROR] LogOutputStream:74 - [STDERR_REDIRECT] 
2026-09-19 14:47:16,823 [ERROR] LogOutputStream:74 - [STDERR_REDIRECT] [Fatal Error] :1:1: Premature end of file.
2026-09-19 14:47:16,824 [ERROR] LogOutputStream:74 - [STDERR_REDIRECT] 
2026-09-19 14:47:17,827 [ERROR] LogOutputStream:74 - [STDERR_REDIRECT] [Fatal Error] :1:1: Premature end of file.
2026-09-19 14:47:17,827 [ERROR] LogOutputStream:74 - [STDERR_REDIRECT] 
2026-09-19 14:47:18,822 [ERROR] LogOutputStream:74 - [STDERR_REDIRECT] [Fatal Error] :1:1: Premature end of file.
2026-09-19 14:47:18,823 [ERROR] LogOutputStream:74 - [STDERR_REDIRECT] 
2026-09-19 14:47:19,831 [ERROR] LogOutputStream:74 - [STDERR_REDIRECT] [Fatal Error] :1:1: Premature end of file.
2026-09-19 14:47:19,831 [ERROR] LogOutputStream:74 - [STDERR_REDIRECT] 
2026-09-19 14:47:20,832 [ERROR] LogOutputStream:74 - [STDERR_REDIRECT] [Fatal Error] :1:1: Premature end of file.
2026-09-19 14:47:20,833 [ERROR] LogOutputStream:74 - [STDERR_REDIRECT] 
2026-09-19 14:47:21,823 [ERROR] LogOutputStream:74 - [STDERR_REDIRECT] [Fatal Error] :1:1: Premature end of file.
2026-09-19 14:47:21,823 [ERROR] LogOutputStream:74 - [STDERR_REDIRECT] 
2026-09-19 14:47:22,822 [ERROR] LogOutputStream:74 - [STDERR_REDIRECT] [Fatal Error] :1:1: Premature end of file.
2026-09-19 14:47:22,823 [ERROR] LogOutputStream:74 - [STDERR_REDIRECT] 
2026-09-19 14:47:23,834 [ERROR] LogOutputStream:74 - [STDERR_REDIRECT] [Fatal Error] :1:1: Premature end of file.
2026-09-19 14:47:23,834 [ERROR] LogOutputStream:74 - [STDERR_REDIRECT] 
2026-09-19 14:47:24,829 [ERROR] LogOutputStream:74 - [STDERR_REDIRECT] [Fatal Error] :1:1: Premature end of file.
2026-09-19 14:47:24,830 [ERROR] LogOutputStream:74 - [STDERR_REDIRECT] 
2026-09-19 14:47:25,824 [ERROR] LogOutputStream:74 - [STDERR_REDIRECT] [Fatal Error] :1:1: Premature end of file.
2026-09-19 14:47:25,824 [ERROR] LogOutputStream:74 - [STDERR_REDIRECT] 
2026-09-19 14:47:26,827 [ERROR] LogOutputStream:74 - [STDERR_REDIRECT] [Fatal Error] :1:1: Premature end of file.
2026-09-19 14:47:26,827 [ERROR] LogOutputStream:74 - [STDERR_REDIRECT] 
2026-09-19 14:47:27,818 [ERROR] LogOutputStream:74 - [STDERR_REDIRECT] [Fatal Error] :1:1: Premature end of file.
2026-09-19 14:47:27,818 [ERROR] LogOutputStream:74 - [STDERR_REDIRECT] 
2026-09-19 14:47:28,812 [ERROR] LogOutputStream:74 - [STDERR_REDIRECT] [Fatal Error] :1:1: Premature end of file.
2026-09-19 14:47:28,812 [ERROR] LogOutputStream:74 - [STDERR_REDIRECT] 
2026-09-19 14:47:29,825 [ERROR] LogOutputStream:74 - [STDERR_REDIRECT] [Fatal Error] :1:1: Premature end of file.
2026-09-19 14:47:29,825 [ERROR] LogOutputStream:74 - [STDERR_REDIRECT] 
2026-09-19 14:47:30,823 [ERROR] LogOutputStream:74 - [STDERR_REDIRECT] [Fatal Error] :1:1: Premature end of file.
2026-09-19 14:47:30,823 [ERROR] LogOutputStream:74 - [STDERR_REDIRECT] 
2026-09-19 14:47:31,817 [ERROR] LogOutputStream:74 - [STDERR_REDIRECT] [Fatal Error] :1:1: Premature end of file.
2026-09-19 14:47:31,818 [ERROR] LogOutputStream:74 - [STDERR_REDIRECT] 
2026-09-19 14:47:32,819 [ERROR] LogOutputStream:74 - [STDERR_REDIRECT] [Fatal Error] :1:1: Premature end of file.
2026-09-19 14:47:32,819 [ERROR] LogOutputStream:74 - [STDERR_REDIRECT] 
2026-09-19 14:47:33,826 [ERROR] LogOutputStream:74 - [STDERR_REDIRECT] [Fatal Error] :1:1: Premature end of file.
2026-09-19 14:47:33,826 [ERROR] LogOutputStream:74 - [STDERR_REDIRECT] 
2026-09-19 14:47:34,828 [ERROR] LogOutputStream:74 - [STDERR_REDIRECT] [Fatal Error] :1:1: Premature end of file.
2026-09-19 14:47:34,828 [ERROR] LogOutputStream:74 - [STDERR_REDIRECT] 
2026-09-19 14:47:35,821 [ERROR] LogOutputStream:74 - [STDERR_REDIRECT] [Fatal Error] :1:1: Premature end of file.
2026-09-19 14:47:35,821 [ERROR] LogOutputStream:74 - [STDERR_REDIRECT] 
2026-09-19 14:47:36,819 [ERROR] LogOutputStream:74 - [STDERR_REDIRECT] [Fatal Error] :1:1: Premature end of file.
2026-09-19 14:47:36,820 [ERROR] LogOutputStream:74 - [STDERR_REDIRECT] 
2026-09-19 14:47:37,832 [ERROR] LogOutputStream:74 - [STDERR_REDIRECT] [Fatal Error] :1:1: Premature end of file.
2026-09-19 14:47:37,833 [ERROR] LogOutputStream:74 - [STDERR_REDIRECT] 
2026-09-19 14:47:38,828 [ERROR] LogOutputStream:74 - [STDERR_REDIRECT] [Fatal Error] :1:1: Premature end of file.
2026-09-19 14:47:38,828 [ERROR] LogOutputStream:74 - [STDERR_REDIRECT] 
2026-09-19 14:47:39,830 [ERROR] LogOutputStream:74 - [STDERR_REDIRECT] [Fatal Error] :1:1: Premature end of file.
2026-09-19 14:47:39,831 [ERROR] LogOutputStream:74 - [STDERR_REDIRECT] 
2026-09-19 14:47:40,828 [ERROR] LogOutputStream:74 - [STDERR_REDIRECT] [Fatal Error] :1:1: Premature end of file.
2026-09-19 14:47:40,828 [ERROR] LogOutputStream:74 - [STDERR_REDIRECT] 
2026-09-19 14:47:41,816 [ERROR] LogOutputStream:74 - [STDERR_REDIRECT] [Fatal Error] :1:1: Premature end of file.
2026-09-19 14:47:41,816 [ERROR] LogOutputStream:74 - [STDERR_REDIRECT] 
2026-09-19 14:47:42,820 [ERROR] LogOutputStream:74 - [STDERR_REDIRECT] [Fatal Error] :1:1: Premature end of file.
2026-09-19 14:47:42,820 [ERROR] LogOutputStream:74 - [STDERR_REDIRECT] 
2026-09-19 14:47:43,822 [ERROR] LogOutputStream:74 - [STDERR_REDIRECT] [Fatal Error] :1:1: Premature end of file.
2026-09-19 14:47:43,822 [ERROR] LogOutputStream:74 - [STDERR_REDIRECT] 
2026-09-19 14:47:44,824 [ERROR] LogOutputStream:74 - [STDERR_REDIRECT] [Fatal Error] :1:1: Premature end of file.
2026-09-19 14:47:44,824 [ERROR] LogOutputStream:74 - [STDERR_REDIRECT] 
2026-09-19 14:47:45,819 [ERROR] LogOutputStream:74 - [STDERR_REDIRECT] [Fatal Error] :1:1: Premature end of file.
2026-09-19 14:47:45,819 [ERROR] LogOutputStream:74 - [STDERR_REDIRECT] 
2026-09-19 14:47:46,832 [ERROR] LogOutputStream:74 - [STDERR_REDIRECT] [Fatal Error] :1:1: Premature end of file.
2026-09-19 14:47:46,832 [ERROR] LogOutputStream:74 - [STDERR_REDIRECT] 
2026-09-19 14:47:47,829 [ERROR] LogOutputStream:74 - [STDERR_REDIRECT] [Fatal Error] :1:1: Premature end of file.
2026-09-19 14:47:47,831 [ERROR] LogOutputStream:74 - [STDERR_REDIRECT] 
2026-09-19 14:47:48,818 [ERROR] LogOutputStream:74 - [STDERR_REDIRECT] [Fatal Error] :1:1: Premature end of file.
2026-09-19 14:47:48,819 [ERROR] LogOutputStream:74 - [STDERR_REDIRECT] 
2026-09-19 14:47:49,831 [ERROR] LogOutputStream:74 - [STDERR_REDIRECT] [Fatal Error] :1:1: Premature end of file.
2026-09-19 14:47:49,832 [ERROR] LogOutputStream:74 - [STDERR_REDIRECT] 
2026-09-19 14:47:50,821 [ERROR] LogOutputStream:74 - [STDERR_REDIRECT] [Fatal Error] :1:1: Premature end of file.
2026-09-19 14:47:50,821 [ERROR] LogOutputStream:74 - [STDERR_REDIRECT] 
2026-09-19 14:47:51,815 [ERROR] LogOutputStream:74 - [STDERR_REDIRECT] [Fatal Error] :1:1: Premature end of file.
2026-09-19 14:47:51,815 [ERROR] LogOutputStream:74 - [STDERR_REDIRECT] 
2026-09-19 14:47:52,814 [ERROR] LogOutputStream:74 - [STDERR_REDIRECT] [Fatal Error] :1:1: Premature end of file.
2026-09-19 14:47:52,814 [ERROR] LogOutputStream:74 - [STDERR_REDIRECT] 
2026-09-19 14:47:53,834 [ERROR] LogOutputStream:74 - [STDERR_REDIRECT] [Fatal Error] :1:1: Premature end of file.
2026-09-19 14:47:53,835 [ERROR] LogOutputStream:74 - [STDERR_REDIRECT] 
2026-09-19 14:47:54,827 [ERROR] LogOutputStream:74 - [STDERR_REDIRECT] [Fatal Error] :1:1: Premature end of file.
2026-09-19 14:47:54,827 [ERROR] LogOutputStream:74 - [STDERR_REDIRECT] 
2026-09-19 14:47:55,828 [ERROR] LogOutputStream:74 - [STDERR_REDIRECT] [Fatal Error] :1:1: Premature end of file.
2026-09-19 14:47:55,829 [ERROR] LogOutputStream:74 - [STDERR_REDIRECT] 
2026-09-19 14:47:56,815 [ERROR] LogOutputStream:74 - [STDERR_REDIRECT] [Fatal Error] :1:1: Premature end of file.
2026-09-19 14:47:56,816 [ERROR] LogOutputStream:74 - [STDERR_REDIRECT] 
2026-09-19 14:47:57,826 [ERROR] LogOutputStream:74 - [STDERR_REDIRECT] [Fatal Error] :1:1: Premature end of file.
2026-09-19 14:47:57,826 [ERROR] LogOutputStream:74 - [STDERR_REDIRECT] 
2026-09-19 14:47:58,832 [ERROR] LogOutputStream:74 - [STDERR_REDIRECT] [Fatal Error] :1:1: Premature end of file.
2026-09-19 14:47:58,833 [ERROR] LogOutputStream:74 - [STDERR_REDIRECT] 
2026-09-19 14:47:59,820 [ERROR] LogOutputStream:74 - [STDERR_REDIRECT] [Fatal Error] :1:1: Premature end of file.
2026-09-19 14:47:59,821 [ERROR] LogOutputStream:74 - [STDERR_REDIRECT] 
2026-09-19 14:48:00,821 [ERROR] LogOutputStream:74 - [STDERR_REDIRECT] [Fatal Error] :1:1: Premature end of file.
2026-09-19 14:48:00,822 [ERROR] LogOutputStream:74 - [STDERR_REDIRECT] 
2026-09-19 14:48:01,833 [ERROR] LogOutputStream:74 - [STDERR_REDIRECT] [Fatal Error] :1:1: Premature end of file.
2026-09-19 14:48:01,833 [ERROR] LogOutputStream:74 - [STDERR_REDIRECT] 
2026-09-19 14:48:02,836 [ERROR] LogOutputStream:74 - [STDERR_REDIRECT] [Fatal Error] :1:1: Premature end of file.
2026-09-19 14:48:02,837 [ERROR] LogOutputStream:74 - [STDERR_REDIRECT] 
2026-09-19 14:48:03,851 [ERROR] LogOutputStream:74 - [STDERR_REDIRECT] [Fatal Error] :1:1: Premature end of file.
2026-09-19 14:48:03,852 [ERROR] LogOutputStream:74 - [STDERR_REDIRECT] 
2026-09-19 14:48:04,815 [ERROR] LogOutputStream:74 - [STDERR_REDIRECT] [Fatal Error] :1:1: Premature end of file.
2026-09-19 14:48:04,815 [ERROR] LogOutputStream:74 - [STDERR_REDIRECT] 
2026-09-19 14:48:05,832 [ERROR] LogOutputStream:74 - [STDERR_REDIRECT] [Fatal Error] :1:1: Premature end of file.
2026-09-19 14:48:05,834 [ERROR] LogOutputStream:74 - [STDERR_REDIRECT] 
2026-09-19 14:48:06,828 [ERROR] LogOutputStream:74 - [STDERR_REDIRECT] [Fatal Error] :1:1: Premature end of file.
2026-09-19 14:48:06,828 [ERROR] LogOutputStream:74 - [STDERR_REDIRECT] 
2026-09-19 14:48:07,821 [ERROR] LogOutputStream:74 - [STDERR_REDIRECT] [Fatal Error] :1:1: Premature end of file.
2026-09-19 14:48:07,821 [ERROR] LogOutputStream:74 - [STDERR_REDIRECT] 
2026-09-19 14:48:08,833 [ERROR] LogOutputStream:74 - [STDERR_REDIRECT] [Fatal Error] :1:1: Premature end of file.
2026-09-19 14:48:08,833 [ERROR] LogOutputStream:74 - [STDERR_REDIRECT] 
2026-09-19 14:48:09,818 [ERROR] LogOutputStream:74 - [STDERR_REDIRECT] [Fatal Error] :1:1: Premature end of file.
2026-09-19 14:48:09,818 [ERROR] LogOutputStream:74 - [STDERR_REDIRECT] 
2026-09-19 14:48:10,819 [ERROR] LogOutputStream:74 - [STDERR_REDIRECT] [Fatal Error] :1:1: Premature end of file.
2026-09-19 14:48:10,820 [ERROR] LogOutputStream:74 - [STDERR_REDIRECT] 
2026-09-19 14:48:11,831 [ERROR] LogOutputStream:74 - [STDERR_REDIRECT] [Fatal Error] :1:1: Premature end of file.
2026-09-19 14:48:11,831 [ERROR] LogOutputStream:74 - [STDERR_REDIRECT] 
2026-09-19 14:48:12,828 [ERROR] LogOutputStream:74 - [STDERR_REDIRECT] [Fatal Error] :1:1: Premature end of file.
2026-09-19 14:48:12,829 [ERROR] LogOutputStream:74 - [STDERR_REDIRECT] 
2026-09-19 14:48:13,826 [ERROR] LogOutputStream:74 - [STDERR_REDIRECT] [Fatal Error] :1:1: Premature end of file.
2026-09-19 14:48:13,826 [ERROR] LogOutputStream:74 - [STDERR_REDIRECT] 
2026-09-19 14:48:14,819 [ERROR] LogOutputStream:74 - [STDERR_REDIRECT] [Fatal Error] :1:1: Premature end of file.
2026-09-19 14:48:14,819 [ERROR] LogOutputStream:74 - [STDERR_REDIRECT] 
2026-09-19 14:48:15,817 [ERROR] LogOutputStream:74 - [STDERR_REDIRECT] [Fatal Error] :1:1: Premature end of file.
2026-09-19 14:48:15,817 [ERROR] LogOutputStream:74 - [STDERR_REDIRECT] 
2026-09-19 14:48:16,826 [ERROR] LogOutputStream:74 - [STDERR_REDIRECT] [Fatal Error] :1:1: Premature end of file.
2026-09-19 14:48:16,826 [ERROR] LogOutputStream:74 - [STDERR_REDIRECT] 
2026-09-19 14:48:17,828 [ERROR] LogOutputStream:74 - [STDERR_REDIRECT] [Fatal Error] :1:1: Premature end of file.
2026-09-19 14:48:17,829 [ERROR] LogOutputStream:74 - [STDERR_REDIRECT] 
2026-09-19 14:48:18,814 [ERROR] LogOutputStream:74 - [STDERR_REDIRECT] [Fatal Error] :1:1: Premature end of file.
2026-09-19 14:48:18,814 [ERROR] LogOutputStream:74 - [STDERR_REDIRECT] 
2026-09-19 14:48:19,816 [ERROR] LogOutputStream:74 - [STDERR_REDIRECT] [Fatal Error] :1:1: Premature end of file.
2026-09-19 14:48:19,816 [ERROR] LogOutputStream:74 - [STDERR_REDIRECT] 
2026-09-19 14:48:20,825 [ERROR] LogOutputStream:74 - [STDERR_REDIRECT] [Fatal Error] :1:1: Premature end of file.
2026-09-19 14:48:20,825 [ERROR] LogOutputStream:74 - [STDERR_REDIRECT] 
2026-09-19 14:48:21,821 [ERROR] LogOutputStream:74 - [STDERR_REDIRECT] [Fatal Error] :1:1: Premature end of file.
2026-09-19 14:48:21,822 [ERROR] LogOutputStream:74 - [STDERR_REDIRECT] 
2026-09-19 14:48:22,827 [ERROR] LogOutputStream:74 - [STDERR_REDIRECT] [Fatal Error] :1:1: Premature end of file.
2026-09-19 14:48:22,827 [ERROR] LogOutputStream:74 - [STDERR_REDIRECT] 
2026-09-19 14:48:23,830 [ERROR] LogOutputStream:74 - [STDERR_REDIRECT] [Fatal Error] :1:1: Premature end of file.
2026-09-19 14:48:23,830 [ERROR] LogOutputStream:74 - [STDERR_REDIRECT] 
2026-09-19 14:48:24,823 [ERROR] LogOutputStream:74 - [STDERR_REDIRECT] [Fatal Error] :1:1: Premature end of file.
2026-09-19 14:48:24,823 [ERROR] LogOutputStream:74 - [STDERR_REDIRECT] 
2026-09-19 14:48:25,831 [ERROR] LogOutputStream:74 - [STDERR_REDIRECT] [Fatal Error] :1:1: Premature end of file.
2026-09-19 14:48:25,831 [ERROR] LogOutputStream:74 - [STDERR_REDIRECT] 
2026-09-19 14:48:26,822 [ERROR] LogOutputStream:74 - [STDERR_REDIRECT] [Fatal Error] :1:1: Premature end of file.
2026-09-19 14:48:26,822 [ERROR] LogOutputStream:74 - [STDERR_REDIRECT] 
2026-09-19 14:48:27,820 [ERROR] LogOutputStream:74 - [STDERR_REDIRECT] [Fatal Error] :1:1: Premature end of file.
2026-09-19 14:48:27,821 [ERROR] LogOutputStream:74 - [STDERR_REDIRECT] 
2026-09-19 14:48:28,811 [ERROR] LogOutputStream:74 - [STDERR_REDIRECT] [Fatal Error] :1:1: Premature end of file.
2026-09-19 14:48:28,811 [ERROR] LogOutputStream:74 - [STDERR_REDIRECT] 
2026-09-19 14:48:29,840 [ERROR] LogOutputStream:74 - [STDERR_REDIRECT] [Fatal Error] :1:1: Premature end of file.
2026-09-19 14:48:29,840 [ERROR] LogOutputStream:74 - [STDERR_REDIRECT] 
2026-09-19 14:48:30,816 [ERROR] LogOutputStream:74 - [STDERR_REDIRECT] [Fatal Error] :1:1: Premature end of file.
2026-09-19 14:48:30,817 [ERROR] LogOutputStream:74 - [STDERR_REDIRECT] 
2026-09-19 14:48:31,822 [ERROR] LogOutputStream:74 - [STDERR_REDIRECT] [Fatal Error] :1:1: Premature end of file.
2026-09-19 14:48:31,822 [ERROR] LogOutputStream:74 - [STDERR_REDIRECT] 
2026-09-19 14:48:32,818 [ERROR] LogOutputStream:74 - [STDERR_REDIRECT] [Fatal Error] :1:1: Premature end of file.
2026-09-19 14:48:32,818 [ERROR] LogOutputStream:74 - [STDERR_REDIRECT] 
2026-09-19 14:48:33,831 [ERROR] LogOutputStream:74 - [STDERR_REDIRECT] [Fatal Error] :1:1: Premature end of file.
2026-09-19 14:48:33,831 [ERROR] LogOutputStream:74 - [STDERR_REDIRECT] 
2026-09-19 14:48:34,824 [ERROR] LogOutputStream:74 - [STDERR_REDIRECT] [Fatal Error] :1:1: Premature end of file.
2026-09-19 14:48:34,824 [ERROR] LogOutputStream:74 - [STDERR_REDIRECT] 
2026-09-19 14:48:35,818 [ERROR] LogOutputStream:74 - [STDERR_REDIRECT] [Fatal Error] :1:1: Premature end of file.
2026-09-19 14:48:35,818 [ERROR] LogOutputStream:74 - [STDERR_REDIRECT] 
2026-09-19 14:48:36,820 [ERROR] LogOutputStream:74 - [STDERR_REDIRECT] [Fatal Error] :1:1: Premature end of file.
2026-09-19 14:48:36,820 [ERROR] LogOutputStream:74 - [STDERR_REDIRECT] 
2026-09-19 14:48:37,829 [ERROR] LogOutputStream:74 - [STDERR_REDIRECT] [Fatal Error] :1:1: Premature end of file.
2026-09-19 14:48:37,829 [ERROR] LogOutputStream:74 - [STDERR_REDIRECT] 
2026-09-19 14:48:38,821 [ERROR] LogOutputStream:74 - [STDERR_REDIRECT] [Fatal Error] :1:1: Premature end of file.
2026-09-19 14:48:38,821 [ERROR] LogOutputStream:74 - [STDERR_REDIRECT] 
2026-09-19 14:48:39,821 [ERROR] LogOutputStream:74 - [STDERR_REDIRECT] [Fatal Error] :1:1: Premature end of file.
2026-09-19 14:48:39,822 [ERROR] LogOutputStream:74 - [STDERR_REDIRECT] 
2026-09-19 14:48:40,820 [ERROR] LogOutputStream:74 - [STDERR_REDIRECT] [Fatal Error] :1:1: Premature end of file.
2026-09-19 14:48:40,821 [ERROR] LogOutputStream:74 - [STDERR_REDIRECT] 
2026-09-19 14:48:41,823 [ERROR] LogOutputStream:74 - [STDERR_REDIRECT] [Fatal Error] :1:1: Premature end of file.
2026-09-19 14:48:41,823 [ERROR] LogOutputStream:74 - [STDERR_REDIRECT] 
2026-09-19 14:48:42,815 [ERROR] LogOutputStream:74 - [STDERR_REDIRECT] [Fatal Error] :1:1: Premature end of file.
2026-09-19 14:48:42,816 [ERROR] LogOutputStream:74 - [STDERR_REDIRECT] 
2026-09-19 14:48:43,826 [ERROR] LogOutputStream:74 - [STDERR_REDIRECT] [Fatal Error] :1:1: Premature end of file.
2026-09-19 14:48:43,826 [ERROR] LogOutputStream:74 - [STDERR_REDIRECT] 
2026-09-19 14:48:44,830 [ERROR] LogOutputStream:74 - [STDERR_REDIRECT] [Fatal Error] :1:1: Premature end of file.
2026-09-19 14:48:44,830 [ERROR] LogOutputStream:74 - [STDERR_REDIRECT] 
2026-09-19 14:48:45,830 [ERROR] LogOutputStream:74 - [STDERR_REDIRECT] [Fatal Error] :1:1: Premature end of file.
2026-09-19 14:48:45,830 [ERROR] LogOutputStream:74 - [STDERR_REDIRECT] 
2026-09-19 14:48:46,817 [ERROR] LogOutputStream:74 - [STDERR_REDIRECT] [Fatal Error] :1:1: Premature end of file.
2026-09-19 14:48:46,817 [ERROR] LogOutputStream:74 - [STDERR_REDIRECT] 
2026-09-19 14:48:47,819 [ERROR] LogOutputStream:74 - [STDERR_REDIRECT] [Fatal Error] :1:1: Premature end of file.
2026-09-19 14:48:47,819 [ERROR] LogOutputStream:74 - [STDERR_REDIRECT] 
2026-09-19 14:48:48,825 [ERROR] LogOutputStream:74 - [STDERR_REDIRECT] [Fatal Error] :1:1: Premature end of file.
2026-09-19 14:48:48,826 [ERROR] LogOutputStream:74 - [STDERR_REDIRECT] 
2026-09-19 14:48:49,819 [ERROR] LogOutputStream:74 - [STDERR_REDIRECT] [Fatal Error] :1:1: Premature end of file.
2026-09-19 14:48:49,819 [ERROR] LogOutputStream:74 - [STDERR_REDIRECT] 
2026-09-19 14:48:50,822 [ERROR] LogOutputStream:74 - [STDERR_REDIRECT] [Fatal Error] :1:1: Premature end of file.
2026-09-19 14:48:50,822 [ERROR] LogOutputStream:74 - [STDERR_REDIRECT] 
2026-09-19 14:48:51,824 [ERROR] LogOutputStream:74 - [STDERR_REDIRECT] [Fatal Error] :1:1: Premature end of file.
2026-09-19 14:48:51,824 [ERROR] LogOutputStream:74 - [STDERR_REDIRECT] 
2026-09-19 14:48:52,827 [ERROR] LogOutputStream:74 - [STDERR_REDIRECT] [Fatal Error] :1:1: Premature end of file.
2026-09-19 14:48:52,827 [ERROR] LogOutputStream:74 - [STDERR_REDIRECT] 
2026-09-19 14:48:53,825 [ERROR] LogOutputStream:74 - [STDERR_REDIRECT] [Fatal Error] :1:1: Premature end of file.
2026-09-19 14:48:53,825 [ERROR] LogOutputStream:74 - [STDERR_REDIRECT] 
2026-09-19 14:48:54,820 [ERROR] LogOutputStream:74 - [STDERR_REDIRECT] [Fatal Error] :1:1: Premature end of file.
2026-09-19 14:48:54,820 [ERROR] LogOutputStream:74 - [STDERR_REDIRECT] 
2026-09-19 14:48:55,818 [ERROR] LogOutputStream:74 - [STDERR_REDIRECT] [Fatal Error] :1:1: Premature end of file.
2026-09-19 14:48:55,818 [ERROR] LogOutputStream:74 - [STDERR_REDIRECT] 
2026-09-19 14:48:56,814 [ERROR] LogOutputStream:74 - [STDERR_REDIRECT] [Fatal Error] :1:1: Premature end of file.
2026-09-19 14:48:56,814 [ERROR] LogOutputStream:74 - [STDERR_REDIRECT] 
2026-09-19 14:48:57,819 [ERROR] LogOutputStream:74 - [STDERR_REDIRECT] [Fatal Error] :1:1: Premature end of file.
2026-09-19 14:48:57,820 [ERROR] LogOutputStream:74 - [STDERR_REDIRECT] 
2026-09-19 14:48:58,821 [ERROR] LogOutputStream:74 - [STDERR_REDIRECT] [Fatal Error] :1:1: Premature end of file.
2026-09-19 14:48:58,822 [ERROR] LogOutputStream:74 - [STDERR_REDIRECT] 
2026-09-19 14:48:59,829 [ERROR] LogOutputStream:74 - [STDERR_REDIRECT] [Fatal Error] :1:1: Premature end of file.
2026-09-19 14:48:59,830 [ERROR] LogOutputStream:74 - [STDERR_REDIRECT] 
2026-09-19 14:49:00,830 [ERROR] LogOutputStream:74 - [STDERR_REDIRECT] [Fatal Error] :1:1: Premature end of file.
2026-09-19 14:49:00,830 [ERROR] LogOutputStream:74 - [STDERR_REDIRECT] 
2026-09-19 14:49:01,818 [ERROR] LogOutputStream:74 - [STDERR_REDIRECT] [Fatal Error] :1:1: Premature end of file.
2026-09-19 14:49:01,818 [ERROR] LogOutputStream:74 - [STDERR_REDIRECT] 
2026-09-19 14:49:02,821 [ERROR] LogOutputStream:74 - [STDERR_REDIRECT] [Fatal Error] :1:1: Premature end of file.
2026-09-19 14:49:02,821 [ERROR] LogOutputStream:74 - [STDERR_REDIRECT] 
2026-09-19 14:49:03,818 [ERROR] LogOutputStream:74 - [STDERR_REDIRECT] [Fatal Error] :1:1: Premature end of file.
2026-09-19 14:49:03,818 [ERROR] LogOutputStream:74 - [STDERR_REDIRECT] 
2026-09-19 14:49:04,810 [ERROR] LogOutputStream:74 - [STDERR_REDIRECT] [Fatal Error] :1:1: Premature end of file.
2026-09-19 14:49:04,810 [ERROR] LogOutputStream:74 - [STDERR_REDIRECT] 
2026-09-19 14:49:05,826 [ERROR] LogOutputStream:74 - [STDERR_REDIRECT] [Fatal Error] :1:1: Premature end of file.
2026-09-19 14:49:05,826 [ERROR] LogOutputStream:74 - [STDERR_REDIRECT] 
2026-09-19 14:49:06,820 [ERROR] LogOutputStream:74 - [STDERR_REDIRECT] [Fatal Error] :1:1: Premature end of file.
2026-09-19 14:49:06,821 [ERROR] LogOutputStream:74 - [STDERR_REDIRECT] 
2026-09-19 14:49:07,816 [ERROR] LogOutputStream:74 - [STDERR_REDIRECT] [Fatal Error] :1:1: Premature end of file.
2026-09-19 14:49:07,816 [ERROR] LogOutputStream:74 - [STDERR_REDIRECT] 
2026-09-19 14:49:08,820 [ERROR] LogOutputStream:74 - [STDERR_REDIRECT] [Fatal Error] :1:1: Premature end of file.
2026-09-19 14:49:08,820 [ERROR] LogOutputStream:74 - [STDERR_REDIRECT] 
2026-09-19 14:49:09,824 [ERROR] LogOutputStream:74 - [STDERR_REDIRECT] [Fatal Error] :1:1: Premature end of file.
2026-09-19 14:49:09,824 [ERROR] LogOutputStream:74 - [STDERR_REDIRECT] 
2026-09-19 14:49:10,828 [ERROR] LogOutputStream:74 - [STDERR_REDIRECT] [Fatal Error] :1:1: Premature end of file.
2026-09-19 14:49:10,828 [ERROR] LogOutputStream:74 - [STDERR_REDIRECT] 
2026-09-19 14:49:11,821 [ERROR] LogOutputStream:74 - [STDERR_REDIRECT] [Fatal Error] :1:1: Premature end of file.
2026-09-19 14:49:11,821 [ERROR] LogOutputStream:74 - [STDERR_REDIRECT] 
2026-09-19 14:49:12,819 [ERROR] LogOutputStream:74 - [STDERR_REDIRECT] [Fatal Error] :1:1: Premature end of file.
2026-09-19 14:49:12,819 [ERROR] LogOutputStream:74 - [STDERR_REDIRECT] 
2026-09-19 14:49:13,827 [ERROR] LogOutputStream:74 - [STDERR_REDIRECT] [Fatal Error] :1:1: Premature end of file.
2026-09-19 14:49:13,827 [ERROR] LogOutputStream:74 - [STDERR_REDIRECT] 
2026-09-19 14:49:14,825 [ERROR] LogOutputStream:74 - [STDERR_REDIRECT] [Fatal Error] :1:1: Premature end of file.
2026-09-19 14:49:14,826 [ERROR] LogOutputStream:74 - [STDERR_REDIRECT] 
2026-09-19 14:49:15,821 [ERROR] LogOutputStream:74 - [STDERR_REDIRECT] [Fatal Error] :1:1: Premature end of file.
2026-09-19 14:49:15,821 [ERROR] LogOutputStream:74 - [STDERR_REDIRECT] 
2026-09-19 14:49:16,813 [ERROR] LogOutputStream:74 - [STDERR_REDIRECT] [Fatal Error] :1:1: Premature end of file.
2026-09-19 14:49:16,813 [ERROR] LogOutputStream:74 - [STDERR_REDIRECT] 
2026-09-19 14:49:17,816 [ERROR] LogOutputStream:74 - [STDERR_REDIRECT] [Fatal Error] :1:1: Premature end of file.
2026-09-19 14:49:17,816 [ERROR] LogOutputStream:74 - [STDERR_REDIRECT] 
2026-09-19 14:49:18,821 [ERROR] LogOutputStream:74 - [STDERR_REDIRECT] [Fatal Error] :1:1: Premature end of file.
2026-09-19 14:49:18,822 [ERROR] LogOutputStream:74 - [STDERR_REDIRECT] 
2026-09-19 14:49:19,823 [ERROR] LogOutputStream:74 - [STDERR_REDIRECT] [Fatal Error] :1:1: Premature end of file.
2026-09-19 14:49:19,824 [ERROR] LogOutputStream:74 - [STDERR_REDIRECT] 
2026-09-19 14:49:20,813 [ERROR] LogOutputStream:74 - [STDERR_REDIRECT] [Fatal Error] :1:1: Premature end of file.
2026-09-19 14:49:20,813 [ERROR] LogOutputStream:74 - [STDERR_REDIRECT] 
2026-09-19 14:49:21,817 [ERROR] LogOutputStream:74 - [STDERR_REDIRECT] [Fatal Error] :1:1: Premature end of file.
2026-09-19 14:49:21,817 [ERROR] LogOutputStream:74 - [STDERR_REDIRECT] 
2026-09-19 14:49:22,822 [ERROR] LogOutputStream:74 - [STDERR_REDIRECT] [Fatal Error] :1:1: Premature end of file.
2026-09-19 14:49:22,822 [ERROR] LogOutputStream:74 - [STDERR_REDIRECT] 
2026-09-19 14:49:23,820 [ERROR] LogOutputStream:74 - [STDERR_REDIRECT] [Fatal Error] :1:1: Premature end of file.
2026-09-19 14:49:23,821 [ERROR] LogOutputStream:74 - [STDERR_REDIRECT] 
2026-09-19 14:49:24,815 [ERROR] LogOutputStream:74 - [STDERR_REDIRECT] [Fatal Error] :1:1: Premature end of file.
2026-09-19 14:49:24,815 [ERROR] LogOutputStream:74 - [STDERR_REDIRECT] 
2026-09-19 14:49:25,831 [ERROR] LogOutputStream:74 - [STDERR_REDIRECT] [Fatal Error] :1:1: Premature end of file.
2026-09-19 14:49:25,831 [ERROR] LogOutputStream:74 - [STDERR_REDIRECT] 
2026-09-19 14:49:26,827 [ERROR] LogOutputStream:74 - [STDERR_REDIRECT] [Fatal Error] :1:1: Premature end of file.
2026-09-19 14:49:26,827 [ERROR] LogOutputStream:74 - [STDERR_REDIRECT] 
2026-09-19 14:49:27,814 [ERROR] LogOutputStream:74 - [STDERR_REDIRECT] [Fatal Error] :1:1: Premature end of file.
2026-09-19 14:49:27,815 [ERROR] LogOutputStream:74 - [STDERR_REDIRECT] 
2026-09-19 14:49:28,814 [ERROR] LogOutputStream:74 - [STDERR_REDIRECT] [Fatal Error] :1:1: Premature end of file.
2026-09-19 14:49:28,815 [ERROR] LogOutputStream:74 - [STDERR_REDIRECT] 
2026-09-19 14:49:29,827 [ERROR] LogOutputStream:74 - [STDERR_REDIRECT] [Fatal Error] :1:1: Premature end of file.
2026-09-19 14:49:29,827 [ERROR] LogOutputStream:74 - [STDERR_REDIRECT] 
2026-09-19 14:49:30,826 [ERROR] LogOutputStream:74 - [STDERR_REDIRECT] [Fatal Error] :1:1: Premature end of file.
2026-09-19 14:49:30,827 [ERROR] LogOutputStream:74 - [STDERR_REDIRECT] 
2026-09-19 14:49:31,821 [ERROR] LogOutputStream:74 - [STDERR_REDIRECT] [Fatal Error] :1:1: Premature end of file.
2026-09-19 14:49:31,821 [ERROR] LogOutputStream:74 - [STDERR_REDIRECT] 
2026-09-19 14:49:32,816 [ERROR] LogOutputStream:74 - [STDERR_REDIRECT] [Fatal Error] :1:1: Premature end of file.
2026-09-19 14:49:32,817 [ERROR] LogOutputStream:74 - [STDERR_REDIRECT] 
2026-09-19 14:49:33,830 [ERROR] LogOutputStream:74 - [STDERR_REDIRECT] [Fatal Error] :1:1: Premature end of file.
2026-09-19 14:49:33,830 [ERROR] LogOutputStream:74 - [STDERR_REDIRECT] 
2026-09-19 14:49:34,821 [ERROR] LogOutputStream:74 - [STDERR_REDIRECT] [Fatal Error] :1:1: Premature end of file.
2026-09-19 14:49:34,821 [ERROR] LogOutputStream:74 - [STDERR_REDIRECT] 
2026-09-19 14:49:35,820 [ERROR] LogOutputStream:74 - [STDERR_REDIRECT] [Fatal Error] :1:1: Premature end of file.
2026-09-19 14:49:35,820 [ERROR] LogOutputStream:74 - [STDERR_REDIRECT] 
2026-09-19 14:49:36,831 [ERROR] LogOutputStream:74 - [STDERR_REDIRECT] [Fatal Error] :1:1: Premature end of file.
2026-09-19 14:49:36,831 [ERROR] LogOutputStream:74 - [STDERR_REDIRECT] 
2026-09-19 14:49:37,827 [ERROR] LogOutputStream:74 - [STDERR_REDIRECT] [Fatal Error] :1:1: Premature end of file.
2026-09-19 14:49:37,827 [ERROR] LogOutputStream:74 - [STDERR_REDIRECT] 
2026-09-19 14:49:38,826 [ERROR] LogOutputStream:74 - [STDERR_REDIRECT] [Fatal Error] :1:1: Premature end of file.
2026-09-19 14:49:38,826 [ERROR] LogOutputStream:74 - [STDERR_REDIRECT] 
2026-09-19 14:49:39,821 [ERROR] LogOutputStream:74 - [STDERR_REDIRECT] [Fatal Error] :1:1: Premature end of file.
2026-09-19 14:49:39,821 [ERROR] LogOutputStream:74 - [STDERR_REDIRECT] 
2026-09-19 14:49:40,822 [ERROR] LogOutputStream:74 - [STDERR_REDIRECT] [Fatal Error] :1:1: Premature end of file.
2026-09-19 14:49:40,822 [ERROR] LogOutputStream:74 - [STDERR_REDIRECT] 
2026-09-19 14:49:41,820 [ERROR] LogOutputStream:74 - [STDERR_REDIRECT] [Fatal Error] :1:1: Premature end of file.
2026-09-19 14:49:41,820 [ERROR] LogOutputStream:74 - [STDERR_REDIRECT] 
2026-09-19 14:49:42,821 [ERROR] LogOutputStream:74 - [STDERR_REDIRECT] [Fatal Error] :1:1: Premature end of file.
2026-09-19 14:49:42,821 [ERROR] LogOutputStream:74 - [STDERR_REDIRECT] 
2026-09-19 14:49:43,826 [ERROR] LogOutputStream:74 - [STDERR_REDIRECT] [Fatal Error] :1:1: Premature end of file.
2026-09-19 14:49:43,826 [ERROR] LogOutputStream:74 - [STDERR_REDIRECT] 
2026-09-19 14:49:44,824 [ERROR] LogOutputStream:74 - [STDERR_REDIRECT] [Fatal Error] :1:1: Premature end of file.
2026-09-19 14:49:44,824 [ERROR] LogOutputStream:74 - [STDERR_REDIRECT] 
2026-09-19 14:49:45,815 [ERROR] LogOutputStream:74 - [STDERR_REDIRECT] [Fatal Error] :1:1: Premature end of file.
2026-09-19 14:49:45,815 [ERROR] LogOutputStream:74 - [STDERR_REDIRECT] 
2026-09-19 14:49:46,814 [ERROR] LogOutputStream:74 - [STDERR_REDIRECT] [Fatal Error] :1:1: Premature end of file.
2026-09-19 14:49:46,814 [ERROR] LogOutputStream:74 - [STDERR_REDIRECT] 
2026-09-19 14:49:47,829 [ERROR] LogOutputStream:74 - [STDERR_REDIRECT] [Fatal Error] :1:1: Premature end of file.
2026-09-19 14:49:47,829 [ERROR] LogOutputStream:74 - [STDERR_REDIRECT] 
2026-09-19 14:49:48,836 [ERROR] LogOutputStream:74 - [STDERR_REDIRECT] [Fatal Error] :1:1: Premature end of file.
2026-09-19 14:49:48,836 [ERROR] LogOutputStream:74 - [STDERR_REDIRECT] 
2026-09-19 14:49:49,832 [ERROR] LogOutputStream:74 - [STDERR_REDIRECT] [Fatal Error] :1:1: Premature end of file.
2026-09-19 14:49:49,833 [ERROR] LogOutputStream:74 - [STDERR_REDIRECT] 
2026-09-19 14:49:50,825 [ERROR] LogOutputStream:74 - [STDERR_REDIRECT] [Fatal Error] :1:1: Premature end of file.
2026-09-19 14:49:50,825 [ERROR] LogOutputStream:74 - [STDERR_REDIRECT] 
2026-09-19 14:49:51,821 [ERROR] LogOutputStream:74 - [STDERR_REDIRECT] [Fatal Error] :1:1: Premature end of file.
2026-09-19 14:49:51,822 [ERROR] LogOutputStream:74 - [STDERR_REDIRECT] 
2026-09-19 14:49:52,813 [ERROR] LogOutputStream:74 - [STDERR_REDIRECT] [Fatal Error] :1:1: Premature end of file.
2026-09-19 14:49:52,813 [ERROR] LogOutputStream:74 - [STDERR_REDIRECT] 
2026-09-19 14:49:53,874 [ERROR] LogOutputStream:74 - [STDERR_REDIRECT] [Fatal Error] :1:1: Premature end of file.
2026-09-19 14:49:53,875 [ERROR] LogOutputStream:74 - [STDERR_REDIRECT] 
2026-09-19 14:50:03,193 [INFO] Activator:177 - 


2026-09-19 14:50:03,195 [INFO] Activator:178 - !SESSION log4j initialized
2026-09-19 14:50:09,580 [ERROR] LogOutputStream:74 - [STDERR_REDIRECT] [Fatal Error] :1:1: Premature end of file.
2026-09-19 14:50:09,581 [ERROR] LogOutputStream:74 - [STDERR_REDIRECT] 
2026-09-19 14:50:10,563 [ERROR] LogOutputStream:74 - [STDERR_REDIRECT] [Fatal Error] :1:1: Premature end of file.
2026-09-19 14:50:10,563 [ERROR] LogOutputStream:74 - [STDERR_REDIRECT] 
2026-09-19 14:50:11,555 [ERROR] LogOutputStream:74 - [STDERR_REDIRECT] [Fatal Error] :1:1: Premature end of file.
2026-09-19 14:50:11,555 [ERROR] LogOutputStream:74 - [STDERR_REDIRECT] 
2026-09-19 14:50:12,563 [ERROR] LogOutputStream:74 - [STDERR_REDIRECT] [Fatal Error] :1:1: Premature end of file.
2026-09-19 14:50:12,563 [ERROR] LogOutputStream:74 - [STDERR_REDIRECT] 
2026-09-19 14:50:13,558 [ERROR] LogOutputStream:74 - [STDERR_REDIRECT] [Fatal Error] :1:1: Premature end of file.
2026-09-19 14:50:13,558 [ERROR] LogOutputStream:74 - [STDERR_REDIRECT] 
2026-09-19 14:50:14,571 [ERROR] LogOutputStream:74 - [STDERR_REDIRECT] [Fatal Error] :1:1: Premature end of file.
2026-09-19 14:50:14,571 [ERROR] LogOutputStream:74 - [STDERR_REDIRECT] 
2026-09-19 14:50:15,562 [ERROR] LogOutputStream:74 - [STDERR_REDIRECT] [Fatal Error] :1:1: Premature end of file.
2026-09-19 14:50:15,563 [ERROR] LogOutputStream:74 - [STDERR_REDIRECT] 
2026-09-19 14:50:16,563 [ERROR] LogOutputStream:74 - [STDERR_REDIRECT] [Fatal Error] :1:1: Premature end of file.
2026-09-19 14:50:16,563 [ERROR] LogOutputStream:74 - [STDERR_REDIRECT] 
2026-09-19 14:50:17,574 [ERROR] LogOutputStream:74 - [STDERR_REDIRECT] [Fatal Error] :1:1: Premature end of file.
2026-09-19 14:50:17,574 [ERROR] LogOutputStream:74 - [STDERR_REDIRECT] 
2026-09-19 14:50:18,563 [ERROR] LogOutputStream:74 - [STDERR_REDIRECT] [Fatal Error] :1:1: Premature end of file.
2026-09-19 14:50:18,564 [ERROR] LogOutputStream:74 - [STDERR_REDIRECT] 
2026-09-19 14:50:19,562 [ERROR] LogOutputStream:74 - [STDERR_REDIRECT] [Fatal Error] :1:1: Premature end of file.
2026-09-19 14:50:19,563 [ERROR] LogOutputStream:74 - [STDERR_REDIRECT] 
2026-09-19 14:50:20,584 [ERROR] LogOutputStream:74 - [STDERR_REDIRECT] [Fatal Error] :1:1: Premature end of file.
2026-09-19 14:50:20,584 [ERROR] LogOutputStream:74 - [STDERR_REDIRECT] 
2026-09-19 14:50:21,563 [ERROR] LogOutputStream:74 - [STDERR_REDIRECT] [Fatal Error] :1:1: Premature end of file.
2026-09-19 14:50:21,563 [ERROR] LogOutputStream:74 - [STDERR_REDIRECT] 
2026-09-19 14:50:22,561 [ERROR] LogOutputStream:74 - [STDERR_REDIRECT] [Fatal Error] :1:1: Premature end of file.
2026-09-19 14:50:22,563 [ERROR] LogOutputStream:74 - [STDERR_REDIRECT] 
2026-09-19 14:50:23,562 [ERROR] LogOutputStream:74 - [STDERR_REDIRECT] [Fatal Error] :1:1: Premature end of file.
2026-09-19 14:50:23,562 [ERROR] LogOutputStream:74 - [STDERR_REDIRECT] 
2026-09-19 14:50:24,571 [ERROR] LogOutputStream:74 - [STDERR_REDIRECT] [Fatal Error] :1:1: Premature end of file.
2026-09-19 14:50:24,572 [ERROR] LogOutputStream:74 - [STDERR_REDIRECT] 
2026-09-19 14:50:25,567 [ERROR] LogOutputStream:74 - [STDERR_REDIRECT] [Fatal Error] :1:1: Premature end of file.
2026-09-19 14:50:25,567 [ERROR] LogOutputStream:74 - [STDERR_REDIRECT] 
2026-09-19 14:50:26,563 [ERROR] LogOutputStream:74 - [STDERR_REDIRECT] [Fatal Error] :1:1: Premature end of file.
2026-09-19 14:50:26,563 [ERROR] LogOutputStream:74 - [STDERR_REDIRECT] 
2026-09-19 14:50:27,568 [ERROR] LogOutputStream:74 - [STDERR_REDIRECT] [Fatal Error] :1:1: Premature end of file.
2026-09-19 14:50:27,569 [ERROR] LogOutputStream:74 - [STDERR_REDIRECT] 
2026-09-19 14:50:28,568 [ERROR] LogOutputStream:74 - [STDERR_REDIRECT] [Fatal Error] :1:1: Premature end of file.
2026-09-19 14:50:28,569 [ERROR] LogOutputStream:74 - [STDERR_REDIRECT] 
2026-09-19 14:50:29,584 [ERROR] LogOutputStream:74 - [STDERR_REDIRECT] [Fatal Error] :1:1: Premature end of file.
2026-09-19 14:50:29,584 [ERROR] LogOutputStream:74 - [STDERR_REDIRECT] 
2026-09-19 14:50:30,589 [ERROR] LogOutputStream:74 - [STDERR_REDIRECT] [Fatal Error] :1:1: Premature end of file.
2026-09-19 14:50:30,590 [ERROR] LogOutputStream:74 - [STDERR_REDIRECT] 
2026-09-19 14:50:31,571 [ERROR] LogOutputStream:74 - [STDERR_REDIRECT] [Fatal Error] :1:1: Premature end of file.
2026-09-19 14:50:31,572 [ERROR] LogOutputStream:74 - [STDERR_REDIRECT] 
2026-09-19 14:50:32,579 [ERROR] LogOutputStream:74 - [STDERR_REDIRECT] [Fatal Error] :1:1: Premature end of file.
2026-09-19 14:50:32,579 [ERROR] LogOutputStream:74 - [STDERR_REDIRECT] 
2026-09-19 14:50:33,564 [ERROR] LogOutputStream:74 - [STDERR_REDIRECT] [Fatal Error] :1:1: Premature end of file.
2026-09-19 14:50:33,565 [ERROR] LogOutputStream:74 - [STDERR_REDIRECT] 
2026-09-19 14:50:34,567 [ERROR] LogOutputStream:74 - [STDERR_REDIRECT] [Fatal Error] :1:1: Premature end of file.
2026-09-19 14:50:34,567 [ERROR] LogOutputStream:74 - [STDERR_REDIRECT] 
2026-09-19 14:50:35,565 [ERROR] LogOutputStream:74 - [STDERR_REDIRECT] [Fatal Error] :1:1: Premature end of file.
2026-09-19 14:50:35,565 [ERROR] LogOutputStream:74 - [STDERR_REDIRECT] 
2026-09-19 14:50:36,564 [ERROR] LogOutputStream:74 - [STDERR_REDIRECT] [Fatal Error] :1:1: Premature end of file.
2026-09-19 14:50:36,565 [ERROR] LogOutputStream:74 - [STDERR_REDIRECT] 
2026-09-19 14:50:37,570 [ERROR] LogOutputStream:74 - [STDERR_REDIRECT] [Fatal Error] :1:1: Premature end of file.
2026-09-19 14:50:37,571 [ERROR] LogOutputStream:74 - [STDERR_REDIRECT] 
2026-09-19 14:50:38,568 [ERROR] LogOutputStream:74 - [STDERR_REDIRECT] [Fatal Error] :1:1: Premature end of file.
2026-09-19 14:50:38,568 [ERROR] LogOutputStream:74 - [STDERR_REDIRECT] 
2026-09-19 14:50:39,568 [ERROR] LogOutputStream:74 - [STDERR_REDIRECT] [Fatal Error] :1:1: Premature end of file.
2026-09-19 14:50:39,568 [ERROR] LogOutputStream:74 - [STDERR_REDIRECT] 
2026-09-19 14:50:40,562 [ERROR] LogOutputStream:74 - [STDERR_REDIRECT] [Fatal Error] :1:1: Premature end of file.
2026-09-19 14:50:40,562 [ERROR] LogOutputStream:74 - [STDERR_REDIRECT] 
2026-09-19 14:50:41,577 [ERROR] LogOutputStream:74 - [STDERR_REDIRECT] [Fatal Error] :1:1: Premature end of file.
2026-09-19 14:50:41,577 [ERROR] LogOutputStream:74 - [STDERR_REDIRECT] 
2026-09-19 14:50:42,680 [ERROR] LogOutputStream:74 - [STDERR_REDIRECT] [Fatal Error] :1:1: Premature end of file.
2026-09-19 14:50:42,680 [ERROR] LogOutputStream:74 - [STDERR_REDIRECT] 
2026-09-19 14:50:43,612 [ERROR] LogOutputStream:74 - [STDERR_REDIRECT] [Fatal Error] :1:1: Premature end of file.
2026-09-19 14:50:43,612 [ERROR] LogOutputStream:74 - [STDERR_REDIRECT] 
2026-09-19 14:50:44,565 [ERROR] LogOutputStream:74 - [STDERR_REDIRECT] [Fatal Error] :1:1: Premature end of file.
2026-09-19 14:50:44,566 [ERROR] LogOutputStream:74 - [STDERR_REDIRECT] 
2026-09-19 14:50:45,563 [ERROR] LogOutputStream:74 - [STDERR_REDIRECT] [Fatal Error] :1:1: Premature end of file.
2026-09-19 14:50:45,563 [ERROR] LogOutputStream:74 - [STDERR_REDIRECT] 
2026-09-19 14:50:46,577 [ERROR] LogOutputStream:74 - [STDERR_REDIRECT] [Fatal Error] :1:1: Premature end of file.
2026-09-19 14:50:46,577 [ERROR] LogOutputStream:74 - [STDERR_REDIRECT] 
2026-09-19 14:50:47,568 [ERROR] LogOutputStream:74 - [STDERR_REDIRECT] [Fatal Error] :1:1: Premature end of file.
2026-09-19 14:50:47,568 [ERROR] LogOutputStream:74 - [STDERR_REDIRECT] 
2026-09-19 14:50:48,569 [ERROR] LogOutputStream:74 - [STDERR_REDIRECT] [Fatal Error] :1:1: Premature end of file.
2026-09-19 14:50:48,570 [ERROR] LogOutputStream:74 - [STDERR_REDIRECT] 
2026-09-19 14:50:49,558 [ERROR] LogOutputStream:74 - [STDERR_REDIRECT] [Fatal Error] :1:1: Premature end of file.
2026-09-19 14:50:49,558 [ERROR] LogOutputStream:74 - [STDERR_REDIRECT] 
2026-09-19 14:50:50,567 [ERROR] LogOutputStream:74 - [STDERR_REDIRECT] [Fatal Error] :1:1: Premature end of file.
2026-09-19 14:50:50,567 [ERROR] LogOutputStream:74 - [STDERR_REDIRECT] 
2026-09-19 14:50:51,570 [ERROR] LogOutputStream:74 - [STDERR_REDIRECT] [Fatal Error] :1:1: Premature end of file.
2026-09-19 14:50:51,570 [ERROR] LogOutputStream:74 - [STDERR_REDIRECT] 
2026-09-19 14:50:52,559 [ERROR] LogOutputStream:74 - [STDERR_REDIRECT] [Fatal Error] :1:1: Premature end of file.
2026-09-19 14:50:52,559 [ERROR] LogOutputStream:74 - [STDERR_REDIRECT] 
2026-09-19 14:50:53,576 [ERROR] LogOutputStream:74 - [STDERR_REDIRECT] [Fatal Error] :1:1: Premature end of file.
2026-09-19 14:50:53,576 [ERROR] LogOutputStream:74 - [STDERR_REDIRECT] 
2026-09-19 14:50:54,606 [ERROR] LogOutputStream:74 - [STDERR_REDIRECT] [Fatal Error] :1:1: Premature end of file.
2026-09-19 14:50:54,606 [ERROR] LogOutputStream:74 - [STDERR_REDIRECT] 
2026-09-19 14:50:55,584 [ERROR] LogOutputStream:74 - [STDERR_REDIRECT] [Fatal Error] :1:1: Premature end of file.
2026-09-19 14:50:55,584 [ERROR] LogOutputStream:74 - [STDERR_REDIRECT] 
2026-09-19 14:50:56,568 [ERROR] LogOutputStream:74 - [STDERR_REDIRECT] [Fatal Error] :1:1: Premature end of file.
2026-09-19 14:50:56,568 [ERROR] LogOutputStream:74 - [STDERR_REDIRECT] 
2026-09-19 14:50:57,570 [ERROR] LogOutputStream:74 - [STDERR_REDIRECT] [Fatal Error] :1:1: Premature end of file.
2026-09-19 14:50:57,570 [ERROR] LogOutputStream:74 - [STDERR_REDIRECT] 
2026-09-19 14:50:58,577 [ERROR] LogOutputStream:74 - [STDERR_REDIRECT] [Fatal Error] :1:1: Premature end of file.
2026-09-19 14:50:58,577 [ERROR] LogOutputStream:74 - [STDERR_REDIRECT] 
2026-09-19 14:50:59,577 [ERROR] LogOutputStream:74 - [STDERR_REDIRECT] [Fatal Error] :1:1: Premature end of file.
2026-09-19 14:50:59,577 [ERROR] LogOutputStream:74 - [STDERR_REDIRECT] 
2026-09-19 14:51:00,574 [ERROR] LogOutputStream:74 - [STDERR_REDIRECT] [Fatal Error] :1:1: Premature end of file.
2026-09-19 14:51:00,574 [ERROR] LogOutputStream:74 - [STDERR_REDIRECT] 
2026-09-19 14:51:01,562 [ERROR] LogOutputStream:74 - [STDERR_REDIRECT] [Fatal Error] :1:1: Premature end of file.
2026-09-19 14:51:01,562 [ERROR] LogOutputStream:74 - [STDERR_REDIRECT] 
2026-09-19 14:51:02,569 [ERROR] LogOutputStream:74 - [STDERR_REDIRECT] [Fatal Error] :1:1: Premature end of file.
2026-09-19 14:51:02,570 [ERROR] LogOutputStream:74 - [STDERR_REDIRECT] 
2026-09-19 14:51:03,576 [ERROR] LogOutputStream:74 - [STDERR_REDIRECT] [Fatal Error] :1:1: Premature end of file.
2026-09-19 14:51:03,576 [ERROR] LogOutputStream:74 - [STDERR_REDIRECT] 
2026-09-19 14:51:04,564 [ERROR] LogOutputStream:74 - [STDERR_REDIRECT] [Fatal Error] :1:1: Premature end of file.
2026-09-19 14:51:04,565 [ERROR] LogOutputStream:74 - [STDERR_REDIRECT] 
2026-09-19 14:51:05,572 [ERROR] LogOutputStream:74 - [STDERR_REDIRECT] [Fatal Error] :1:1: Premature end of file.
2026-09-19 14:51:05,572 [ERROR] LogOutputStream:74 - [STDERR_REDIRECT] 
2026-09-19 14:51:06,571 [ERROR] LogOutputStream:74 - [STDERR_REDIRECT] [Fatal Error] :1:1: Premature end of file.
2026-09-19 14:51:06,571 [ERROR] LogOutputStream:74 - [STDERR_REDIRECT] 
2026-09-19 14:51:07,569 [ERROR] LogOutputStream:74 - [STDERR_REDIRECT] [Fatal Error] :1:1: Premature end of file.
2026-09-19 14:51:07,570 [ERROR] LogOutputStream:74 - [STDERR_REDIRECT] 
2026-09-19 14:51:08,561 [ERROR] LogOutputStream:74 - [STDERR_REDIRECT] [Fatal Error] :1:1: Premature end of file.
2026-09-19 14:51:08,561 [ERROR] LogOutputStream:74 - [STDERR_REDIRECT] 
2026-09-19 14:51:09,568 [ERROR] LogOutputStream:74 - [STDERR_REDIRECT] [Fatal Error] :1:1: Premature end of file.
2026-09-19 14:51:09,568 [ERROR] LogOutputStream:74 - [STDERR_REDIRECT] 
2026-09-19 14:51:10,558 [ERROR] LogOutputStream:74 - [STDERR_REDIRECT] [Fatal Error] :1:1: Premature end of file.
2026-09-19 14:51:10,558 [ERROR] LogOutputStream:74 - [STDERR_REDIRECT] 
2026-09-19 14:51:11,575 [ERROR] LogOutputStream:74 - [STDERR_REDIRECT] [Fatal Error] :1:1: Premature end of file.
2026-09-19 14:51:11,575 [ERROR] LogOutputStream:74 - [STDERR_REDIRECT] 
2026-09-19 14:51:12,567 [ERROR] LogOutputStream:74 - [STDERR_REDIRECT] [Fatal Error] :1:1: Premature end of file.
2026-09-19 14:51:12,569 [ERROR] LogOutputStream:74 - [STDERR_REDIRECT] 
2026-09-19 14:51:13,572 [ERROR] LogOutputStream:74 - [STDERR_REDIRECT] [Fatal Error] :1:1: Premature end of file.
2026-09-19 14:51:13,572 [ERROR] LogOutputStream:74 - [STDERR_REDIRECT] 
2026-09-19 14:51:14,559 [ERROR] LogOutputStream:74 - [STDERR_REDIRECT] [Fatal Error] :1:1: Premature end of file.
2026-09-19 14:51:14,560 [ERROR] LogOutputStream:74 - [STDERR_REDIRECT] 
2026-09-19 14:51:15,588 [ERROR] LogOutputStream:74 - [STDERR_REDIRECT] [Fatal Error] :1:1: Premature end of file.
2026-09-19 14:51:15,588 [ERROR] LogOutputStream:74 - [STDERR_REDIRECT] 
