2026-09-18 10:27:48,377 [INFO] Activator:177 - 


2026-09-18 10:27:48,381 [INFO] Activator:178 - !SESSION log4j initialized
2026-09-18 10:27:55,881 [ERROR] LogOutputStream:74 - [STDERR_REDIRECT] [Fatal Error] :1:1: Premature end of file.
2026-09-18 10:27:55,884 [ERROR] LogOutputStream:74 - [STDERR_REDIRECT] 
2026-09-18 10:27:56,817 [ERROR] LogOutputStream:74 - [STDERR_REDIRECT] [Fatal Error] :1:1: Premature end of file.
2026-09-18 10:27:56,817 [ERROR] LogOutputStream:74 - [STDERR_REDIRECT] 
2026-09-18 10:27:57,819 [ERROR] LogOutputStream:74 - [STDERR_REDIRECT] [Fatal Error] :1:1: Premature end of file.
2026-09-18 10:27:57,820 [ERROR] LogOutputStream:74 - [STDERR_REDIRECT] 
2026-09-18 10:27:58,824 [ERROR] LogOutputStream:74 - [STDERR_REDIRECT] [Fatal Error] :1:1: Premature end of file.
2026-09-18 10:27:58,825 [ERROR] LogOutputStream:74 - [STDERR_REDIRECT] 
2026-09-18 10:27:59,812 [ERROR] LogOutputStream:74 - [STDERR_REDIRECT] [Fatal Error] :1:1: Premature end of file.
2026-09-18 10:27:59,813 [ERROR] LogOutputStream:74 - [STDERR_REDIRECT] 
2026-09-18 10:28:00,817 [ERROR] LogOutputStream:74 - [STDERR_REDIRECT] [Fatal Error] :1:1: Premature end of file.
2026-09-18 10:28:00,818 [ERROR] LogOutputStream:74 - [STDERR_REDIRECT] 
2026-09-18 10:28:01,814 [ERROR] LogOutputStream:74 - [STDERR_REDIRECT] [Fatal Error] :1:1: Premature end of file.
2026-09-18 10:28:01,815 [ERROR] LogOutputStream:74 - [STDERR_REDIRECT] 
2026-09-18 10:28:02,824 [ERROR] LogOutputStream:74 - [STDERR_REDIRECT] [Fatal Error] :1:1: Premature end of file.
2026-09-18 10:28:02,825 [ERROR] LogOutputStream:74 - [STDERR_REDIRECT] 
2026-09-18 10:28:03,847 [ERROR] LogOutputStream:74 - [STDERR_REDIRECT] [Fatal Error] :1:1: Premature end of file.
2026-09-18 10:28:03,849 [ERROR] LogOutputStream:74 - [STDERR_REDIRECT] 
2026-09-18 10:28:04,825 [ERROR] LogOutputStream:74 - [STDERR_REDIRECT] [Fatal Error] :1:1: Premature end of file.
2026-09-18 10:28:04,826 [ERROR] LogOutputStream:74 - [STDERR_REDIRECT] 
2026-09-18 10:28:05,822 [ERROR] LogOutputStream:74 - [STDERR_REDIRECT] [Fatal Error] :1:1: Premature end of file.
2026-09-18 10:28:05,824 [ERROR] LogOutputStream:74 - [STDERR_REDIRECT] 
2026-09-18 10:28:06,822 [ERROR] LogOutputStream:74 - [STDERR_REDIRECT] [Fatal Error] :1:1: Premature end of file.
2026-09-18 10:28:06,822 [ERROR] LogOutputStream:74 - [STDERR_REDIRECT] 
2026-09-18 10:28:07,818 [ERROR] LogOutputStream:74 - [STDERR_REDIRECT] [Fatal Error] :1:1: Premature end of file.
2026-09-18 10:28:07,818 [ERROR] LogOutputStream:74 - [STDERR_REDIRECT] 
2026-09-18 10:28:08,810 [ERROR] LogOutputStream:74 - [STDERR_REDIRECT] [Fatal Error] :1:1: Premature end of file.
2026-09-18 10:28:08,811 [ERROR] LogOutputStream:74 - [STDERR_REDIRECT] 
2026-09-18 10:28:09,824 [ERROR] LogOutputStream:74 - [STDERR_REDIRECT] [Fatal Error] :1:1: Premature end of file.
2026-09-18 10:28:09,825 [ERROR] LogOutputStream:74 - [STDERR_REDIRECT] 
2026-09-18 10:28:10,811 [ERROR] LogOutputStream:74 - [STDERR_REDIRECT] [Fatal Error] :1:1: Premature end of file.
2026-09-18 10:28:10,812 [ERROR] LogOutputStream:74 - [STDERR_REDIRECT] 
2026-09-18 10:28:11,821 [ERROR] LogOutputStream:74 - [STDERR_REDIRECT] [Fatal Error] :1:1: Premature end of file.
2026-09-18 10:28:11,822 [ERROR] LogOutputStream:74 - [STDERR_REDIRECT] 
2026-09-18 10:28:12,820 [ERROR] LogOutputStream:74 - [STDERR_REDIRECT] [Fatal Error] :1:1: Premature end of file.
2026-09-18 10:28:12,821 [ERROR] LogOutputStream:74 - [STDERR_REDIRECT] 
2026-09-18 10:28:13,813 [ERROR] LogOutputStream:74 - [STDERR_REDIRECT] [Fatal Error] :1:1: Premature end of file.
2026-09-18 10:28:13,814 [ERROR] LogOutputStream:74 - [STDERR_REDIRECT] 
2026-09-18 10:28:14,812 [ERROR] LogOutputStream:74 - [STDERR_REDIRECT] [Fatal Error] :1:1: Premature end of file.
2026-09-18 10:28:14,813 [ERROR] LogOutputStream:74 - [STDERR_REDIRECT] 
2026-09-18 10:28:15,816 [ERROR] LogOutputStream:74 - [STDERR_REDIRECT] [Fatal Error] :1:1: Premature end of file.
2026-09-18 10:28:15,817 [ERROR] LogOutputStream:74 - [STDERR_REDIRECT] 
2026-09-18 10:28:16,829 [ERROR] LogOutputStream:74 - [STDERR_REDIRECT] [Fatal Error] :1:1: Premature end of file.
2026-09-18 10:28:16,829 [ERROR] LogOutputStream:74 - [STDERR_REDIRECT] 
2026-09-18 10:28:17,818 [ERROR] LogOutputStream:74 - [STDERR_REDIRECT] [Fatal Error] :1:1: Premature end of file.
2026-09-18 10:28:17,819 [ERROR] LogOutputStream:74 - [STDERR_REDIRECT] 
2026-09-18 10:28:18,813 [ERROR] LogOutputStream:74 - [STDERR_REDIRECT] [Fatal Error] :1:1: Premature end of file.
2026-09-18 10:28:18,813 [ERROR] LogOutputStream:74 - [STDERR_REDIRECT] 
2026-09-18 10:28:19,817 [ERROR] LogOutputStream:74 - [STDERR_REDIRECT] [Fatal Error] :1:1: Premature end of file.
2026-09-18 10:28:19,817 [ERROR] LogOutputStream:74 - [STDERR_REDIRECT] 
2026-09-18 10:28:20,812 [ERROR] LogOutputStream:74 - [STDERR_REDIRECT] [Fatal Error] :1:1: Premature end of file.
2026-09-18 10:28:20,812 [ERROR] LogOutputStream:74 - [STDERR_REDIRECT] 
2026-09-18 10:28:21,809 [ERROR] LogOutputStream:74 - [STDERR_REDIRECT] [Fatal Error] :1:1: Premature end of file.
2026-09-18 10:28:21,809 [ERROR] LogOutputStream:74 - [STDERR_REDIRECT] 
2026-09-18 10:28:22,812 [ERROR] LogOutputStream:74 - [STDERR_REDIRECT] [Fatal Error] :1:1: Premature end of file.
2026-09-18 10:28:22,812 [ERROR] LogOutputStream:74 - [STDERR_REDIRECT] 
2026-09-18 10:28:23,813 [ERROR] LogOutputStream:74 - [STDERR_REDIRECT] [Fatal Error] :1:1: Premature end of file.
2026-09-18 10:28:23,813 [ERROR] LogOutputStream:74 - [STDERR_REDIRECT] 
2026-09-18 10:28:24,829 [ERROR] LogOutputStream:74 - [STDERR_REDIRECT] [Fatal Error] :1:1: Premature end of file.
2026-09-18 10:28:24,830 [ERROR] LogOutputStream:74 - [STDERR_REDIRECT] 
2026-09-18 10:28:25,250 [INFO] McuFinderGlobals:39 - Set McuFinder mode to 2 (CubeIDE integrated)
2026-09-18 10:28:25,854 [ERROR] LogOutputStream:74 - [STDERR_REDIRECT] [Fatal Error] :1:1: Premature end of file.
2026-09-18 10:28:25,854 [ERROR] LogOutputStream:74 - [STDERR_REDIRECT] 
2026-09-18 10:28:26,183 [INFO] ApplicationProperties:181 - Using Application install path: C:\ST\STM32CubeIDE_1.7.0\STM32CubeIDE\plugins\com.st.stm32cube.common.mx_6.3.0.202107141111
2026-09-18 10:28:26,198 [INFO] DbMcusXml:74 - Set database path to: C:\ST\STM32CubeIDE_1.7.0\STM32CubeIDE\plugins\com.st.stm32cube.common.mx_6.3.0.202107141111\\db\/mcu/
2026-09-18 10:28:26,202 [INFO] DbBoardsPdsc:56 - Set plugin database path to: C:\ST\STM32CubeIDE_1.7.0\STM32CubeIDE\plugins\com.st.stm32cube.common.mx_6.3.0.202107141111\\db\/plugins/boardmanager/
2026-09-18 10:28:26,203 [INFO] DbMcus:258 - Set plugin images path to: C:\ST\STM32CubeIDE_1.7.0\STM32CubeIDE\plugins\com.st.stm32cube.common.mx_6.3.0.202107141111\\db\/plugins/mcufinder/images/
2026-09-18 10:28:26,203 [INFO] DbBoards:264 - Set plugin images path to: C:\ST\STM32CubeIDE_1.7.0\STM32CubeIDE\plugins\com.st.stm32cube.common.mx_6.3.0.202107141111\\db\/plugins/mcufinder/images/
2026-09-18 10:28:26,206 [INFO] DbExamples:333 - Set plugin images path to: C:\ST\STM32CubeIDE_1.7.0\STM32CubeIDE\plugins\com.st.stm32cube.common.mx_6.3.0.202107141111\\db\/plugins/mcufinder/images/
2026-09-18 10:28:26,217 [INFO] DbMcusAds:119 - Set database path to: C:\Users\Luan\.stmcufinder\plugins\mcufinder//mcu/
2026-09-18 10:28:26,218 [INFO] DbMcusDocs:110 - Set database path to: C:\Users\Luan\.stmcufinder\plugins\mcufinder//mcu/
2026-09-18 10:28:26,221 [INFO] DbMcusJson:64 - Set database path to: C:\Users\Luan\.stmcufinder\plugins\mcufinder//mcu/
2026-09-18 10:28:26,222 [INFO] DbBoardsDocs:110 - Set database path to: C:\Users\Luan\.stmcufinder\plugins\mcufinder//mcu/
2026-09-18 10:28:26,223 [INFO] DbBoardsJson:57 - Set database path to: C:\Users\Luan\.stmcufinder\plugins\mcufinder//mcu/
2026-09-18 10:28:26,491 [INFO] CrossReferenceDbSqlite:196 - Set database path to: C:\Users\Luan\.stmcufinder\plugins\mcufinder//mcu/cs/
2026-09-18 10:28:26,497 [INFO] DbExamplesSqlite:767 - Set database path to: C:\Users\Luan\.stmcufinder\plugins\mcufinder//mcu/
2026-09-18 10:28:26,625 [INFO] RulesReader:57 - Compatibility file has been processed (242 Rules)
2026-09-18 10:28:26,730 [INFO] DbMcusXml:74 - Set database path to: C:\ST\STM32CubeIDE_1.7.0\STM32CubeIDE\plugins\com.st.stm32cube.common.mx_6.3.0.202107141111\\db\/mcu/
2026-09-18 10:28:26,732 [INFO] DbBoardsPdsc:56 - Set plugin database path to: C:\ST\STM32CubeIDE_1.7.0\STM32CubeIDE\plugins\com.st.stm32cube.common.mx_6.3.0.202107141111\\db\/plugins/boardmanager/
2026-09-18 10:28:26,733 [INFO] DbMcus:258 - Set plugin images path to: C:\ST\STM32CubeIDE_1.7.0\STM32CubeIDE\plugins\com.st.stm32cube.common.mx_6.3.0.202107141111\\db\/plugins/mcufinder/images/
2026-09-18 10:28:26,733 [INFO] DbBoards:264 - Set plugin images path to: C:\ST\STM32CubeIDE_1.7.0\STM32CubeIDE\plugins\com.st.stm32cube.common.mx_6.3.0.202107141111\\db\/plugins/mcufinder/images/
2026-09-18 10:28:26,733 [INFO] DbExamples:333 - Set plugin images path to: C:\ST\STM32CubeIDE_1.7.0\STM32CubeIDE\plugins\com.st.stm32cube.common.mx_6.3.0.202107141111\\db\/plugins/mcufinder/images/
2026-09-18 10:28:26,733 [WARN] DbFile:35 - Overriding database path with different value: C:\Users\Luan\.stmcufinder\plugins\mcufinder/ => C:\Users\Luan\.stmcufinder\plugins\mcufinder
2026-09-18 10:28:26,733 [INFO] DbMcusAds:119 - Set database path to: C:\Users\Luan\.stmcufinder\plugins\mcufinder//mcu/
2026-09-18 10:28:26,733 [WARN] DbFile:35 - Overriding database path with different value: C:\Users\Luan\.stmcufinder\plugins\mcufinder/ => C:\Users\Luan\.stmcufinder\plugins\mcufinder
2026-09-18 10:28:26,733 [INFO] DbMcusDocs:110 - Set database path to: C:\Users\Luan\.stmcufinder\plugins\mcufinder//mcu/
2026-09-18 10:28:26,733 [WARN] DbFile:35 - Overriding database path with different value: C:\Users\Luan\.stmcufinder\plugins\mcufinder/ => C:\Users\Luan\.stmcufinder\plugins\mcufinder
2026-09-18 10:28:26,733 [INFO] DbMcusJson:64 - Set database path to: C:\Users\Luan\.stmcufinder\plugins\mcufinder//mcu/
2026-09-18 10:28:26,733 [WARN] DbFile:35 - Overriding database path with different value: C:\Users\Luan\.stmcufinder\plugins\mcufinder/ => C:\Users\Luan\.stmcufinder\plugins\mcufinder
2026-09-18 10:28:26,733 [INFO] DbBoardsDocs:110 - Set database path to: C:\Users\Luan\.stmcufinder\plugins\mcufinder//mcu/
2026-09-18 10:28:26,733 [WARN] DbFile:35 - Overriding database path with different value: C:\Users\Luan\.stmcufinder\plugins\mcufinder/ => C:\Users\Luan\.stmcufinder\plugins\mcufinder
2026-09-18 10:28:26,734 [INFO] DbBoardsJson:57 - Set database path to: C:\Users\Luan\.stmcufinder\plugins\mcufinder//mcu/
2026-09-18 10:28:26,734 [WARN] DbFile:35 - Overriding database path with different value: C:\Users\Luan\.stmcufinder\plugins\mcufinder/ => C:\Users\Luan\.stmcufinder\plugins\mcufinder
2026-09-18 10:28:26,734 [WARN] DbFile:35 - Overriding database path with different value: C:\Users\Luan\.stmcufinder\plugins\mcufinder/ => C:\Users\Luan\.stmcufinder\plugins\mcufinder
2026-09-18 10:28:26,734 [INFO] CrossReferenceDbSqlite:196 - Set database path to: C:\Users\Luan\.stmcufinder\plugins\mcufinder//mcu/cs/
2026-09-18 10:28:26,734 [WARN] DbFile:35 - Overriding database path with different value: C:\Users\Luan\.stmcufinder\plugins\mcufinder/ => C:\Users\Luan\.stmcufinder\plugins\mcufinder
2026-09-18 10:28:26,734 [INFO] DbExamplesSqlite:767 - Set database path to: C:\Users\Luan\.stmcufinder\plugins\mcufinder//mcu/
2026-09-18 10:28:26,818 [ERROR] LogOutputStream:74 - [STDERR_REDIRECT] [Fatal Error] :1:1: Premature end of file.
2026-09-18 10:28:26,818 [ERROR] LogOutputStream:74 - [STDERR_REDIRECT] 
2026-09-18 10:28:26,826 [INFO] MainPanel:214 - HeapMemory: 268435456
2026-09-18 10:28:26,900 [INFO] DbMcusXml:74 - Set database path to: C:\ST\STM32CubeIDE_1.7.0\STM32CubeIDE\plugins\com.st.stm32cube.common.mx_6.3.0.202107141111\\db\/mcu/
2026-09-18 10:28:26,900 [INFO] DbBoardsPdsc:56 - Set plugin database path to: C:\ST\STM32CubeIDE_1.7.0\STM32CubeIDE\plugins\com.st.stm32cube.common.mx_6.3.0.202107141111\\db\/plugins/boardmanager/
2026-09-18 10:28:26,900 [INFO] DbMcus:258 - Set plugin images path to: C:\ST\STM32CubeIDE_1.7.0\STM32CubeIDE\plugins\com.st.stm32cube.common.mx_6.3.0.202107141111\\db\/plugins/mcufinder/images/
2026-09-18 10:28:26,900 [INFO] DbBoards:264 - Set plugin images path to: C:\ST\STM32CubeIDE_1.7.0\STM32CubeIDE\plugins\com.st.stm32cube.common.mx_6.3.0.202107141111\\db\/plugins/mcufinder/images/
2026-09-18 10:28:26,900 [INFO] DbExamples:333 - Set plugin images path to: C:\ST\STM32CubeIDE_1.7.0\STM32CubeIDE\plugins\com.st.stm32cube.common.mx_6.3.0.202107141111\\db\/plugins/mcufinder/images/
2026-09-18 10:28:26,901 [WARN] DbFile:35 - Overriding database path with different value: C:\Users\Luan\.stmcufinder\plugins\mcufinder/ => C:\Users\Luan\.stmcufinder\plugins\mcufinder
2026-09-18 10:28:26,901 [INFO] DbMcusAds:119 - Set database path to: C:\Users\Luan\.stmcufinder\plugins\mcufinder//mcu/
2026-09-18 10:28:26,902 [WARN] DbFile:35 - Overriding database path with different value: C:\Users\Luan\.stmcufinder\plugins\mcufinder/ => C:\Users\Luan\.stmcufinder\plugins\mcufinder
2026-09-18 10:28:26,902 [INFO] DbMcusDocs:110 - Set database path to: C:\Users\Luan\.stmcufinder\plugins\mcufinder//mcu/
2026-09-18 10:28:26,902 [WARN] DbFile:35 - Overriding database path with different value: C:\Users\Luan\.stmcufinder\plugins\mcufinder/ => C:\Users\Luan\.stmcufinder\plugins\mcufinder
2026-09-18 10:28:26,902 [INFO] DbMcusJson:64 - Set database path to: C:\Users\Luan\.stmcufinder\plugins\mcufinder//mcu/
2026-09-18 10:28:26,902 [WARN] DbFile:35 - Overriding database path with different value: C:\Users\Luan\.stmcufinder\plugins\mcufinder/ => C:\Users\Luan\.stmcufinder\plugins\mcufinder
2026-09-18 10:28:26,902 [INFO] DbBoardsDocs:110 - Set database path to: C:\Users\Luan\.stmcufinder\plugins\mcufinder//mcu/
2026-09-18 10:28:26,902 [WARN] DbFile:35 - Overriding database path with different value: C:\Users\Luan\.stmcufinder\plugins\mcufinder/ => C:\Users\Luan\.stmcufinder\plugins\mcufinder
2026-09-18 10:28:26,902 [INFO] DbBoardsJson:57 - Set database path to: C:\Users\Luan\.stmcufinder\plugins\mcufinder//mcu/
2026-09-18 10:28:26,902 [WARN] DbFile:35 - Overriding database path with different value: C:\Users\Luan\.stmcufinder\plugins\mcufinder/ => C:\Users\Luan\.stmcufinder\plugins\mcufinder
2026-09-18 10:28:26,902 [WARN] DbFile:35 - Overriding database path with different value: C:\Users\Luan\.stmcufinder\plugins\mcufinder/ => C:\Users\Luan\.stmcufinder\plugins\mcufinder
2026-09-18 10:28:26,902 [INFO] CrossReferenceDbSqlite:196 - Set database path to: C:\Users\Luan\.stmcufinder\plugins\mcufinder//mcu/cs/
2026-09-18 10:28:26,902 [WARN] DbFile:35 - Overriding database path with different value: C:\Users\Luan\.stmcufinder\plugins\mcufinder/ => C:\Users\Luan\.stmcufinder\plugins\mcufinder
2026-09-18 10:28:26,902 [INFO] DbExamplesSqlite:767 - Set database path to: C:\Users\Luan\.stmcufinder\plugins\mcufinder//mcu/
2026-09-18 10:28:26,924 [INFO] ApplicationProperties:181 - Using Application install path: C:\ST\STM32CubeIDE_1.7.0\STM32CubeIDE\plugins\com.st.stm32cube.common.mx_6.3.0.202107141111
2026-09-18 10:28:26,926 [INFO] PluginManage:188 - Search for loadable plugins [exclusion list=, ]
2026-09-18 10:28:26,927 [INFO] PluginManage:302 - Check plugin analytics
2026-09-18 10:28:27,115 [INFO] AnalyticsPlugin:257 - Accepted Software Licenses: 
2026-09-18 10:28:27,115 [INFO] AnalyticsPlugin:259 - Accepted CMSIS Pack Licenses: 
2026-09-18 10:28:27,115 [INFO] AnalyticsPlugin:261 - Accepted Firmware Licenses: 
2026-09-18 10:28:27,116 [INFO] PluginManage:352 - Loaded plugin analytics (category:tool,tabindex:-1)
2026-09-18 10:28:27,117 [INFO] PluginManage:302 - Check plugin clock
2026-09-18 10:28:27,144 [INFO] PluginManage:352 - Loaded plugin clock (category:base,tabindex:2)
2026-09-18 10:28:27,144 [INFO] PluginManage:302 - Check plugin ddr
2026-09-18 10:28:27,147 [INFO] PluginManage:352 - Loaded plugin ddr (category:tool,tabindex:6)
2026-09-18 10:28:27,147 [INFO] PluginManage:302 - Check plugin filemanager
2026-09-18 10:28:27,305 [INFO] PluginManage:352 - Loaded plugin filemanager (category:base,tabindex:10)
2026-09-18 10:28:27,306 [INFO] PluginManage:302 - Check plugin ipmanager
2026-09-18 10:28:27,317 [INFO] PluginManage:352 - Loaded plugin ipmanager (category:base,tabindex:5)
2026-09-18 10:28:27,317 [INFO] PluginManage:302 - Check plugin pinoutandconfiguration
2026-09-18 10:28:27,342 [INFO] PluginManage:352 - Loaded plugin pinoutandconfiguration (category:base,tabindex:1)
2026-09-18 10:28:27,342 [INFO] PluginManage:302 - Check plugin pinoutconfig
2026-09-18 10:28:27,390 [INFO] PluginManage:352 - Loaded plugin pinoutconfig (category:base,tabindex:0)
2026-09-18 10:28:27,390 [INFO] PluginManage:302 - Check plugin power
2026-09-18 10:28:27,420 [INFO] PluginManage:352 - Loaded plugin power (category:power,tabindex:4)
2026-09-18 10:28:27,420 [INFO] PluginManage:302 - Check plugin projectmanager
2026-09-18 10:28:27,443 [INFO] PluginManage:352 - Loaded plugin projectmanager (category:projectmanager,tabindex:3)
2026-09-18 10:28:27,444 [INFO] PluginManage:302 - Check plugin thirdparty
2026-09-18 10:28:27,819 [ERROR] LogOutputStream:74 - [STDERR_REDIRECT] [Fatal Error] :1:1: Premature end of file.
2026-09-18 10:28:27,820 [ERROR] LogOutputStream:74 - [STDERR_REDIRECT] 
2026-09-18 10:28:27,820 [WARN] IntegrityCheckThread:78 - waiting for thirdparty lock release [integrity check]
2026-09-18 10:28:27,820 [INFO] PluginManage:352 - Loaded plugin thirdparty (category:base,tabindex:-1)
2026-09-18 10:28:27,821 [INFO] IntegrityCheckThread:80 - entering critical section [integrity check]
2026-09-18 10:28:27,821 [INFO] PluginManage:302 - Check plugin tools
2026-09-18 10:28:27,821 [INFO] ThirdPartyUpdaterWithRetryManager:66 - Updater plugin not ready yet. [1/15]
2026-09-18 10:28:27,914 [INFO] PluginManage:352 - Loaded plugin tools (category:base,tabindex:7)
2026-09-18 10:28:27,915 [INFO] PluginManage:302 - Check plugin tutovideos
2026-09-18 10:28:28,198 [INFO] PluginManage:352 - Loaded plugin tutovideos (category:base,tabindex:-1)
2026-09-18 10:28:28,198 [INFO] PluginManage:302 - Check plugin updater
2026-09-18 10:28:28,216 [INFO] PluginManage:352 - Loaded plugin updater (category:base,tabindex:12)
2026-09-18 10:28:28,217 [INFO] PluginManage:275 - PluginManage : Loaded plugins [13]
2026-09-18 10:28:28,451 [INFO] PinOutPanel:1463 - setPackage(No Configuration,No Configuration)
2026-09-18 10:28:28,592 [INFO] IPUIPlugin:74 - create IPUIPlugin
2026-09-18 10:28:28,592 [INFO] PluginManager:213 - loadIPPluginJar : add adc
2026-09-18 10:28:28,659 [INFO] IPUIPlugin:74 - create IPUIPlugin
2026-09-18 10:28:28,659 [INFO] PluginManager:213 - loadIPPluginJar : add aes
2026-09-18 10:28:28,737 [INFO] IPUIPlugin:74 - create IPUIPlugin
2026-09-18 10:28:28,737 [INFO] PluginManager:213 - loadIPPluginJar : add can
2026-09-18 10:28:28,790 [INFO] IPUIPlugin:74 - create IPUIPlugin
2026-09-18 10:28:28,790 [INFO] PluginManager:213 - loadIPPluginJar : add comp
2026-09-18 10:28:28,824 [ERROR] LogOutputStream:74 - [STDERR_REDIRECT] [Fatal Error] :1:1: Premature end of file.
2026-09-18 10:28:28,825 [ERROR] LogOutputStream:74 - [STDERR_REDIRECT] 
2026-09-18 10:28:28,855 [INFO] IPUIPlugin:74 - create IPUIPlugin
2026-09-18 10:28:28,856 [INFO] PluginManager:213 - loadIPPluginJar : add cryp
2026-09-18 10:28:28,947 [INFO] IPUIPlugin:74 - create IPUIPlugin
2026-09-18 10:28:28,948 [INFO] PluginManager:213 - loadIPPluginJar : add dfsdm
2026-09-18 10:28:28,969 [INFO] IPUIPlugin:74 - create IPUIPlugin
2026-09-18 10:28:28,970 [INFO] PluginManager:213 - loadIPPluginJar : add dma
2026-09-18 10:28:29,045 [INFO] IPUIPlugin:74 - create IPUIPlugin
2026-09-18 10:28:29,046 [INFO] PluginManager:213 - loadIPPluginJar : add dma3
2026-09-18 10:28:29,091 [INFO] IPUIPlugin:74 - create IPUIPlugin
2026-09-18 10:28:29,091 [INFO] PluginManager:213 - loadIPPluginJar : add fatfs
2026-09-18 10:28:29,215 [INFO] IPUIPlugin:74 - create IPUIPlugin
2026-09-18 10:28:29,215 [INFO] PluginManager:213 - loadIPPluginJar : add fmc
2026-09-18 10:28:29,254 [INFO] IPUIPlugin:74 - create IPUIPlugin
2026-09-18 10:28:29,255 [INFO] PluginManager:213 - loadIPPluginJar : add freertos
2026-09-18 10:28:29,304 [INFO] IPUIPlugin:74 - create IPUIPlugin
2026-09-18 10:28:29,305 [INFO] PluginManager:213 - loadIPPluginJar : add genericplugin
2026-09-18 10:28:29,505 [INFO] IPUIPlugin:74 - create IPUIPlugin
2026-09-18 10:28:29,505 [INFO] PluginManager:213 - loadIPPluginJar : add gfxmmu
2026-09-18 10:28:29,715 [INFO] IPUIPlugin:74 - create IPUIPlugin
2026-09-18 10:28:29,715 [INFO] PluginManager:213 - loadIPPluginJar : add gic
2026-09-18 10:28:29,734 [INFO] IPUIPlugin:74 - create IPUIPlugin
2026-09-18 10:28:29,734 [INFO] PluginManager:213 - loadIPPluginJar : add gpio
2026-09-18 10:28:29,838 [ERROR] LogOutputStream:74 - [STDERR_REDIRECT] [Fatal Error] :1:1: Premature end of file.
2026-09-18 10:28:29,838 [ERROR] LogOutputStream:74 - [STDERR_REDIRECT] 
2026-09-18 10:28:29,911 [INFO] IPUIPlugin:74 - create IPUIPlugin
2026-09-18 10:28:29,911 [INFO] PluginManager:213 - loadIPPluginJar : add gtzc
2026-09-18 10:28:30,001 [INFO] IPUIPlugin:74 - create IPUIPlugin
2026-09-18 10:28:30,002 [INFO] PluginManager:213 - loadIPPluginJar : add hash
2026-09-18 10:28:30,098 [INFO] IPUIPlugin:74 - create IPUIPlugin
2026-09-18 10:28:30,099 [INFO] PluginManager:213 - loadIPPluginJar : add i2c
2026-09-18 10:28:30,180 [INFO] IPUIPlugin:74 - create IPUIPlugin
2026-09-18 10:28:30,181 [INFO] PluginManager:213 - loadIPPluginJar : add i2s
2026-09-18 10:28:30,233 [INFO] IPUIPlugin:74 - create IPUIPlugin
2026-09-18 10:28:30,234 [INFO] PluginManager:213 - loadIPPluginJar : add ipddr
2026-09-18 10:28:30,459 [INFO] IPUIPlugin:74 - create IPUIPlugin
2026-09-18 10:28:30,459 [INFO] PluginManager:213 - loadIPPluginJar : add linkedlist
2026-09-18 10:28:30,553 [INFO] IPUIPlugin:74 - create IPUIPlugin
2026-09-18 10:28:30,553 [INFO] PluginManager:213 - loadIPPluginJar : add lorawan
2026-09-18 10:28:30,662 [INFO] IPUIPlugin:74 - create IPUIPlugin
2026-09-18 10:28:30,664 [INFO] PluginManager:213 - loadIPPluginJar : add ltdc
2026-09-18 10:28:30,689 [INFO] IPUIPlugin:74 - create IPUIPlugin
2026-09-18 10:28:30,690 [INFO] PluginManager:213 - loadIPPluginJar : add mdma
2026-09-18 10:28:30,722 [INFO] IPUIPlugin:74 - create IPUIPlugin
2026-09-18 10:28:30,723 [INFO] PluginManager:213 - loadIPPluginJar : add nvic
2026-09-18 10:28:30,820 [ERROR] LogOutputStream:74 - [STDERR_REDIRECT] [Fatal Error] :1:1: Premature end of file.
2026-09-18 10:28:30,821 [ERROR] LogOutputStream:74 - [STDERR_REDIRECT] 
2026-09-18 10:28:30,824 [INFO] IPUIPlugin:74 - create IPUIPlugin
2026-09-18 10:28:30,825 [INFO] PluginManager:213 - loadIPPluginJar : add opamp
2026-09-18 10:28:30,828 [INFO] ThirdPartyUpdaterWithRetryManager:66 - Updater plugin not ready yet. [2/15]
2026-09-18 10:28:31,015 [INFO] IPUIPlugin:74 - create IPUIPlugin
2026-09-18 10:28:31,015 [INFO] PluginManager:213 - loadIPPluginJar : add openamp
2026-09-18 10:28:31,130 [INFO] IPUIPlugin:74 - create IPUIPlugin
2026-09-18 10:28:31,131 [INFO] PluginManager:213 - loadIPPluginJar : add pdm2pcm
2026-09-18 10:28:31,159 [INFO] IPUIPlugin:74 - create IPUIPlugin
2026-09-18 10:28:31,164 [INFO] PluginManager:213 - loadIPPluginJar : add plateformsettings
2026-09-18 10:28:31,217 [INFO] IPUIPlugin:74 - create IPUIPlugin
2026-09-18 10:28:31,217 [INFO] PluginManager:213 - loadIPPluginJar : add quadspi
2026-09-18 10:28:31,239 [INFO] IPUIPlugin:74 - create IPUIPlugin
2026-09-18 10:28:31,240 [INFO] PluginManager:213 - loadIPPluginJar : add resmgrutility
2026-09-18 10:28:31,384 [INFO] IPUIPlugin:74 - create IPUIPlugin
2026-09-18 10:28:31,385 [INFO] PluginManager:213 - loadIPPluginJar : add sai
2026-09-18 10:28:31,516 [INFO] IPUIPlugin:74 - create IPUIPlugin
2026-09-18 10:28:31,516 [INFO] PluginManager:213 - loadIPPluginJar : add spi
2026-09-18 10:28:31,652 [INFO] IPUIPlugin:74 - create IPUIPlugin
2026-09-18 10:28:31,653 [INFO] PluginManager:213 - loadIPPluginJar : add stm32_wpan
2026-09-18 10:28:31,722 [INFO] IPUIPlugin:74 - create IPUIPlugin
2026-09-18 10:28:31,723 [INFO] PluginManager:213 - loadIPPluginJar : add tim
2026-09-18 10:28:31,811 [ERROR] LogOutputStream:74 - [STDERR_REDIRECT] [Fatal Error] :1:1: Premature end of file.
2026-09-18 10:28:31,811 [ERROR] LogOutputStream:74 - [STDERR_REDIRECT] 
2026-09-18 10:28:31,860 [INFO] IPUIPlugin:74 - create IPUIPlugin
2026-09-18 10:28:31,861 [INFO] PluginManager:213 - loadIPPluginJar : add touchsensing
2026-09-18 10:28:31,913 [INFO] IPUIPlugin:74 - create IPUIPlugin
2026-09-18 10:28:31,913 [INFO] PluginManager:213 - loadIPPluginJar : add tracer_emb
2026-09-18 10:28:31,971 [INFO] IPUIPlugin:74 - create IPUIPlugin
2026-09-18 10:28:31,971 [INFO] PluginManager:213 - loadIPPluginJar : add ts
2026-09-18 10:28:32,093 [INFO] IPUIPlugin:74 - create IPUIPlugin
2026-09-18 10:28:32,093 [INFO] PluginManager:213 - loadIPPluginJar : add tsc
2026-09-18 10:28:32,182 [INFO] IPUIPlugin:74 - create IPUIPlugin
2026-09-18 10:28:32,183 [INFO] PluginManager:213 - loadIPPluginJar : add ucpd
2026-09-18 10:28:32,317 [INFO] IPUIPlugin:74 - create IPUIPlugin
2026-09-18 10:28:32,317 [INFO] PluginManager:213 - loadIPPluginJar : add usart
2026-09-18 10:28:32,413 [INFO] IPUIPlugin:74 - create IPUIPlugin
2026-09-18 10:28:32,414 [INFO] PluginManager:213 - loadIPPluginJar : add usbx
2026-09-18 10:28:32,822 [ERROR] LogOutputStream:74 - [STDERR_REDIRECT] [Fatal Error] :1:1: Premature end of file.
2026-09-18 10:28:32,823 [ERROR] LogOutputStream:74 - [STDERR_REDIRECT] 
2026-09-18 10:28:32,950 [FATAL] Updater:294 - Updater called before beeing initialized
2026-09-18 10:28:33,208 [FATAL] Updater:294 - Updater called before beeing initialized
2026-09-18 10:28:33,230 [INFO] DbMcusAds:47 - JSON generation date=Wed Jul 15 16:44:54 ICT 2026 (1784108694001)
2026-09-18 10:28:33,231 [FATAL] Updater:294 - Updater called before beeing initialized
2026-09-18 10:28:33,365 [WARN] DetailPanel:314 - Failed to get advertising image, set to default
2026-09-18 10:28:33,526 [FATAL] Updater:294 - Updater called before beeing initialized
2026-09-18 10:28:33,531 [FATAL] Updater:294 - Updater called before beeing initialized
2026-09-18 10:28:33,531 [FATAL] Updater:294 - Updater called before beeing initialized
2026-09-18 10:28:33,532 [WARN] DetailPanel:314 - Failed to get advertising image, set to default
2026-09-18 10:28:33,534 [FATAL] Updater:294 - Updater called before beeing initialized
2026-09-18 10:28:33,665 [ERROR] Updater:1075 - MainUpdater not yet initialized. External WinMGr cannot be set.
2026-09-18 10:28:33,691 [INFO] Updater:1012 - Updater Version found : 6.3.0
2026-09-18 10:28:33,739 [INFO] ApplicationProperties:181 - Using Application install path: C:\ST\STM32CubeIDE_1.7.0\STM32CubeIDE\plugins\com.st.stm32cube.common.mx_6.3.0.202107141111
2026-09-18 10:28:33,815 [ERROR] LogOutputStream:74 - [STDERR_REDIRECT] [Fatal Error] :1:1: Premature end of file.
2026-09-18 10:28:33,816 [ERROR] LogOutputStream:74 - [STDERR_REDIRECT] 
2026-09-18 10:28:33,835 [INFO] ThirdPartyUpdaterWithRetryManager:66 - Updater plugin not ready yet. [3/15]
2026-09-18 10:28:34,436 [INFO] MainUpdater:2671 - connection check result : 10
2026-09-18 10:28:34,437 [INFO] MainUpdater:265 - Updater Check For Update Now.
2026-09-18 10:28:34,438 [INFO] MicroXplorer:478 - Change Database Version : DB.6.0.30
2026-09-18 10:28:34,687 [INFO] CheckServerUpdateThread:112 - End of CheckServer Thread
2026-09-18 10:28:34,714 [INFO] MainUpdater:2671 - connection check result : 10
2026-09-18 10:28:34,762 [INFO] McuFinderGlobals:52 - Set McuFinderConnectedMode to true
2026-09-18 10:28:34,872 [ERROR] LogOutputStream:74 - [STDERR_REDIRECT] [Fatal Error] :1:1: Premature end of file.
2026-09-18 10:28:34,872 [ERROR] LogOutputStream:74 - [STDERR_REDIRECT] 
2026-09-18 10:28:34,943 [INFO] ServerAccessManage:362 - Download File mcusAds.json._tmp_
2026-09-18 10:28:35,098 [INFO] LoadUrlFilesThread:145 - End of LoadUrlFiles Thread
2026-09-18 10:28:35,833 [ERROR] LogOutputStream:74 - [STDERR_REDIRECT] [Fatal Error] :1:1: Premature end of file.
2026-09-18 10:28:35,834 [ERROR] LogOutputStream:74 - [STDERR_REDIRECT] 
2026-09-18 10:28:36,820 [ERROR] LogOutputStream:74 - [STDERR_REDIRECT] [Fatal Error] :1:1: Premature end of file.
2026-09-18 10:28:36,820 [ERROR] LogOutputStream:74 - [STDERR_REDIRECT] 
2026-09-18 10:28:36,836 [WARN] MainUpdater:1122 - Updater busy. Cannot search thirdparties
2026-09-18 10:28:36,836 [INFO] ThirdPartyUpdaterWithRetryManager:92 - Updater plugin is busy. [1/15]
2026-09-18 10:28:37,809 [ERROR] LogOutputStream:74 - [STDERR_REDIRECT] [Fatal Error] :1:1: Premature end of file.
2026-09-18 10:28:37,810 [ERROR] LogOutputStream:74 - [STDERR_REDIRECT] 
2026-09-18 10:28:38,828 [ERROR] LogOutputStream:74 - [STDERR_REDIRECT] [Fatal Error] :1:1: Premature end of file.
2026-09-18 10:28:38,829 [ERROR] LogOutputStream:74 - [STDERR_REDIRECT] 
2026-09-18 10:28:39,835 [ERROR] LogOutputStream:74 - [STDERR_REDIRECT] [Fatal Error] :1:1: Premature end of file.
2026-09-18 10:28:39,835 [ERROR] LogOutputStream:74 - [STDERR_REDIRECT] 
2026-09-18 10:28:39,852 [WARN] MainUpdater:1122 - Updater busy. Cannot search thirdparties
2026-09-18 10:28:39,853 [INFO] ThirdPartyUpdaterWithRetryManager:92 - Updater plugin is busy. [2/15]
2026-09-18 10:28:40,826 [ERROR] LogOutputStream:74 - [STDERR_REDIRECT] [Fatal Error] :1:1: Premature end of file.
2026-09-18 10:28:40,826 [ERROR] LogOutputStream:74 - [STDERR_REDIRECT] 
2026-09-18 10:28:41,840 [ERROR] LogOutputStream:74 - [STDERR_REDIRECT] [Fatal Error] :1:1: Premature end of file.
2026-09-18 10:28:41,841 [ERROR] LogOutputStream:74 - [STDERR_REDIRECT] 
2026-09-18 10:28:42,835 [ERROR] LogOutputStream:74 - [STDERR_REDIRECT] [Fatal Error] :1:1: Premature end of file.
2026-09-18 10:28:42,835 [ERROR] LogOutputStream:74 - [STDERR_REDIRECT] 
2026-09-18 10:28:42,854 [WARN] MainUpdater:1122 - Updater busy. Cannot search thirdparties
2026-09-18 10:28:42,854 [INFO] ThirdPartyUpdaterWithRetryManager:92 - Updater plugin is busy. [3/15]
2026-09-18 10:28:43,830 [ERROR] LogOutputStream:74 - [STDERR_REDIRECT] [Fatal Error] :1:1: Premature end of file.
2026-09-18 10:28:43,830 [ERROR] LogOutputStream:74 - [STDERR_REDIRECT] 
2026-09-18 10:28:44,820 [ERROR] LogOutputStream:74 - [STDERR_REDIRECT] [Fatal Error] :1:1: Premature end of file.
2026-09-18 10:28:44,820 [ERROR] LogOutputStream:74 - [STDERR_REDIRECT] 
2026-09-18 10:28:45,815 [ERROR] LogOutputStream:74 - [STDERR_REDIRECT] [Fatal Error] :1:1: Premature end of file.
2026-09-18 10:28:45,815 [ERROR] LogOutputStream:74 - [STDERR_REDIRECT] 
2026-09-18 10:28:45,866 [WARN] MainUpdater:1122 - Updater busy. Cannot search thirdparties
2026-09-18 10:28:45,866 [INFO] ThirdPartyUpdaterWithRetryManager:92 - Updater plugin is busy. [4/15]
2026-09-18 10:28:46,821 [ERROR] LogOutputStream:74 - [STDERR_REDIRECT] [Fatal Error] :1:1: Premature end of file.
2026-09-18 10:28:46,822 [ERROR] LogOutputStream:74 - [STDERR_REDIRECT] 
2026-09-18 10:28:47,812 [ERROR] LogOutputStream:74 - [STDERR_REDIRECT] [Fatal Error] :1:1: Premature end of file.
2026-09-18 10:28:47,813 [ERROR] LogOutputStream:74 - [STDERR_REDIRECT] 
2026-09-18 10:28:48,816 [ERROR] LogOutputStream:74 - [STDERR_REDIRECT] [Fatal Error] :1:1: Premature end of file.
2026-09-18 10:28:48,817 [ERROR] LogOutputStream:74 - [STDERR_REDIRECT] 
2026-09-18 10:28:48,867 [WARN] MainUpdater:1122 - Updater busy. Cannot search thirdparties
2026-09-18 10:28:48,867 [INFO] ThirdPartyUpdaterWithRetryManager:92 - Updater plugin is busy. [5/15]
2026-09-18 10:28:49,828 [ERROR] LogOutputStream:74 - [STDERR_REDIRECT] [Fatal Error] :1:1: Premature end of file.
2026-09-18 10:28:49,829 [ERROR] LogOutputStream:74 - [STDERR_REDIRECT] 
2026-09-18 10:28:50,814 [ERROR] LogOutputStream:74 - [STDERR_REDIRECT] [Fatal Error] :1:1: Premature end of file.
2026-09-18 10:28:50,815 [ERROR] LogOutputStream:74 - [STDERR_REDIRECT] 
2026-09-18 10:28:51,819 [ERROR] LogOutputStream:74 - [STDERR_REDIRECT] [Fatal Error] :1:1: Premature end of file.
2026-09-18 10:28:51,820 [ERROR] LogOutputStream:74 - [STDERR_REDIRECT] 
2026-09-18 10:28:51,874 [WARN] MainUpdater:1122 - Updater busy. Cannot search thirdparties
2026-09-18 10:28:51,874 [INFO] ThirdPartyUpdaterWithRetryManager:92 - Updater plugin is busy. [6/15]
2026-09-18 10:28:52,819 [ERROR] LogOutputStream:74 - [STDERR_REDIRECT] [Fatal Error] :1:1: Premature end of file.
2026-09-18 10:28:52,819 [ERROR] LogOutputStream:74 - [STDERR_REDIRECT] 
2026-09-18 10:28:53,825 [ERROR] LogOutputStream:74 - [STDERR_REDIRECT] [Fatal Error] :1:1: Premature end of file.
2026-09-18 10:28:53,825 [ERROR] LogOutputStream:74 - [STDERR_REDIRECT] 
2026-09-18 10:28:54,822 [ERROR] LogOutputStream:74 - [STDERR_REDIRECT] [Fatal Error] :1:1: Premature end of file.
2026-09-18 10:28:54,822 [ERROR] LogOutputStream:74 - [STDERR_REDIRECT] 
2026-09-18 10:28:54,888 [WARN] MainUpdater:1122 - Updater busy. Cannot search thirdparties
2026-09-18 10:28:54,888 [INFO] ThirdPartyUpdaterWithRetryManager:92 - Updater plugin is busy. [7/15]
2026-09-18 10:28:55,126 [ERROR] ServerAccessManage:1016 - HTTP unexpected response (522) for https://stmcufinder.com/API/getFiles.php?
2026-09-18 10:28:55,127 [ERROR] ServerAccessManage:531 - Error during Access to HTTP Server. : mcusDocs.json._tmp_.
2026-09-18 10:28:55,854 [ERROR] LogOutputStream:74 - [STDERR_REDIRECT] [Fatal Error] :1:1: Premature end of file.
2026-09-18 10:28:55,854 [ERROR] LogOutputStream:74 - [STDERR_REDIRECT] 
2026-09-18 10:28:56,817 [ERROR] LogOutputStream:74 - [STDERR_REDIRECT] [Fatal Error] :1:1: Premature end of file.
2026-09-18 10:28:56,818 [ERROR] LogOutputStream:74 - [STDERR_REDIRECT] 
2026-09-18 10:28:56,996 [INFO] LoadUrlFilesThread:145 - End of LoadUrlFiles Thread
2026-09-18 10:28:57,815 [ERROR] LogOutputStream:74 - [STDERR_REDIRECT] [Fatal Error] :1:1: Premature end of file.
2026-09-18 10:28:57,815 [ERROR] LogOutputStream:74 - [STDERR_REDIRECT] 
2026-09-18 10:28:58,027 [INFO] DbMcusAds:47 - JSON generation date=Wed Jul 15 16:44:54 ICT 2026 (1784108694001)
2026-09-18 10:28:58,073 [INFO] DbMcusDocs:143 - JSON generation date=Mon Jun 07 15:53:21 ICT 2021 (1623056001)
2026-09-18 10:28:58,075 [INFO] DbMcusXml:100 - Load MCU database from C:\ST\STM32CubeIDE_1.7.0\STM32CubeIDE\plugins\com.st.stm32cube.common.mx_6.3.0.202107141111\\db\/mcu/families.xml
2026-09-18 10:28:58,399 [WARN] PackLoader:238 - Cannot read IP mode file for STMicroelectronics.X-CUBE-AZRTOS-H7.3.5.0
2026-09-18 10:28:58,446 [WARN] PackLoader:238 - Cannot read IP mode file for STMicroelectronics.FP-ATR-ASTRA1.2.0.3
2026-09-18 10:28:58,477 [ERROR] Engine:463 - C:\Users\Luan\.stm32cubemx\thirdparties\pdsc\STMicroelectronics.X-CUBE-SMBUS.2.1.1.pdsc: PDSC version is not supported
2026-09-18 10:28:58,559 [WARN] PackLoader:238 - Cannot read IP mode file for STMicroelectronics.X-CUBE-AZRTOS-F7.1.1.0
2026-09-18 10:28:58,589 [ERROR] Engine:463 - C:\Users\Luan\.stm32cubemx\thirdparties\pdsc\STMicroelectronics.X-CUBE-FREERTOS.1.6.0.pdsc: PDSC version is not supported
2026-09-18 10:28:58,615 [ERROR] Engine:463 - C:\Users\Luan\.stm32cubemx\thirdparties\pdsc\STMicroelectronics.FP-SNS-MOTENV1.5.1.0.pdsc: PDSC version is not supported
2026-09-18 10:28:58,687 [WARN] PackLoader:238 - Cannot read IP mode file for STMicroelectronics.X-CUBE-AZRTOS-H7RS.1.3.0
2026-09-18 10:28:58,719 [ERROR] Engine:463 - C:\Users\Luan\.stm32cubemx\thirdparties\pdsc\WES.I-CUBE-Cesium.1.4.0.pdsc: PDSC version is not supported
2026-09-18 10:28:58,744 [ERROR] Engine:463 - C:\Users\Luan\.stm32cubemx\thirdparties\pdsc\STMicroelectronics.X-CUBE-DISPLAY.3.0.0.pdsc: PDSC version is not supported
2026-09-18 10:28:58,770 [WARN] PackLoader:238 - Cannot read IP mode file for STMicroelectronics.X-CUBE-GNSS1.7.1.1
2026-09-18 10:28:58,793 [ERROR] Engine:463 - C:\Users\Luan\.stm32cubemx\thirdparties\pdsc\STMicroelectronics.FP-SNS-MOTENVWB1.1.5.0.pdsc: PDSC version is not supported
2026-09-18 10:28:58,816 [WARN] PackLoader:238 - Cannot read IP mode file for STMicroelectronics.X-CUBE-NFC10.1.0.0
2026-09-18 10:28:58,831 [ERROR] LogOutputStream:74 - [STDERR_REDIRECT] [Fatal Error] :1:1: Premature end of file.
2026-09-18 10:28:58,832 [ERROR] LogOutputStream:74 - [STDERR_REDIRECT] 
2026-09-18 10:28:58,837 [ERROR] Engine:463 - C:\Users\Luan\.stm32cubemx\thirdparties\pdsc\STMicroelectronics.X-CUBE-ST60.1.1.0.pdsc: PDSC version is not supported
2026-09-18 10:28:58,856 [ERROR] Engine:463 - C:\Users\Luan\.stm32cubemx\thirdparties\pdsc\emotas.I-CUBE-CANOPEN.1.3.0.pdsc: PDSC version is not supported
2026-09-18 10:28:58,874 [WARN] PackLoader:238 - Cannot read IP mode file for wolfSSL.I-CUBE-wolfSSL.5.9.2
2026-09-18 10:28:58,893 [ERROR] Engine:463 - C:\Users\Luan\.stm32cubemx\thirdparties\pdsc\STMicroelectronics.X-CUBE-WBA.1.1.0.pdsc: PDSC version is not supported
2026-09-18 10:28:58,910 [ERROR] Engine:463 - C:\Users\Luan\.stm32cubemx\thirdparties\pdsc\STMicroelectronics.FP-SNS-STBOX1.2.1.0.pdsc: PDSC version is not supported
2026-09-18 10:28:58,928 [ERROR] Engine:463 - C:\Users\Luan\.stm32cubemx\thirdparties\pdsc\STMicroelectronics.FP-SNS-SMARTAG2.1.2.0.pdsc: PDSC version is not supported
2026-09-18 10:28:58,946 [ERROR] Engine:463 - C:\Users\Luan\.stm32cubemx\thirdparties\pdsc\STMicroelectronics.FP-SNS-FLIGHT1.5.1.0.pdsc: PDSC version is not supported
2026-09-18 10:28:58,988 [INFO] LogOutputStream:76 - [STDOUT_REDIRECT] 1 : Invalid condition id : UX_CORESTACK_Condition cause : null
2026-09-18 10:28:58,989 [INFO] LogOutputStream:76 - [STDOUT_REDIRECT] 1 : Invalid condition id : UX_CORESTACK_Condition cause : null
2026-09-18 10:28:58,990 [INFO] LogOutputStream:76 - [STDOUT_REDIRECT] 1 : Invalid condition id : UX_CORESTACK_Condition cause : null
2026-09-18 10:28:58,991 [INFO] LogOutputStream:76 - [STDOUT_REDIRECT] 1 : Invalid condition id : UX_CORESTACK_Condition cause : null
2026-09-18 10:28:58,993 [INFO] LogOutputStream:76 - [STDOUT_REDIRECT] 1 : Invalid condition id : UX_CORESTACK_Condition cause : null
2026-09-18 10:28:59,007 [WARN] PackLoader:238 - Cannot read IP mode file for STMicroelectronics.X-CUBE-AZRTOS-WL.2.0.0
2026-09-18 10:28:59,029 [WARN] PackLoader:238 - Cannot read IP mode file for STMicroelectronics.X-CUBE-BLE2.3.3.0
2026-09-18 10:28:59,044 [ERROR] Engine:463 - C:\Users\Luan\.stm32cubemx\thirdparties\pdsc\Avnet-IOTCONNECT.X-CUBE-iotc-st67-sdk.1.0.0.pdsc: PDSC version is not supported
2026-09-18 10:28:59,068 [ERROR] Engine:463 - C:\Users\Luan\.stm32cubemx\thirdparties\pdsc\Infineon.AIROC-Wi-Fi-Bluetooth-STM32.1.8.0.pdsc: PDSC version is not supported
2026-09-18 10:28:59,088 [WARN] PackLoader:238 - Cannot read IP mode file for STMicroelectronics.X-CUBE-NFC9.1.0.0
2026-09-18 10:28:59,109 [WARN] PackLoader:238 - Cannot read IP mode file for STMicroelectronics.X-CUBE-BLE1.7.1.0
2026-09-18 10:28:59,135 [WARN] PackLoader:238 - Cannot read IP mode file for wolfSSL.I-CUBE-wolfMQTT.1.19.2
2026-09-18 10:28:59,158 [WARN] PackLoader:238 - Cannot read IP mode file for STMicroelectronics.X-CUBE-EEPRMA1.5.2.0
2026-09-18 10:28:59,191 [INFO] DbMcusJson:93 - JSON generation date=Mon Jun 07 15:53:21 ICT 2021 (1623056001)
2026-09-18 10:28:59,196 [WARN] PackLoader:238 - Cannot read IP mode file for STMicroelectronics.X-CUBE-AZRTOS-G0.1.1.0
2026-09-18 10:28:59,218 [WARN] PackLoader:238 - Cannot read IP mode file for STMicroelectronics.X-CUBE-NFC4.3.0.0
2026-09-18 10:28:59,247 [ERROR] Engine:463 - C:\Users\Luan\.stm32cubemx\thirdparties\pdsc\EmbeddedOffice.I-CUBE-FS-RTOS.1.0.1.pdsc: PDSC version is not supported
2026-09-18 10:28:59,265 [WARN] PackLoader:238 - Cannot read IP mode file for wolfSSL.I-CUBE-wolfTPM.3.8.0
2026-09-18 10:28:59,283 [ERROR] Engine:463 - C:\Users\Luan\.stm32cubemx\thirdparties\pdsc\STMicroelectronics.X-CUBE-TCPP.4.2.0.pdsc: PDSC version is not supported
2026-09-18 10:28:59,298 [ERROR] Engine:463 - C:\Users\Luan\.stm32cubemx\thirdparties\pdsc\RealThread.X-CUBE-RT-Thread_Nano.4.1.1.pdsc: PDSC version is not supported
2026-09-18 10:28:59,323 [WARN] PackLoader:238 - Cannot read IP mode file for STMicroelectronics.FP-ATR-SIGFOX1.3.2.0
2026-09-18 10:28:59,341 [ERROR] Engine:463 - C:\Users\Luan\.stm32cubemx\thirdparties\pdsc\ITTIA_DB.I-CUBE-ITTIADB.8.9.0.pdsc: PDSC version is not supported
2026-09-18 10:28:59,358 [ERROR] Engine:463 - C:\Users\Luan\.stm32cubemx\thirdparties\pdsc\Cesanta.I-CUBE-Mongoose.7.21.7.pdsc: PDSC version is not supported
2026-09-18 10:28:59,380 [WARN] PackLoader:238 - Cannot read IP mode file for STMicroelectronics.X-CUBE-NFC6.3.2.0
2026-09-18 10:28:59,405 [WARN] PackLoader:238 - Cannot read IP mode file for STMicroelectronics.X-CUBE-AI.10.2.1
2026-09-18 10:28:59,507 [WARN] PackLoader:238 - Cannot read IP mode file for SEGGER.I-CUBE-embOS.1.3.1
2026-09-18 10:28:59,576 [ERROR] Engine:463 - C:\Users\Luan\.stm32cubemx\thirdparties\pdsc\STMicroelectronics.FP-SNS-STAIOTCFT.2.0.0.pdsc: PDSC version is not supported
2026-09-18 10:28:59,601 [WARN] PackLoader:238 - Cannot read IP mode file for STMicroelectronics.X-CUBE-NFC13.1.0.0
2026-09-18 10:28:59,624 [WARN] PackLoader:238 - Cannot read IP mode file for STMicroelectronics.X-CUBE-PM33A1.1.0.0
2026-09-18 10:28:59,678 [WARN] PackLoader:238 - Cannot read IP mode file for STMicroelectronics.X-CUBE-AZRTOS-F4.1.1.0
2026-09-18 10:28:59,705 [WARN] PackLoader:238 - Cannot read IP mode file for STMicroelectronics.X-CUBE-ISPU.2.1.0
2026-09-18 10:28:59,728 [ERROR] Engine:463 - C:\Users\Luan\.stm32cubemx\thirdparties\pdsc\STMicroelectronics.X-CUBE-IPS.3.2.0.pdsc: PDSC version is not supported
2026-09-18 10:28:59,748 [ERROR] Engine:463 - C:\Users\Luan\.stm32cubemx\thirdparties\pdsc\STMicroelectronics.eDS-WB_DPC_TT-BIDIR.2.1.1.pdsc: PDSC version is not supported
2026-09-18 10:28:59,778 [WARN] PackLoader:238 - Cannot read IP mode file for STMicroelectronics.X-CUBE-NFC12.1.0.0
2026-09-18 10:28:59,818 [WARN] PackLoader:238 - Cannot read IP mode file for STMicroelectronics.X-CUBE-AZRTOS-L5.2.0.0
2026-09-18 10:28:59,820 [ERROR] LogOutputStream:74 - [STDERR_REDIRECT] [Fatal Error] :1:1: Premature end of file.
2026-09-18 10:28:59,821 [ERROR] LogOutputStream:74 - [STDERR_REDIRECT] 
2026-09-18 10:28:59,841 [WARN] PackLoader:238 - Cannot read IP mode file for STMicroelectronics.X-CUBE-ALGOBUILD.1.5.0
2026-09-18 10:28:59,855 [ERROR] Engine:463 - C:\Users\Luan\.stm32cubemx\thirdparties\pdsc\STMicroelectronics.eDS-WB_DPC_VIENNA.1.2.0.pdsc: PDSC version is not supported
2026-09-18 10:28:59,886 [INFO] DbMcus:175 - Found 1951 MCUs (1903 are supported by CubeMX, 1903 are visible in CubeMX)
2026-09-18 10:28:59,888 [INFO] ApiDb:251 - Load user favorites file C:\Users\Luan/.stm32cubeide/favorites.mcus.txt: 0 item(s)
2026-09-18 10:28:59,888 [INFO] ApiDb:255 - User favorites MCUs=[]
2026-09-18 10:28:59,888 [INFO] DbMcus:187 - Set 0 / 0 favorites MCUs
2026-09-18 10:28:59,942 [WARN] PackLoader:238 - Cannot read IP mode file for STMicroelectronics.X-CUBE-MEMS1.13.0.0
2026-09-18 10:29:00,114 [ERROR] Engine:463 - C:\Users\Luan\.stm32cubemx\thirdparties\pdsc\STMicroelectronics.eDS-WB_DPC_3PH2L-BIDIR.1.1.1.pdsc: PDSC version is not supported
2026-09-18 10:29:00,131 [ERROR] Engine:463 - C:\Users\Luan\.stm32cubemx\thirdparties\pdsc\STMicroelectronics.X-CUBE-ST67W61.1.3.0.pdsc: PDSC version is not supported
2026-09-18 10:29:00,152 [WARN] PackLoader:238 - Cannot read IP mode file for STMicroelectronics.X-CUBE-TOUCHGFX.4.26.1
2026-09-18 10:29:00,173 [ERROR] Engine:463 - C:\Users\Luan\.stm32cubemx\thirdparties\pdsc\STMicroelectronics.X-CUBE-DPower.1.3.0.pdsc: PDSC version is not supported
2026-09-18 10:29:00,218 [WARN] ConditionMgr:437 - getConditionDescription Invalid condition id : LAN8742 Phy interface Condition cause : null
2026-09-18 10:29:00,219 [WARN] PackLoader:238 - Cannot read IP mode file for STMicroelectronics.X-CUBE-AZRTOS-L4.2.0.0
2026-09-18 10:29:00,220 [WARN] ConditionMgr:1038 - genDependencies : Invalid condition id : LAN8742 Phy interface Condition cause : null
2026-09-18 10:29:00,220 [WARN] ConditionMgr:1038 - genDependencies : Invalid condition id : LAN8742 Phy interface Condition cause : null
2026-09-18 10:29:00,221 [WARN] ConditionMgr:1038 - genDependencies : Invalid condition id : LAN8742 Phy interface Condition cause : null
2026-09-18 10:29:00,254 [WARN] PackLoader:238 - Cannot read IP mode file for STMicroelectronics.X-CUBE-SFXS2LP1.4.0.0
2026-09-18 10:29:00,277 [WARN] PackLoader:238 - Cannot read IP mode file for STMicroelectronics.X-CUBE-WB05N.2.1.0
2026-09-18 10:29:00,310 [WARN] ConditionMgr:437 - getConditionDescription Invalid condition id : UX DEVICE CLASS RTOS Condition cause : null
2026-09-18 10:29:00,310 [WARN] ConditionMgr:437 - getConditionDescription Invalid condition id : UX DEVICE CLASS RTOS Condition cause : null
2026-09-18 10:29:00,314 [WARN] PackLoader:238 - Cannot read IP mode file for STMicroelectronics.X-CUBE-AZRTOS-WB.2.0.0
2026-09-18 10:29:00,315 [WARN] ConditionMgr:1038 - genDependencies : Invalid condition id : UX DEVICE CLASS RTOS Condition cause : null
2026-09-18 10:29:00,315 [WARN] ConditionMgr:1038 - genDependencies : Invalid condition id : UX DEVICE CLASS RTOS Condition cause : null
2026-09-18 10:29:00,315 [WARN] ConditionMgr:1038 - genDependencies : Invalid condition id : UX DEVICE CLASS RTOS Condition cause : null
2026-09-18 10:29:00,316 [WARN] ConditionMgr:1038 - genDependencies : Invalid condition id : UX DEVICE CLASS RTOS Condition cause : null
2026-09-18 10:29:00,316 [WARN] ConditionMgr:1038 - genDependencies : Invalid condition id : UX DEVICE CLASS RTOS Condition cause : null
2026-09-18 10:29:00,343 [ERROR] Engine:463 - C:\Users\Luan\.stm32cubemx\thirdparties\pdsc\quantropi.X-CUBE-qispace-sdk-base.2.1.0.pdsc: PDSC version is not supported
2026-09-18 10:29:00,366 [WARN] PackLoader:238 - Cannot read IP mode file for STMicroelectronics.X-CUBE-STSE01.2.0.0
2026-09-18 10:29:00,385 [INFO] DbMcusDocs:79 - Found 669 MCUs documents
2026-09-18 10:29:00,387 [INFO] ApiDb:276 - Save user favorites file C:\Users\Luan/.stm32cubeide/favorites.mcus.txt: 0 item(s)
2026-09-18 10:29:00,387 [INFO] ApiDb:280 - User favorites MCUs=[]
2026-09-18 10:29:00,388 [INFO] DbMcusXml:100 - Load MCU database from C:\ST\STM32CubeIDE_1.7.0\STM32CubeIDE\plugins\com.st.stm32cube.common.mx_6.3.0.202107141111\\db\/mcu/families.xml
2026-09-18 10:29:00,395 [WARN] PackLoader:238 - Cannot read IP mode file for STMicroelectronics.X-CUBE-SUBG2.5.0.0
2026-09-18 10:29:00,432 [WARN] PackLoader:238 - Cannot read IP mode file for STMicroelectronics.X-CUBE-AZRTOS-G4.2.0.0
2026-09-18 10:29:00,453 [WARN] PackLoader:238 - Cannot read IP mode file for wolfSSL.I-CUBE-wolfSSH.1.4.20
2026-09-18 10:29:00,474 [WARN] PackLoader:238 - Cannot read IP mode file for STMicroelectronics.X-CUBE-NFC7.2.0.0
2026-09-18 10:29:00,494 [ERROR] Engine:463 - C:\Users\Luan\.stm32cubemx\thirdparties\pdsc\STMicroelectronics.X-CUBE-BLEMGR.4.2.0.pdsc: PDSC version is not supported
2026-09-18 10:29:00,511 [ERROR] Engine:463 - C:\Users\Luan\.stm32cubemx\thirdparties\pdsc\STMicroelectronics.X-CUBE-ALS.1.0.2.pdsc: PDSC version is not supported
2026-09-18 10:29:00,535 [ERROR] Engine:463 - C:\Users\Luan\.stm32cubemx\thirdparties\pdsc\STMicroelectronics.X-CUBE-TOF1.3.4.3.pdsc: PDSC version is not supported
2026-09-18 10:29:00,535 [INFO] ThirdParty:915 - Integrity check success = true
2026-09-18 10:29:00,536 [INFO] IntegrityCheckThread:94 - exiting critical section [integrity check]
2026-09-18 10:29:00,536 [INFO] IntegrityCheckThread:97 - End integrity checks thread
2026-09-18 10:29:00,825 [ERROR] LogOutputStream:74 - [STDERR_REDIRECT] [Fatal Error] :1:1: Premature end of file.
2026-09-18 10:29:00,825 [ERROR] LogOutputStream:74 - [STDERR_REDIRECT] 
2026-09-18 10:29:01,068 [INFO] DbMcusJson:93 - JSON generation date=Mon Jun 07 15:53:21 ICT 2021 (1623056001)
2026-09-18 10:29:01,709 [INFO] DbMcus:175 - Found 1951 MCUs (1903 are supported by CubeMX, 1903 are visible in CubeMX)
2026-09-18 10:29:01,710 [INFO] ApiDb:251 - Load user favorites file C:\Users\Luan/.stm32cubeide/favorites.mcus.txt: 0 item(s)
2026-09-18 10:29:01,711 [INFO] ApiDb:255 - User favorites MCUs=[]
2026-09-18 10:29:01,711 [INFO] DbMcus:187 - Set 0 / 0 favorites MCUs
2026-09-18 10:29:01,749 [INFO] DbBoardsDocs:143 - JSON generation date=Tue Jun 01 12:52:40 ICT 2021 (1622526760)
2026-09-18 10:29:01,778 [INFO] DbBoardsPdsc:90 - Found 25 items
2026-09-18 10:29:01,798 [INFO] DbBoardsPdsc:90 - Found 9 items
2026-09-18 10:29:01,806 [ERROR] LogOutputStream:74 - [STDERR_REDIRECT] [Fatal Error] :1:1: Premature end of file.
2026-09-18 10:29:01,807 [ERROR] LogOutputStream:74 - [STDERR_REDIRECT] 
2026-09-18 10:29:01,819 [INFO] DbBoardsPdsc:90 - Found 33 items
2026-09-18 10:29:01,836 [INFO] DbBoardsPdsc:90 - Found 1 items
2026-09-18 10:29:01,858 [INFO] DbBoardsPdsc:90 - Found 48 items
2026-09-18 10:29:01,879 [INFO] DbBoardsPdsc:90 - Found 43 items
2026-09-18 10:29:01,897 [INFO] DbBoardsPdsc:90 - Found 2 items
2026-09-18 10:29:01,913 [INFO] DbBoardsPdsc:90 - Found 5 items
2026-09-18 10:29:01,919 [WARN] DbBoardsPdsc:254 - Board STM32H7B3I-DK: unknown feature type=Audio, name=, username=Audio stereo codec with Headphone Amp (CS42L51-CNZ), n=1
2026-09-18 10:29:01,919 [WARN] DbBoardsPdsc:254 - Board STM32H735G-DK: unknown feature type=Audio, name=, username=Audio stereo codec with Headphone Amp (WM8994ECS/R), n=1
2026-09-18 10:29:01,921 [WARN] DbBoardsPdsc:254 - Board STM32H7B3I-EVAL: unknown feature type=Audio, name=, username=Multi-Channel Audio Codec (CS42L51-CNZ), n=1
2026-09-18 10:29:01,921 [WARN] DbBoardsPdsc:254 - Board STM32H7B3I-EVAL: unknown feature type=Meter, name=, username=Power-metering and Temperature-monitoring with sigma-delta modulators, n=1
2026-09-18 10:29:01,921 [WARN] DbBoardsPdsc:254 - Board STM32H7B3I-EVAL: unknown feature type=Motor, name=, username=Motor Control, n=1
2026-09-18 10:29:01,921 [WARN] DbBoardsPdsc:254 - Board STM32U575I-EV: unknown feature type=joystick, name=, username=4-direction joystick with selection button, n=1
2026-09-18 10:29:01,951 [INFO] DbBoardsJson:86 - JSON generation date=Tue Jun 01 12:52:40 ICT 2021 (1622526760)
2026-09-18 10:29:01,959 [INFO] DbBoards:117 - Found 166 boards (163 are supported by CubeMX)
2026-09-18 10:29:01,970 [INFO] DbBoardsDocs:143 - JSON generation date=Tue Jun 01 12:52:40 ICT 2021 (1622526760)
2026-09-18 10:29:01,990 [INFO] DbBoardsDocs:79 - Found 193 boards documents
2026-09-18 10:29:01,990 [WARN] DbBoards:127 - board B-L462E-CELL1 has no document id list !
2026-09-18 10:29:01,990 [WARN] DbBoards:127 - board B-L475E-IOT01A2 has no document id list !
2026-09-18 10:29:01,990 [WARN] DbBoards:127 - board B-U585I-IOT02A has no document id list !
2026-09-18 10:29:01,992 [WARN] DbBoards:127 - board NUCLEO-G0B1RE has no document id list !
2026-09-18 10:29:01,992 [WARN] DbBoards:127 - board NUCLEO-H743ZI has no document id list !
2026-09-18 10:29:01,993 [WARN] DbBoards:127 - board NUCLEO-L4A6ZG has no document id list !
2026-09-18 10:29:01,993 [WARN] DbBoards:127 - board NUCLEO-U575ZI-Q has no document id list !
2026-09-18 10:29:01,993 [WARN] DbBoards:127 - board NUCLEO-WB15CC has no document id list !
2026-09-18 10:29:01,993 [WARN] DbBoards:127 - board NUCLEO-WB55RG has no document id list !
2026-09-18 10:29:01,994 [WARN] DbBoards:127 - board NUCLEO-WL55JC2 has no document id list !
2026-09-18 10:29:01,994 [WARN] DbBoards:127 - board P-NUCLEO-WB55-Nucleo has no document id list !
2026-09-18 10:29:01,994 [WARN] DbBoards:127 - board P-NUCLEO-WB55-USBDongle has no document id list !
2026-09-18 10:29:01,994 [WARN] DbBoards:127 - board STEVAL-BFA001V1B has no document id list !
2026-09-18 10:29:01,994 [WARN] DbBoards:127 - board STEVAL-BFA001V2B has no document id list !
2026-09-18 10:29:01,994 [WARN] DbBoards:127 - board STEVAL-IDP005V1 has no document id list !
2026-09-18 10:29:01,994 [WARN] DbBoards:127 - board STEVAL-IDP005V2 has no document id list !
2026-09-18 10:29:01,994 [WARN] DbBoards:127 - board STEVAL-MKSBOX1V1 has no document id list !
2026-09-18 10:29:01,994 [WARN] DbBoards:127 - board STEVAL-STWINKT1 has no document id list !
2026-09-18 10:29:01,994 [WARN] DbBoards:127 - board STEVAL-STWINKT1B has no document id list !
2026-09-18 10:29:01,995 [WARN] DbBoards:127 - board STM32F401C-DISCO has no document id list !
2026-09-18 10:29:01,996 [WARN] DbBoards:127 - board STM32F769I-DISC1 has no document id list !
2026-09-18 10:29:01,996 [WARN] DbBoards:127 - board STM32G0C1E-EV has no document id list !
2026-09-18 10:29:01,996 [WARN] DbBoards:127 - board STM32G474E-EVAL1 has no document id list !
2026-09-18 10:29:01,997 [WARN] DbBoards:127 - board STM32H743I-EVAL2 has no document id list !
2026-09-18 10:29:01,997 [WARN] DbBoards:127 - board STM32H747I-DISC1 has no document id list !
2026-09-18 10:29:01,997 [WARN] DbBoards:127 - board STM32H753I-EVAL2 has no document id list !
2026-09-18 10:29:01,997 [WARN] DbBoards:127 - board STM32L-DISCOVERY has no document id list !
2026-09-18 10:29:01,998 [WARN] DbBoards:127 - board STM32MP157A-DK1 has no document id list !
2026-09-18 10:29:01,998 [WARN] DbBoards:127 - board STM32MP157D-DK1 has no document id list !
2026-09-18 10:29:01,998 [WARN] DbBoards:127 - board STM32MP157D-EV1 has no document id list !
2026-09-18 10:29:01,998 [WARN] DbBoards:127 - board STM32MP157F-DK2 has no document id list !
2026-09-18 10:29:01,998 [WARN] DbBoards:127 - board STM32MP157F-EV1 has no document id list !
2026-09-18 10:29:01,998 [WARN] DbBoards:127 - board STM32U575I-EV has no document id list !
2026-09-18 10:29:01,999 [WARN] DbBoards:127 - board STM32WB5MM-DK has no document id list !
2026-09-18 10:29:02,817 [ERROR] LogOutputStream:74 - [STDERR_REDIRECT] [Fatal Error] :1:1: Premature end of file.
2026-09-18 10:29:02,818 [ERROR] LogOutputStream:74 - [STDERR_REDIRECT] 
2026-09-18 10:29:03,823 [ERROR] LogOutputStream:74 - [STDERR_REDIRECT] [Fatal Error] :1:1: Premature end of file.
2026-09-18 10:29:03,823 [ERROR] LogOutputStream:74 - [STDERR_REDIRECT] 
2026-09-18 10:29:04,285 [INFO] ApiDb:251 - Load user favorites file C:\Users\Luan/.stm32cubeide/favorites.boards.txt: 0 item(s)
2026-09-18 10:29:04,285 [INFO] ApiDb:255 - User favorites Boards=[]
2026-09-18 10:29:04,286 [INFO] DbBoards:206 - Set 0 / 0 favorites Boards
2026-09-18 10:29:04,303 [INFO] DbBoardsDocs:79 - Found 386 boards documents
2026-09-18 10:29:04,303 [INFO] ApiDb:276 - Save user favorites file C:\Users\Luan/.stm32cubeide/favorites.boards.txt: 0 item(s)
2026-09-18 10:29:04,304 [INFO] ApiDb:280 - User favorites Boards=[]
2026-09-18 10:29:04,307 [INFO] DbBoardsPdsc:90 - Found 25 items
2026-09-18 10:29:04,309 [INFO] DbBoardsPdsc:90 - Found 9 items
2026-09-18 10:29:04,312 [INFO] DbBoardsPdsc:90 - Found 33 items
2026-09-18 10:29:04,313 [INFO] DbBoardsPdsc:90 - Found 1 items
2026-09-18 10:29:04,318 [INFO] DbBoardsPdsc:90 - Found 48 items
2026-09-18 10:29:04,323 [INFO] DbBoardsPdsc:90 - Found 43 items
2026-09-18 10:29:04,324 [INFO] DbBoardsPdsc:90 - Found 2 items
2026-09-18 10:29:04,326 [INFO] DbBoardsPdsc:90 - Found 5 items
2026-09-18 10:29:04,328 [WARN] DbBoardsPdsc:254 - Board STM32H7B3I-DK: unknown feature type=Audio, name=, username=Audio stereo codec with Headphone Amp (CS42L51-CNZ), n=1
2026-09-18 10:29:04,328 [WARN] DbBoardsPdsc:254 - Board STM32H735G-DK: unknown feature type=Audio, name=, username=Audio stereo codec with Headphone Amp (WM8994ECS/R), n=1
2026-09-18 10:29:04,330 [WARN] DbBoardsPdsc:254 - Board STM32H7B3I-EVAL: unknown feature type=Audio, name=, username=Multi-Channel Audio Codec (CS42L51-CNZ), n=1
2026-09-18 10:29:04,330 [WARN] DbBoardsPdsc:254 - Board STM32H7B3I-EVAL: unknown feature type=Meter, name=, username=Power-metering and Temperature-monitoring with sigma-delta modulators, n=1
2026-09-18 10:29:04,330 [WARN] DbBoardsPdsc:254 - Board STM32H7B3I-EVAL: unknown feature type=Motor, name=, username=Motor Control, n=1
2026-09-18 10:29:04,331 [WARN] DbBoardsPdsc:254 - Board STM32U575I-EV: unknown feature type=joystick, name=, username=4-direction joystick with selection button, n=1
2026-09-18 10:29:04,345 [INFO] DbBoardsJson:86 - JSON generation date=Tue Jun 01 12:52:40 ICT 2021 (1622526760)
2026-09-18 10:29:04,351 [INFO] DbBoards:117 - Found 166 boards (163 are supported by CubeMX)
2026-09-18 10:29:04,352 [WARN] DbBoards:127 - board B-L462E-CELL1 has no document id list !
2026-09-18 10:29:04,352 [WARN] DbBoards:127 - board B-L475E-IOT01A2 has no document id list !
2026-09-18 10:29:04,352 [WARN] DbBoards:127 - board B-U585I-IOT02A has no document id list !
2026-09-18 10:29:04,352 [WARN] DbBoards:127 - board NUCLEO-G0B1RE has no document id list !
2026-09-18 10:29:04,352 [WARN] DbBoards:127 - board NUCLEO-H743ZI has no document id list !
2026-09-18 10:29:04,352 [WARN] DbBoards:127 - board NUCLEO-L4A6ZG has no document id list !
2026-09-18 10:29:04,352 [WARN] DbBoards:127 - board NUCLEO-U575ZI-Q has no document id list !
2026-09-18 10:29:04,352 [WARN] DbBoards:127 - board NUCLEO-WB15CC has no document id list !
2026-09-18 10:29:04,353 [WARN] DbBoards:127 - board NUCLEO-WB55RG has no document id list !
2026-09-18 10:29:04,353 [WARN] DbBoards:127 - board NUCLEO-WL55JC2 has no document id list !
2026-09-18 10:29:04,353 [WARN] DbBoards:127 - board P-NUCLEO-WB55-Nucleo has no document id list !
2026-09-18 10:29:04,353 [WARN] DbBoards:127 - board P-NUCLEO-WB55-USBDongle has no document id list !
2026-09-18 10:29:04,353 [WARN] DbBoards:127 - board STEVAL-BFA001V1B has no document id list !
2026-09-18 10:29:04,353 [WARN] DbBoards:127 - board STEVAL-BFA001V2B has no document id list !
2026-09-18 10:29:04,353 [WARN] DbBoards:127 - board STEVAL-IDP005V1 has no document id list !
2026-09-18 10:29:04,353 [WARN] DbBoards:127 - board STEVAL-IDP005V2 has no document id list !
2026-09-18 10:29:04,353 [WARN] DbBoards:127 - board STEVAL-MKSBOX1V1 has no document id list !
2026-09-18 10:29:04,353 [WARN] DbBoards:127 - board STEVAL-STWINKT1 has no document id list !
2026-09-18 10:29:04,353 [WARN] DbBoards:127 - board STEVAL-STWINKT1B has no document id list !
2026-09-18 10:29:04,353 [WARN] DbBoards:127 - board STM32F401C-DISCO has no document id list !
2026-09-18 10:29:04,353 [WARN] DbBoards:127 - board STM32F769I-DISC1 has no document id list !
2026-09-18 10:29:04,353 [WARN] DbBoards:127 - board STM32G0C1E-EV has no document id list !
2026-09-18 10:29:04,353 [WARN] DbBoards:127 - board STM32G474E-EVAL1 has no document id list !
2026-09-18 10:29:04,353 [WARN] DbBoards:127 - board STM32H743I-EVAL2 has no document id list !
2026-09-18 10:29:04,353 [WARN] DbBoards:127 - board STM32H747I-DISC1 has no document id list !
2026-09-18 10:29:04,353 [WARN] DbBoards:127 - board STM32H753I-EVAL2 has no document id list !
2026-09-18 10:29:04,353 [WARN] DbBoards:127 - board STM32L-DISCOVERY has no document id list !
2026-09-18 10:29:04,354 [WARN] DbBoards:127 - board STM32MP157A-DK1 has no document id list !
2026-09-18 10:29:04,354 [WARN] DbBoards:127 - board STM32MP157D-DK1 has no document id list !
2026-09-18 10:29:04,354 [WARN] DbBoards:127 - board STM32MP157D-EV1 has no document id list !
2026-09-18 10:29:04,354 [WARN] DbBoards:127 - board STM32MP157F-DK2 has no document id list !
2026-09-18 10:29:04,354 [WARN] DbBoards:127 - board STM32MP157F-EV1 has no document id list !
2026-09-18 10:29:04,354 [WARN] DbBoards:127 - board STM32U575I-EV has no document id list !
2026-09-18 10:29:04,354 [WARN] DbBoards:127 - board STM32WB5MM-DK has no document id list !
2026-09-18 10:29:04,827 [ERROR] LogOutputStream:74 - [STDERR_REDIRECT] [Fatal Error] :1:1: Premature end of file.
2026-09-18 10:29:04,827 [ERROR] LogOutputStream:74 - [STDERR_REDIRECT] 
2026-09-18 10:29:05,823 [ERROR] LogOutputStream:74 - [STDERR_REDIRECT] [Fatal Error] :1:1: Premature end of file.
2026-09-18 10:29:05,823 [ERROR] LogOutputStream:74 - [STDERR_REDIRECT] 
2026-09-18 10:29:05,854 [INFO] ApiDb:251 - Load user favorites file C:\Users\Luan/.stm32cubeide/favorites.boards.txt: 0 item(s)
2026-09-18 10:29:05,854 [INFO] ApiDb:255 - User favorites Boards=[]
2026-09-18 10:29:05,854 [INFO] DbBoards:206 - Set 0 / 0 favorites Boards
2026-09-18 10:29:05,857 [ERROR] TargetSelectorAdapter:232 - Unable to refresh data
2026-09-18 10:29:06,767 [INFO] McuFinderGlobals:52 - Set McuFinderConnectedMode to false
2026-09-18 10:29:06,783 [INFO] MainUpdater:2671 - connection check result : 10
2026-09-18 10:29:06,823 [ERROR] LogOutputStream:74 - [STDERR_REDIRECT] [Fatal Error] :1:1: Premature end of file.
2026-09-18 10:29:06,823 [ERROR] LogOutputStream:74 - [STDERR_REDIRECT] 
2026-09-18 10:29:06,920 [INFO] CrossSelectorPresenter:1330 - Cross Selector saved comparison directory: C:\Users\Luan\.stmcufinder\plugins\mcufinder\mcu\cs_comparisons_mx
2026-09-18 10:29:06,928 [INFO] MultiScanPanel:197 - Auto-refresh data requested => check proxy status ongoing
2026-09-18 10:29:06,929 [INFO] MultiScanPanel:201 - Proxy status is invalid
2026-09-18 10:29:06,933 [INFO] FinderPluginLoader:87 - Searching for filters in installed packs
2026-09-18 10:29:07,421 [WARN] DetailPanel:314 - Failed to get advertising image, set to default
2026-09-18 10:29:07,822 [ERROR] LogOutputStream:74 - [STDERR_REDIRECT] [Fatal Error] :1:1: Premature end of file.
2026-09-18 10:29:07,823 [ERROR] LogOutputStream:74 - [STDERR_REDIRECT] 
2026-09-18 10:29:08,295 [INFO] McuFinderGlobals:52 - Set McuFinderConnectedMode to true
2026-09-18 10:29:08,817 [ERROR] LogOutputStream:74 - [STDERR_REDIRECT] [Fatal Error] :1:1: Premature end of file.
2026-09-18 10:29:08,817 [ERROR] LogOutputStream:74 - [STDERR_REDIRECT] 
2026-09-18 10:29:09,814 [ERROR] LogOutputStream:74 - [STDERR_REDIRECT] [Fatal Error] :1:1: Premature end of file.
2026-09-18 10:29:09,814 [ERROR] LogOutputStream:74 - [STDERR_REDIRECT] 
2026-09-18 10:29:10,813 [ERROR] LogOutputStream:74 - [STDERR_REDIRECT] [Fatal Error] :1:1: Premature end of file.
2026-09-18 10:29:10,813 [ERROR] LogOutputStream:74 - [STDERR_REDIRECT] 
2026-09-18 10:29:11,616 [INFO] McuFinderGlobals:52 - Set McuFinderConnectedMode to false
2026-09-18 10:29:11,635 [INFO] CrossSelectorPresenter:1330 - Cross Selector saved comparison directory: C:\Users\Luan\.stmcufinder\plugins\mcufinder\mcu\cs_comparisons_mx
2026-09-18 10:29:11,637 [INFO] MultiScanPanel:197 - Auto-refresh data requested => check proxy status ongoing
2026-09-18 10:29:11,637 [INFO] MultiScanPanel:201 - Proxy status is invalid
2026-09-18 10:29:11,637 [INFO] FinderPluginLoader:87 - Searching for filters in installed packs
2026-09-18 10:29:11,638 [INFO] ServerAccessManage:362 - Download File mcusAds.json._tmp_
2026-09-18 10:29:11,816 [ERROR] LogOutputStream:74 - [STDERR_REDIRECT] [Fatal Error] :1:1: Premature end of file.
2026-09-18 10:29:11,816 [ERROR] LogOutputStream:74 - [STDERR_REDIRECT] 
2026-09-18 10:29:12,147 [INFO] LoadUrlFilesThread:145 - End of LoadUrlFiles Thread
2026-09-18 10:29:12,345 [WARN] DetailPanel:314 - Failed to get advertising image, set to default
2026-09-18 10:29:12,816 [ERROR] LogOutputStream:74 - [STDERR_REDIRECT] [Fatal Error] :1:1: Premature end of file.
2026-09-18 10:29:12,816 [ERROR] LogOutputStream:74 - [STDERR_REDIRECT] 
2026-09-18 10:29:13,814 [ERROR] LogOutputStream:74 - [STDERR_REDIRECT] [Fatal Error] :1:1: Premature end of file.
2026-09-18 10:29:13,815 [ERROR] LogOutputStream:74 - [STDERR_REDIRECT] 
2026-09-18 10:29:14,826 [ERROR] LogOutputStream:74 - [STDERR_REDIRECT] [Fatal Error] :1:1: Premature end of file.
2026-09-18 10:29:14,826 [ERROR] LogOutputStream:74 - [STDERR_REDIRECT] 
2026-09-18 10:29:15,824 [ERROR] LogOutputStream:74 - [STDERR_REDIRECT] [Fatal Error] :1:1: Premature end of file.
2026-09-18 10:29:15,825 [ERROR] LogOutputStream:74 - [STDERR_REDIRECT] 
2026-09-18 10:29:16,827 [ERROR] LogOutputStream:74 - [STDERR_REDIRECT] [Fatal Error] :1:1: Premature end of file.
2026-09-18 10:29:16,827 [ERROR] LogOutputStream:74 - [STDERR_REDIRECT] 
2026-09-18 10:29:17,648 [INFO] DbMcusAds:47 - JSON generation date=Wed Jul 15 16:44:54 ICT 2026 (1784108694001)
2026-09-18 10:29:17,670 [INFO] DbMcusDocs:143 - JSON generation date=Mon Jun 07 15:53:21 ICT 2021 (1623056001)
2026-09-18 10:29:17,843 [ERROR] LogOutputStream:74 - [STDERR_REDIRECT] [Fatal Error] :1:1: Premature end of file.
2026-09-18 10:29:17,843 [ERROR] LogOutputStream:74 - [STDERR_REDIRECT] 
2026-09-18 10:29:18,056 [INFO] DbMcusDocs:79 - Found 669 MCUs documents
2026-09-18 10:29:18,057 [INFO] ApiDb:276 - Save user favorites file C:\Users\Luan/.stm32cubeide/favorites.mcus.txt: 0 item(s)
2026-09-18 10:29:18,057 [INFO] ApiDb:280 - User favorites MCUs=[]
2026-09-18 10:29:18,057 [INFO] DbMcusXml:100 - Load MCU database from C:\ST\STM32CubeIDE_1.7.0\STM32CubeIDE\plugins\com.st.stm32cube.common.mx_6.3.0.202107141111\\db\/mcu/families.xml
2026-09-18 10:29:18,740 [INFO] DbMcusJson:93 - JSON generation date=Mon Jun 07 15:53:21 ICT 2021 (1623056001)
2026-09-18 10:29:18,809 [ERROR] LogOutputStream:74 - [STDERR_REDIRECT] [Fatal Error] :1:1: Premature end of file.
2026-09-18 10:29:18,809 [ERROR] LogOutputStream:74 - [STDERR_REDIRECT] 
2026-09-18 10:29:19,305 [INFO] DbMcus:175 - Found 1951 MCUs (1903 are supported by CubeMX, 1903 are visible in CubeMX)
2026-09-18 10:29:19,306 [INFO] ApiDb:251 - Load user favorites file C:\Users\Luan/.stm32cubeide/favorites.mcus.txt: 0 item(s)
2026-09-18 10:29:19,306 [INFO] ApiDb:255 - User favorites MCUs=[]
2026-09-18 10:29:19,306 [INFO] DbMcus:187 - Set 0 / 0 favorites MCUs
2026-09-18 10:29:19,817 [ERROR] LogOutputStream:74 - [STDERR_REDIRECT] [Fatal Error] :1:1: Premature end of file.
2026-09-18 10:29:19,817 [ERROR] LogOutputStream:74 - [STDERR_REDIRECT] 
2026-09-18 10:29:19,891 [INFO] DbBoardsDocs:143 - JSON generation date=Tue Jun 01 12:52:40 ICT 2021 (1622526760)
2026-09-18 10:29:19,908 [INFO] DbBoardsDocs:79 - Found 193 boards documents
2026-09-18 10:29:19,909 [INFO] ApiDb:276 - Save user favorites file C:\Users\Luan/.stm32cubeide/favorites.boards.txt: 0 item(s)
2026-09-18 10:29:19,909 [INFO] ApiDb:280 - User favorites Boards=[]
2026-09-18 10:29:19,913 [INFO] DbBoardsPdsc:90 - Found 25 items
2026-09-18 10:29:19,915 [INFO] DbBoardsPdsc:90 - Found 9 items
2026-09-18 10:29:19,918 [INFO] DbBoardsPdsc:90 - Found 33 items
2026-09-18 10:29:19,919 [INFO] DbBoardsPdsc:90 - Found 1 items
2026-09-18 10:29:19,923 [INFO] DbBoardsPdsc:90 - Found 48 items
2026-09-18 10:29:19,942 [INFO] DbBoardsPdsc:90 - Found 43 items
2026-09-18 10:29:19,944 [INFO] DbBoardsPdsc:90 - Found 2 items
2026-09-18 10:29:19,946 [INFO] DbBoardsPdsc:90 - Found 5 items
2026-09-18 10:29:19,948 [WARN] DbBoardsPdsc:254 - Board STM32H7B3I-DK: unknown feature type=Audio, name=, username=Audio stereo codec with Headphone Amp (CS42L51-CNZ), n=1
2026-09-18 10:29:19,948 [WARN] DbBoardsPdsc:254 - Board STM32H735G-DK: unknown feature type=Audio, name=, username=Audio stereo codec with Headphone Amp (WM8994ECS/R), n=1
2026-09-18 10:29:19,949 [WARN] DbBoardsPdsc:254 - Board STM32H7B3I-EVAL: unknown feature type=Audio, name=, username=Multi-Channel Audio Codec (CS42L51-CNZ), n=1
2026-09-18 10:29:19,949 [WARN] DbBoardsPdsc:254 - Board STM32H7B3I-EVAL: unknown feature type=Meter, name=, username=Power-metering and Temperature-monitoring with sigma-delta modulators, n=1
2026-09-18 10:29:19,950 [WARN] DbBoardsPdsc:254 - Board STM32H7B3I-EVAL: unknown feature type=Motor, name=, username=Motor Control, n=1
2026-09-18 10:29:19,950 [WARN] DbBoardsPdsc:254 - Board STM32U575I-EV: unknown feature type=joystick, name=, username=4-direction joystick with selection button, n=1
2026-09-18 10:29:19,972 [INFO] DbBoardsJson:86 - JSON generation date=Tue Jun 01 12:52:40 ICT 2021 (1622526760)
2026-09-18 10:29:19,979 [INFO] DbBoards:117 - Found 166 boards (163 are supported by CubeMX)
2026-09-18 10:29:19,979 [WARN] DbBoards:127 - board B-L462E-CELL1 has no document id list !
2026-09-18 10:29:19,979 [WARN] DbBoards:127 - board B-L475E-IOT01A2 has no document id list !
2026-09-18 10:29:19,979 [WARN] DbBoards:127 - board B-U585I-IOT02A has no document id list !
2026-09-18 10:29:19,979 [WARN] DbBoards:127 - board NUCLEO-G0B1RE has no document id list !
2026-09-18 10:29:19,979 [WARN] DbBoards:127 - board NUCLEO-H743ZI has no document id list !
2026-09-18 10:29:19,979 [WARN] DbBoards:127 - board NUCLEO-L4A6ZG has no document id list !
2026-09-18 10:29:19,979 [WARN] DbBoards:127 - board NUCLEO-U575ZI-Q has no document id list !
2026-09-18 10:29:19,979 [WARN] DbBoards:127 - board NUCLEO-WB15CC has no document id list !
2026-09-18 10:29:19,979 [WARN] DbBoards:127 - board NUCLEO-WB55RG has no document id list !
2026-09-18 10:29:19,980 [WARN] DbBoards:127 - board NUCLEO-WL55JC2 has no document id list !
2026-09-18 10:29:19,980 [WARN] DbBoards:127 - board P-NUCLEO-WB55-Nucleo has no document id list !
2026-09-18 10:29:19,980 [WARN] DbBoards:127 - board P-NUCLEO-WB55-USBDongle has no document id list !
2026-09-18 10:29:19,980 [WARN] DbBoards:127 - board STEVAL-BFA001V1B has no document id list !
2026-09-18 10:29:19,980 [WARN] DbBoards:127 - board STEVAL-BFA001V2B has no document id list !
2026-09-18 10:29:19,980 [WARN] DbBoards:127 - board STEVAL-IDP005V1 has no document id list !
2026-09-18 10:29:19,980 [WARN] DbBoards:127 - board STEVAL-IDP005V2 has no document id list !
2026-09-18 10:29:19,980 [WARN] DbBoards:127 - board STEVAL-MKSBOX1V1 has no document id list !
2026-09-18 10:29:19,980 [WARN] DbBoards:127 - board STEVAL-STWINKT1 has no document id list !
2026-09-18 10:29:19,980 [WARN] DbBoards:127 - board STEVAL-STWINKT1B has no document id list !
2026-09-18 10:29:19,980 [WARN] DbBoards:127 - board STM32F401C-DISCO has no document id list !
2026-09-18 10:29:19,980 [WARN] DbBoards:127 - board STM32F769I-DISC1 has no document id list !
2026-09-18 10:29:19,980 [WARN] DbBoards:127 - board STM32G0C1E-EV has no document id list !
2026-09-18 10:29:19,980 [WARN] DbBoards:127 - board STM32G474E-EVAL1 has no document id list !
2026-09-18 10:29:19,980 [WARN] DbBoards:127 - board STM32H743I-EVAL2 has no document id list !
2026-09-18 10:29:19,980 [WARN] DbBoards:127 - board STM32H747I-DISC1 has no document id list !
2026-09-18 10:29:19,981 [WARN] DbBoards:127 - board STM32H753I-EVAL2 has no document id list !
2026-09-18 10:29:19,981 [WARN] DbBoards:127 - board STM32L-DISCOVERY has no document id list !
2026-09-18 10:29:19,981 [WARN] DbBoards:127 - board STM32MP157A-DK1 has no document id list !
2026-09-18 10:29:19,981 [WARN] DbBoards:127 - board STM32MP157D-DK1 has no document id list !
2026-09-18 10:29:19,981 [WARN] DbBoards:127 - board STM32MP157D-EV1 has no document id list !
2026-09-18 10:29:19,981 [WARN] DbBoards:127 - board STM32MP157F-DK2 has no document id list !
2026-09-18 10:29:19,981 [WARN] DbBoards:127 - board STM32MP157F-EV1 has no document id list !
2026-09-18 10:29:19,981 [WARN] DbBoards:127 - board STM32U575I-EV has no document id list !
2026-09-18 10:29:19,981 [WARN] DbBoards:127 - board STM32WB5MM-DK has no document id list !
2026-09-18 10:29:20,822 [ERROR] LogOutputStream:74 - [STDERR_REDIRECT] [Fatal Error] :1:1: Premature end of file.
2026-09-18 10:29:20,822 [ERROR] LogOutputStream:74 - [STDERR_REDIRECT] 
2026-09-18 10:29:21,502 [INFO] ApiDb:251 - Load user favorites file C:\Users\Luan/.stm32cubeide/favorites.boards.txt: 0 item(s)
2026-09-18 10:29:21,502 [INFO] ApiDb:255 - User favorites Boards=[]
2026-09-18 10:29:21,502 [INFO] DbBoards:206 - Set 0 / 0 favorites Boards
2026-09-18 10:29:21,806 [ERROR] TargetSelectorAdapter:232 - Unable to refresh data
2026-09-18 10:29:21,829 [ERROR] LogOutputStream:74 - [STDERR_REDIRECT] [Fatal Error] :1:1: Premature end of file.
2026-09-18 10:29:21,829 [ERROR] LogOutputStream:74 - [STDERR_REDIRECT] 
2026-09-18 10:29:22,816 [ERROR] LogOutputStream:74 - [STDERR_REDIRECT] [Fatal Error] :1:1: Premature end of file.
2026-09-18 10:29:22,817 [ERROR] LogOutputStream:74 - [STDERR_REDIRECT] 
2026-09-18 10:29:23,828 [ERROR] LogOutputStream:74 - [STDERR_REDIRECT] [Fatal Error] :1:1: Premature end of file.
2026-09-18 10:29:23,829 [ERROR] LogOutputStream:74 - [STDERR_REDIRECT] 
2026-09-18 10:29:24,834 [ERROR] LogOutputStream:74 - [STDERR_REDIRECT] [Fatal Error] :1:1: Premature end of file.
2026-09-18 10:29:24,835 [ERROR] LogOutputStream:74 - [STDERR_REDIRECT] 
2026-09-18 10:29:25,820 [ERROR] LogOutputStream:74 - [STDERR_REDIRECT] [Fatal Error] :1:1: Premature end of file.
2026-09-18 10:29:25,820 [ERROR] LogOutputStream:74 - [STDERR_REDIRECT] 
2026-09-18 10:29:26,823 [ERROR] LogOutputStream:74 - [STDERR_REDIRECT] [Fatal Error] :1:1: Premature end of file.
2026-09-18 10:29:26,824 [ERROR] LogOutputStream:74 - [STDERR_REDIRECT] 
2026-09-18 10:29:27,830 [ERROR] LogOutputStream:74 - [STDERR_REDIRECT] [Fatal Error] :1:1: Premature end of file.
2026-09-18 10:29:27,830 [ERROR] LogOutputStream:74 - [STDERR_REDIRECT] 
2026-09-18 10:29:28,825 [ERROR] LogOutputStream:74 - [STDERR_REDIRECT] [Fatal Error] :1:1: Premature end of file.
2026-09-18 10:29:28,826 [ERROR] LogOutputStream:74 - [STDERR_REDIRECT] 
2026-09-18 10:29:29,815 [ERROR] LogOutputStream:74 - [STDERR_REDIRECT] [Fatal Error] :1:1: Premature end of file.
2026-09-18 10:29:29,815 [ERROR] LogOutputStream:74 - [STDERR_REDIRECT] 
2026-09-18 10:29:30,825 [ERROR] LogOutputStream:74 - [STDERR_REDIRECT] [Fatal Error] :1:1: Premature end of file.
2026-09-18 10:29:30,825 [ERROR] LogOutputStream:74 - [STDERR_REDIRECT] 
2026-09-18 10:29:31,834 [ERROR] LogOutputStream:74 - [STDERR_REDIRECT] [Fatal Error] :1:1: Premature end of file.
2026-09-18 10:29:31,834 [ERROR] LogOutputStream:74 - [STDERR_REDIRECT] 
2026-09-18 10:29:32,671 [ERROR] ServerAccessManage:1016 - HTTP unexpected response (522) for https://stmcufinder.com/API/getFiles.php?
2026-09-18 10:29:32,672 [ERROR] ServerAccessManage:531 - Error during Access to HTTP Server. : mcusDocs.json._tmp_.
2026-09-18 10:29:32,785 [INFO] LoadUrlFilesThread:145 - End of LoadUrlFiles Thread
2026-09-18 10:29:32,811 [ERROR] LogOutputStream:74 - [STDERR_REDIRECT] [Fatal Error] :1:1: Premature end of file.
2026-09-18 10:29:32,811 [ERROR] LogOutputStream:74 - [STDERR_REDIRECT] 
2026-09-18 10:29:33,814 [ERROR] LogOutputStream:74 - [STDERR_REDIRECT] [Fatal Error] :1:1: Premature end of file.
2026-09-18 10:29:33,814 [ERROR] LogOutputStream:74 - [STDERR_REDIRECT] 
2026-09-18 10:29:34,819 [ERROR] LogOutputStream:74 - [STDERR_REDIRECT] [Fatal Error] :1:1: Premature end of file.
2026-09-18 10:29:34,820 [ERROR] LogOutputStream:74 - [STDERR_REDIRECT] 
2026-09-18 10:29:35,812 [ERROR] LogOutputStream:74 - [STDERR_REDIRECT] [Fatal Error] :1:1: Premature end of file.
2026-09-18 10:29:35,812 [ERROR] LogOutputStream:74 - [STDERR_REDIRECT] 
2026-09-18 10:29:36,816 [ERROR] LogOutputStream:74 - [STDERR_REDIRECT] [Fatal Error] :1:1: Premature end of file.
2026-09-18 10:29:36,817 [ERROR] LogOutputStream:74 - [STDERR_REDIRECT] 
2026-09-18 10:29:37,826 [ERROR] LogOutputStream:74 - [STDERR_REDIRECT] [Fatal Error] :1:1: Premature end of file.
2026-09-18 10:29:37,826 [ERROR] LogOutputStream:74 - [STDERR_REDIRECT] 
2026-09-18 10:29:38,813 [ERROR] LogOutputStream:74 - [STDERR_REDIRECT] [Fatal Error] :1:1: Premature end of file.
2026-09-18 10:29:38,814 [ERROR] LogOutputStream:74 - [STDERR_REDIRECT] 
2026-09-18 10:29:39,813 [ERROR] LogOutputStream:74 - [STDERR_REDIRECT] [Fatal Error] :1:1: Premature end of file.
2026-09-18 10:29:39,813 [ERROR] LogOutputStream:74 - [STDERR_REDIRECT] 
2026-09-18 10:29:40,813 [ERROR] LogOutputStream:74 - [STDERR_REDIRECT] [Fatal Error] :1:1: Premature end of file.
2026-09-18 10:29:40,814 [ERROR] LogOutputStream:74 - [STDERR_REDIRECT] 
2026-09-18 10:29:41,822 [ERROR] LogOutputStream:74 - [STDERR_REDIRECT] [Fatal Error] :1:1: Premature end of file.
2026-09-18 10:29:41,823 [ERROR] LogOutputStream:74 - [STDERR_REDIRECT] 
2026-09-18 10:29:42,819 [ERROR] LogOutputStream:74 - [STDERR_REDIRECT] [Fatal Error] :1:1: Premature end of file.
2026-09-18 10:29:42,820 [ERROR] LogOutputStream:74 - [STDERR_REDIRECT] 
2026-09-18 10:29:43,818 [ERROR] LogOutputStream:74 - [STDERR_REDIRECT] [Fatal Error] :1:1: Premature end of file.
2026-09-18 10:29:43,818 [ERROR] LogOutputStream:74 - [STDERR_REDIRECT] 
2026-09-18 10:29:44,824 [ERROR] LogOutputStream:74 - [STDERR_REDIRECT] [Fatal Error] :1:1: Premature end of file.
2026-09-18 10:29:44,825 [ERROR] LogOutputStream:74 - [STDERR_REDIRECT] 
2026-09-18 10:29:45,827 [ERROR] LogOutputStream:74 - [STDERR_REDIRECT] [Fatal Error] :1:1: Premature end of file.
2026-09-18 10:29:45,828 [ERROR] LogOutputStream:74 - [STDERR_REDIRECT] 
2026-09-18 10:29:46,827 [ERROR] LogOutputStream:74 - [STDERR_REDIRECT] [Fatal Error] :1:1: Premature end of file.
2026-09-18 10:29:46,828 [ERROR] LogOutputStream:74 - [STDERR_REDIRECT] 
2026-09-18 10:29:47,824 [ERROR] LogOutputStream:74 - [STDERR_REDIRECT] [Fatal Error] :1:1: Premature end of file.
2026-09-18 10:29:47,833 [ERROR] LogOutputStream:74 - [STDERR_REDIRECT] 
2026-09-18 10:29:48,818 [ERROR] LogOutputStream:74 - [STDERR_REDIRECT] [Fatal Error] :1:1: Premature end of file.
2026-09-18 10:29:48,819 [ERROR] LogOutputStream:74 - [STDERR_REDIRECT] 
2026-09-18 10:29:49,812 [ERROR] LogOutputStream:74 - [STDERR_REDIRECT] [Fatal Error] :1:1: Premature end of file.
2026-09-18 10:29:49,812 [ERROR] LogOutputStream:74 - [STDERR_REDIRECT] 
2026-09-18 10:29:50,823 [ERROR] LogOutputStream:74 - [STDERR_REDIRECT] [Fatal Error] :1:1: Premature end of file.
2026-09-18 10:29:50,823 [ERROR] LogOutputStream:74 - [STDERR_REDIRECT] 
2026-09-18 10:29:51,819 [ERROR] LogOutputStream:74 - [STDERR_REDIRECT] [Fatal Error] :1:1: Premature end of file.
2026-09-18 10:29:51,819 [ERROR] LogOutputStream:74 - [STDERR_REDIRECT] 
2026-09-18 10:29:52,811 [ERROR] LogOutputStream:74 - [STDERR_REDIRECT] [Fatal Error] :1:1: Premature end of file.
2026-09-18 10:29:52,811 [ERROR] LogOutputStream:74 - [STDERR_REDIRECT] 
2026-09-18 10:29:53,818 [ERROR] LogOutputStream:74 - [STDERR_REDIRECT] [Fatal Error] :1:1: Premature end of file.
2026-09-18 10:29:53,818 [ERROR] LogOutputStream:74 - [STDERR_REDIRECT] 
2026-09-18 10:29:54,819 [ERROR] LogOutputStream:74 - [STDERR_REDIRECT] [Fatal Error] :1:1: Premature end of file.
2026-09-18 10:29:54,819 [ERROR] LogOutputStream:74 - [STDERR_REDIRECT] 
2026-09-18 10:29:55,820 [ERROR] LogOutputStream:74 - [STDERR_REDIRECT] [Fatal Error] :1:1: Premature end of file.
2026-09-18 10:29:55,821 [ERROR] LogOutputStream:74 - [STDERR_REDIRECT] 
2026-09-18 10:29:56,815 [ERROR] LogOutputStream:74 - [STDERR_REDIRECT] [Fatal Error] :1:1: Premature end of file.
2026-09-18 10:29:56,815 [ERROR] LogOutputStream:74 - [STDERR_REDIRECT] 
2026-09-18 10:29:57,848 [ERROR] LogOutputStream:74 - [STDERR_REDIRECT] [Fatal Error] :1:1: Premature end of file.
2026-09-18 10:29:57,850 [ERROR] LogOutputStream:74 - [STDERR_REDIRECT] 
2026-09-18 10:29:58,821 [ERROR] LogOutputStream:74 - [STDERR_REDIRECT] [Fatal Error] :1:1: Premature end of file.
2026-09-18 10:29:58,821 [ERROR] LogOutputStream:74 - [STDERR_REDIRECT] 
2026-09-18 10:29:59,840 [ERROR] LogOutputStream:74 - [STDERR_REDIRECT] [Fatal Error] :1:1: Premature end of file.
2026-09-18 10:29:59,840 [ERROR] LogOutputStream:74 - [STDERR_REDIRECT] 
2026-09-18 10:30:00,818 [ERROR] LogOutputStream:74 - [STDERR_REDIRECT] [Fatal Error] :1:1: Premature end of file.
2026-09-18 10:30:00,818 [ERROR] LogOutputStream:74 - [STDERR_REDIRECT] 
2026-09-18 10:30:01,821 [ERROR] LogOutputStream:74 - [STDERR_REDIRECT] [Fatal Error] :1:1: Premature end of file.
2026-09-18 10:30:01,821 [ERROR] LogOutputStream:74 - [STDERR_REDIRECT] 
2026-09-18 10:30:02,821 [ERROR] LogOutputStream:74 - [STDERR_REDIRECT] [Fatal Error] :1:1: Premature end of file.
2026-09-18 10:30:02,822 [ERROR] LogOutputStream:74 - [STDERR_REDIRECT] 
2026-09-18 10:30:03,818 [ERROR] LogOutputStream:74 - [STDERR_REDIRECT] [Fatal Error] :1:1: Premature end of file.
2026-09-18 10:30:03,818 [ERROR] LogOutputStream:74 - [STDERR_REDIRECT] 
2026-09-18 10:30:04,856 [ERROR] LogOutputStream:74 - [STDERR_REDIRECT] [Fatal Error] :1:1: Premature end of file.
2026-09-18 10:30:04,857 [ERROR] LogOutputStream:74 - [STDERR_REDIRECT] 
2026-09-18 10:30:05,815 [ERROR] LogOutputStream:74 - [STDERR_REDIRECT] [Fatal Error] :1:1: Premature end of file.
2026-09-18 10:30:05,815 [ERROR] LogOutputStream:74 - [STDERR_REDIRECT] 
2026-09-18 10:30:06,825 [ERROR] LogOutputStream:74 - [STDERR_REDIRECT] [Fatal Error] :1:1: Premature end of file.
2026-09-18 10:30:06,825 [ERROR] LogOutputStream:74 - [STDERR_REDIRECT] 
2026-09-18 10:30:07,824 [ERROR] LogOutputStream:74 - [STDERR_REDIRECT] [Fatal Error] :1:1: Premature end of file.
2026-09-18 10:30:07,824 [ERROR] LogOutputStream:74 - [STDERR_REDIRECT] 
2026-09-18 10:30:08,822 [ERROR] LogOutputStream:74 - [STDERR_REDIRECT] [Fatal Error] :1:1: Premature end of file.
2026-09-18 10:30:08,823 [ERROR] LogOutputStream:74 - [STDERR_REDIRECT] 
2026-09-18 10:30:09,825 [ERROR] LogOutputStream:74 - [STDERR_REDIRECT] [Fatal Error] :1:1: Premature end of file.
2026-09-18 10:30:09,827 [ERROR] LogOutputStream:74 - [STDERR_REDIRECT] 
2026-09-18 10:30:10,812 [ERROR] LogOutputStream:74 - [STDERR_REDIRECT] [Fatal Error] :1:1: Premature end of file.
2026-09-18 10:30:10,813 [ERROR] LogOutputStream:74 - [STDERR_REDIRECT] 
2026-09-18 10:30:11,814 [ERROR] LogOutputStream:74 - [STDERR_REDIRECT] [Fatal Error] :1:1: Premature end of file.
2026-09-18 10:30:11,814 [ERROR] LogOutputStream:74 - [STDERR_REDIRECT] 
2026-09-18 10:30:12,826 [ERROR] LogOutputStream:74 - [STDERR_REDIRECT] [Fatal Error] :1:1: Premature end of file.
2026-09-18 10:30:12,828 [ERROR] LogOutputStream:74 - [STDERR_REDIRECT] 
2026-09-18 10:30:13,814 [ERROR] LogOutputStream:74 - [STDERR_REDIRECT] [Fatal Error] :1:1: Premature end of file.
2026-09-18 10:30:13,815 [ERROR] LogOutputStream:74 - [STDERR_REDIRECT] 
2026-09-18 10:30:14,819 [ERROR] LogOutputStream:74 - [STDERR_REDIRECT] [Fatal Error] :1:1: Premature end of file.
2026-09-18 10:30:14,819 [ERROR] LogOutputStream:74 - [STDERR_REDIRECT] 
2026-09-18 10:30:15,818 [ERROR] LogOutputStream:74 - [STDERR_REDIRECT] [Fatal Error] :1:1: Premature end of file.
2026-09-18 10:30:15,818 [ERROR] LogOutputStream:74 - [STDERR_REDIRECT] 
2026-09-18 10:30:16,808 [ERROR] LogOutputStream:74 - [STDERR_REDIRECT] [Fatal Error] :1:1: Premature end of file.
2026-09-18 10:30:16,808 [ERROR] LogOutputStream:74 - [STDERR_REDIRECT] 
2026-09-18 10:30:17,825 [ERROR] LogOutputStream:74 - [STDERR_REDIRECT] [Fatal Error] :1:1: Premature end of file.
2026-09-18 10:30:17,826 [ERROR] LogOutputStream:74 - [STDERR_REDIRECT] 
2026-09-18 10:30:18,827 [ERROR] LogOutputStream:74 - [STDERR_REDIRECT] [Fatal Error] :1:1: Premature end of file.
2026-09-18 10:30:18,828 [ERROR] LogOutputStream:74 - [STDERR_REDIRECT] 
2026-09-18 10:30:19,820 [ERROR] LogOutputStream:74 - [STDERR_REDIRECT] [Fatal Error] :1:1: Premature end of file.
2026-09-18 10:30:19,820 [ERROR] LogOutputStream:74 - [STDERR_REDIRECT] 
2026-09-18 10:30:20,826 [ERROR] LogOutputStream:74 - [STDERR_REDIRECT] [Fatal Error] :1:1: Premature end of file.
2026-09-18 10:30:20,826 [ERROR] LogOutputStream:74 - [STDERR_REDIRECT] 
2026-09-18 10:30:21,818 [ERROR] LogOutputStream:74 - [STDERR_REDIRECT] [Fatal Error] :1:1: Premature end of file.
2026-09-18 10:30:21,819 [ERROR] LogOutputStream:74 - [STDERR_REDIRECT] 
2026-09-18 10:30:22,812 [ERROR] LogOutputStream:74 - [STDERR_REDIRECT] [Fatal Error] :1:1: Premature end of file.
2026-09-18 10:30:22,813 [ERROR] LogOutputStream:74 - [STDERR_REDIRECT] 
2026-09-18 10:30:23,827 [ERROR] LogOutputStream:74 - [STDERR_REDIRECT] [Fatal Error] :1:1: Premature end of file.
2026-09-18 10:30:23,827 [ERROR] LogOutputStream:74 - [STDERR_REDIRECT] 
2026-09-18 10:30:24,826 [ERROR] LogOutputStream:74 - [STDERR_REDIRECT] [Fatal Error] :1:1: Premature end of file.
2026-09-18 10:30:24,827 [ERROR] LogOutputStream:74 - [STDERR_REDIRECT] 
2026-09-18 10:30:25,874 [ERROR] LogOutputStream:74 - [STDERR_REDIRECT] [Fatal Error] :1:1: Premature end of file.
2026-09-18 10:30:25,875 [ERROR] LogOutputStream:74 - [STDERR_REDIRECT] 
2026-09-18 10:30:26,817 [ERROR] LogOutputStream:74 - [STDERR_REDIRECT] [Fatal Error] :1:1: Premature end of file.
2026-09-18 10:30:26,819 [ERROR] LogOutputStream:74 - [STDERR_REDIRECT] 
2026-09-18 10:30:27,851 [ERROR] LogOutputStream:74 - [STDERR_REDIRECT] [Fatal Error] :1:1: Premature end of file.
2026-09-18 10:30:27,851 [ERROR] LogOutputStream:74 - [STDERR_REDIRECT] 
2026-09-18 10:30:28,818 [ERROR] LogOutputStream:74 - [STDERR_REDIRECT] [Fatal Error] :1:1: Premature end of file.
2026-09-18 10:30:28,819 [ERROR] LogOutputStream:74 - [STDERR_REDIRECT] 
2026-09-18 10:30:29,813 [ERROR] LogOutputStream:74 - [STDERR_REDIRECT] [Fatal Error] :1:1: Premature end of file.
2026-09-18 10:30:29,813 [ERROR] LogOutputStream:74 - [STDERR_REDIRECT] 
2026-09-18 10:30:30,821 [ERROR] LogOutputStream:74 - [STDERR_REDIRECT] [Fatal Error] :1:1: Premature end of file.
2026-09-18 10:30:30,822 [ERROR] LogOutputStream:74 - [STDERR_REDIRECT] 
2026-09-18 10:30:31,813 [ERROR] LogOutputStream:74 - [STDERR_REDIRECT] [Fatal Error] :1:1: Premature end of file.
2026-09-18 10:30:31,814 [ERROR] LogOutputStream:74 - [STDERR_REDIRECT] 
2026-09-18 10:30:32,810 [ERROR] LogOutputStream:74 - [STDERR_REDIRECT] [Fatal Error] :1:1: Premature end of file.
2026-09-18 10:30:32,811 [ERROR] LogOutputStream:74 - [STDERR_REDIRECT] 
2026-09-18 10:30:33,808 [ERROR] LogOutputStream:74 - [STDERR_REDIRECT] [Fatal Error] :1:1: Premature end of file.
2026-09-18 10:30:33,808 [ERROR] LogOutputStream:74 - [STDERR_REDIRECT] 
2026-09-18 10:30:34,810 [ERROR] LogOutputStream:74 - [STDERR_REDIRECT] [Fatal Error] :1:1: Premature end of file.
2026-09-18 10:30:34,810 [ERROR] LogOutputStream:74 - [STDERR_REDIRECT] 
2026-09-18 10:30:35,824 [ERROR] LogOutputStream:74 - [STDERR_REDIRECT] [Fatal Error] :1:1: Premature end of file.
2026-09-18 10:30:35,825 [ERROR] LogOutputStream:74 - [STDERR_REDIRECT] 
2026-09-18 10:30:36,822 [ERROR] LogOutputStream:74 - [STDERR_REDIRECT] [Fatal Error] :1:1: Premature end of file.
2026-09-18 10:30:36,822 [ERROR] LogOutputStream:74 - [STDERR_REDIRECT] 
2026-09-18 10:30:37,820 [ERROR] LogOutputStream:74 - [STDERR_REDIRECT] [Fatal Error] :1:1: Premature end of file.
2026-09-18 10:30:37,821 [ERROR] LogOutputStream:74 - [STDERR_REDIRECT] 
2026-09-18 10:30:38,815 [ERROR] LogOutputStream:74 - [STDERR_REDIRECT] [Fatal Error] :1:1: Premature end of file.
2026-09-18 10:30:38,816 [ERROR] LogOutputStream:74 - [STDERR_REDIRECT] 
2026-09-18 10:30:39,808 [ERROR] LogOutputStream:74 - [STDERR_REDIRECT] [Fatal Error] :1:1: Premature end of file.
2026-09-18 10:30:39,809 [ERROR] LogOutputStream:74 - [STDERR_REDIRECT] 
2026-09-18 10:30:40,808 [ERROR] LogOutputStream:74 - [STDERR_REDIRECT] [Fatal Error] :1:1: Premature end of file.
2026-09-18 10:30:40,809 [ERROR] LogOutputStream:74 - [STDERR_REDIRECT] 
2026-09-18 10:30:41,820 [ERROR] LogOutputStream:74 - [STDERR_REDIRECT] [Fatal Error] :1:1: Premature end of file.
2026-09-18 10:30:41,820 [ERROR] LogOutputStream:74 - [STDERR_REDIRECT] 
2026-09-18 10:30:42,816 [ERROR] LogOutputStream:74 - [STDERR_REDIRECT] [Fatal Error] :1:1: Premature end of file.
2026-09-18 10:30:42,817 [ERROR] LogOutputStream:74 - [STDERR_REDIRECT] 
2026-09-18 10:30:43,813 [ERROR] LogOutputStream:74 - [STDERR_REDIRECT] [Fatal Error] :1:1: Premature end of file.
2026-09-18 10:30:43,814 [ERROR] LogOutputStream:74 - [STDERR_REDIRECT] 
2026-09-18 10:30:44,958 [ERROR] LogOutputStream:74 - [STDERR_REDIRECT] [Fatal Error] :1:1: Premature end of file.
2026-09-18 10:30:44,958 [ERROR] LogOutputStream:74 - [STDERR_REDIRECT] 
2026-09-18 10:30:45,830 [ERROR] LogOutputStream:74 - [STDERR_REDIRECT] [Fatal Error] :1:1: Premature end of file.
2026-09-18 10:30:45,831 [ERROR] LogOutputStream:74 - [STDERR_REDIRECT] 
2026-09-18 10:30:46,824 [ERROR] LogOutputStream:74 - [STDERR_REDIRECT] [Fatal Error] :1:1: Premature end of file.
2026-09-18 10:30:46,825 [ERROR] LogOutputStream:74 - [STDERR_REDIRECT] 
2026-09-18 10:30:48,048 [ERROR] LogOutputStream:74 - [STDERR_REDIRECT] [Fatal Error] :1:1: Premature end of file.
2026-09-18 10:30:48,048 [ERROR] LogOutputStream:74 - [STDERR_REDIRECT] 
2026-09-18 10:30:48,814 [ERROR] LogOutputStream:74 - [STDERR_REDIRECT] [Fatal Error] :1:1: Premature end of file.
2026-09-18 10:30:48,815 [ERROR] LogOutputStream:74 - [STDERR_REDIRECT] 
2026-09-18 10:30:49,823 [ERROR] LogOutputStream:74 - [STDERR_REDIRECT] [Fatal Error] :1:1: Premature end of file.
2026-09-18 10:30:49,825 [ERROR] LogOutputStream:74 - [STDERR_REDIRECT] 
2026-09-18 10:30:51,041 [ERROR] LogOutputStream:74 - [STDERR_REDIRECT] [Fatal Error] :1:1: Premature end of file.
2026-09-18 10:30:51,042 [ERROR] LogOutputStream:74 - [STDERR_REDIRECT] 
2026-09-18 10:30:51,811 [ERROR] LogOutputStream:74 - [STDERR_REDIRECT] [Fatal Error] :1:1: Premature end of file.
2026-09-18 10:30:51,812 [ERROR] LogOutputStream:74 - [STDERR_REDIRECT] 
2026-09-18 10:30:52,817 [ERROR] LogOutputStream:74 - [STDERR_REDIRECT] [Fatal Error] :1:1: Premature end of file.
2026-09-18 10:30:52,817 [ERROR] LogOutputStream:74 - [STDERR_REDIRECT] 
2026-09-18 10:30:54,034 [ERROR] LogOutputStream:74 - [STDERR_REDIRECT] [Fatal Error] :1:1: Premature end of file.
2026-09-18 10:30:54,034 [ERROR] LogOutputStream:74 - [STDERR_REDIRECT] 
2026-09-18 10:30:54,804 [ERROR] LogOutputStream:74 - [STDERR_REDIRECT] [Fatal Error] :1:1: Premature end of file.
2026-09-18 10:30:54,804 [ERROR] LogOutputStream:74 - [STDERR_REDIRECT] 
2026-09-18 10:30:55,818 [ERROR] LogOutputStream:74 - [STDERR_REDIRECT] [Fatal Error] :1:1: Premature end of file.
2026-09-18 10:30:55,819 [ERROR] LogOutputStream:74 - [STDERR_REDIRECT] 
2026-09-18 10:30:57,081 [ERROR] LogOutputStream:74 - [STDERR_REDIRECT] [Fatal Error] :1:1: Premature end of file.
2026-09-18 10:30:57,082 [ERROR] LogOutputStream:74 - [STDERR_REDIRECT] 
2026-09-18 10:30:57,980 [ERROR] LogOutputStream:74 - [STDERR_REDIRECT] [Fatal Error] :1:1: Premature end of file.
2026-09-18 10:30:57,981 [ERROR] LogOutputStream:74 - [STDERR_REDIRECT] 
2026-09-18 10:30:58,936 [ERROR] LogOutputStream:74 - [STDERR_REDIRECT] [Fatal Error] :1:1: Premature end of file.
2026-09-18 10:30:58,936 [ERROR] LogOutputStream:74 - [STDERR_REDIRECT] 
2026-09-18 10:30:59,807 [ERROR] LogOutputStream:74 - [STDERR_REDIRECT] [Fatal Error] :1:1: Premature end of file.
2026-09-18 10:30:59,808 [ERROR] LogOutputStream:74 - [STDERR_REDIRECT] 
2026-09-18 10:31:00,825 [ERROR] LogOutputStream:74 - [STDERR_REDIRECT] [Fatal Error] :1:1: Premature end of file.
2026-09-18 10:31:00,825 [ERROR] LogOutputStream:74 - [STDERR_REDIRECT] 
2026-09-18 10:31:01,822 [ERROR] LogOutputStream:74 - [STDERR_REDIRECT] [Fatal Error] :1:1: Premature end of file.
2026-09-18 10:31:01,823 [ERROR] LogOutputStream:74 - [STDERR_REDIRECT] 
2026-09-18 10:31:02,817 [ERROR] LogOutputStream:74 - [STDERR_REDIRECT] [Fatal Error] :1:1: Premature end of file.
2026-09-18 10:31:02,817 [ERROR] LogOutputStream:74 - [STDERR_REDIRECT] 
2026-09-18 10:31:03,819 [ERROR] LogOutputStream:74 - [STDERR_REDIRECT] [Fatal Error] :1:1: Premature end of file.
2026-09-18 10:31:03,819 [ERROR] LogOutputStream:74 - [STDERR_REDIRECT] 
2026-09-18 10:31:04,817 [ERROR] LogOutputStream:74 - [STDERR_REDIRECT] [Fatal Error] :1:1: Premature end of file.
2026-09-18 10:31:04,818 [ERROR] LogOutputStream:74 - [STDERR_REDIRECT] 
2026-09-18 10:31:05,827 [ERROR] LogOutputStream:74 - [STDERR_REDIRECT] [Fatal Error] :1:1: Premature end of file.
2026-09-18 10:31:05,827 [ERROR] LogOutputStream:74 - [STDERR_REDIRECT] 
2026-09-18 10:31:06,816 [ERROR] LogOutputStream:74 - [STDERR_REDIRECT] [Fatal Error] :1:1: Premature end of file.
2026-09-18 10:31:06,817 [ERROR] LogOutputStream:74 - [STDERR_REDIRECT] 
2026-09-18 10:31:07,810 [ERROR] LogOutputStream:74 - [STDERR_REDIRECT] [Fatal Error] :1:1: Premature end of file.
2026-09-18 10:31:07,811 [ERROR] LogOutputStream:74 - [STDERR_REDIRECT] 
2026-09-18 10:31:08,818 [ERROR] LogOutputStream:74 - [STDERR_REDIRECT] [Fatal Error] :1:1: Premature end of file.
2026-09-18 10:31:08,818 [ERROR] LogOutputStream:74 - [STDERR_REDIRECT] 
2026-09-18 10:31:09,815 [ERROR] LogOutputStream:74 - [STDERR_REDIRECT] [Fatal Error] :1:1: Premature end of file.
2026-09-18 10:31:09,815 [ERROR] LogOutputStream:74 - [STDERR_REDIRECT] 
2026-09-18 10:31:10,824 [ERROR] LogOutputStream:74 - [STDERR_REDIRECT] [Fatal Error] :1:1: Premature end of file.
2026-09-18 10:31:10,824 [ERROR] LogOutputStream:74 - [STDERR_REDIRECT] 
2026-09-18 10:31:11,818 [ERROR] LogOutputStream:74 - [STDERR_REDIRECT] [Fatal Error] :1:1: Premature end of file.
2026-09-18 10:31:11,819 [ERROR] LogOutputStream:74 - [STDERR_REDIRECT] 
2026-09-18 10:31:12,839 [ERROR] LogOutputStream:74 - [STDERR_REDIRECT] [Fatal Error] :1:1: Premature end of file.
2026-09-18 10:31:12,840 [ERROR] LogOutputStream:74 - [STDERR_REDIRECT] 
2026-09-18 10:31:13,827 [ERROR] LogOutputStream:74 - [STDERR_REDIRECT] [Fatal Error] :1:1: Premature end of file.
2026-09-18 10:31:13,827 [ERROR] LogOutputStream:74 - [STDERR_REDIRECT] 
2026-09-18 10:31:14,826 [ERROR] LogOutputStream:74 - [STDERR_REDIRECT] [Fatal Error] :1:1: Premature end of file.
2026-09-18 10:31:14,827 [ERROR] LogOutputStream:74 - [STDERR_REDIRECT] 
2026-09-18 10:31:15,829 [ERROR] LogOutputStream:74 - [STDERR_REDIRECT] [Fatal Error] :1:1: Premature end of file.
2026-09-18 10:31:15,829 [ERROR] LogOutputStream:74 - [STDERR_REDIRECT] 
2026-09-18 10:31:16,828 [ERROR] LogOutputStream:74 - [STDERR_REDIRECT] [Fatal Error] :1:1: Premature end of file.
2026-09-18 10:31:16,828 [ERROR] LogOutputStream:74 - [STDERR_REDIRECT] 
2026-09-18 10:31:17,822 [ERROR] LogOutputStream:74 - [STDERR_REDIRECT] [Fatal Error] :1:1: Premature end of file.
2026-09-18 10:31:17,823 [ERROR] LogOutputStream:74 - [STDERR_REDIRECT] 
2026-09-18 10:31:18,820 [ERROR] LogOutputStream:74 - [STDERR_REDIRECT] [Fatal Error] :1:1: Premature end of file.
2026-09-18 10:31:18,821 [ERROR] LogOutputStream:74 - [STDERR_REDIRECT] 
2026-09-18 10:31:19,830 [ERROR] LogOutputStream:74 - [STDERR_REDIRECT] [Fatal Error] :1:1: Premature end of file.
2026-09-18 10:31:19,830 [ERROR] LogOutputStream:74 - [STDERR_REDIRECT] 
2026-09-18 10:31:20,826 [ERROR] LogOutputStream:74 - [STDERR_REDIRECT] [Fatal Error] :1:1: Premature end of file.
2026-09-18 10:31:20,826 [ERROR] LogOutputStream:74 - [STDERR_REDIRECT] 
2026-09-18 10:31:21,812 [ERROR] LogOutputStream:74 - [STDERR_REDIRECT] [Fatal Error] :1:1: Premature end of file.
2026-09-18 10:31:21,813 [ERROR] LogOutputStream:74 - [STDERR_REDIRECT] 
2026-09-18 10:31:22,828 [ERROR] LogOutputStream:74 - [STDERR_REDIRECT] [Fatal Error] :1:1: Premature end of file.
2026-09-18 10:31:22,829 [ERROR] LogOutputStream:74 - [STDERR_REDIRECT] 
2026-09-18 10:31:23,820 [ERROR] LogOutputStream:74 - [STDERR_REDIRECT] [Fatal Error] :1:1: Premature end of file.
2026-09-18 10:31:23,821 [ERROR] LogOutputStream:74 - [STDERR_REDIRECT] 
2026-09-18 10:31:24,812 [ERROR] LogOutputStream:74 - [STDERR_REDIRECT] [Fatal Error] :1:1: Premature end of file.
2026-09-18 10:31:24,812 [ERROR] LogOutputStream:74 - [STDERR_REDIRECT] 
2026-09-18 10:31:25,817 [ERROR] LogOutputStream:74 - [STDERR_REDIRECT] [Fatal Error] :1:1: Premature end of file.
2026-09-18 10:31:25,817 [ERROR] LogOutputStream:74 - [STDERR_REDIRECT] 
2026-09-18 10:31:26,838 [ERROR] LogOutputStream:74 - [STDERR_REDIRECT] [Fatal Error] :1:1: Premature end of file.
2026-09-18 10:31:26,838 [ERROR] LogOutputStream:74 - [STDERR_REDIRECT] 
2026-09-18 10:31:27,856 [ERROR] LogOutputStream:74 - [STDERR_REDIRECT] [Fatal Error] :1:1: Premature end of file.
2026-09-18 10:31:27,857 [ERROR] LogOutputStream:74 - [STDERR_REDIRECT] 
2026-09-18 10:31:28,826 [ERROR] LogOutputStream:74 - [STDERR_REDIRECT] [Fatal Error] :1:1: Premature end of file.
2026-09-18 10:31:28,826 [ERROR] LogOutputStream:74 - [STDERR_REDIRECT] 
2026-09-18 10:31:29,831 [ERROR] LogOutputStream:74 - [STDERR_REDIRECT] [Fatal Error] :1:1: Premature end of file.
2026-09-18 10:31:29,832 [ERROR] LogOutputStream:74 - [STDERR_REDIRECT] 
2026-09-18 10:31:30,820 [ERROR] LogOutputStream:74 - [STDERR_REDIRECT] [Fatal Error] :1:1: Premature end of file.
2026-09-18 10:31:30,820 [ERROR] LogOutputStream:74 - [STDERR_REDIRECT] 
2026-09-18 10:31:31,826 [ERROR] LogOutputStream:74 - [STDERR_REDIRECT] [Fatal Error] :1:1: Premature end of file.
2026-09-18 10:31:31,827 [ERROR] LogOutputStream:74 - [STDERR_REDIRECT] 
2026-09-18 10:31:32,822 [ERROR] LogOutputStream:74 - [STDERR_REDIRECT] [Fatal Error] :1:1: Premature end of file.
2026-09-18 10:31:32,822 [ERROR] LogOutputStream:74 - [STDERR_REDIRECT] 
2026-09-18 10:31:33,823 [ERROR] LogOutputStream:74 - [STDERR_REDIRECT] [Fatal Error] :1:1: Premature end of file.
2026-09-18 10:31:33,823 [ERROR] LogOutputStream:74 - [STDERR_REDIRECT] 
2026-09-18 10:31:34,819 [ERROR] LogOutputStream:74 - [STDERR_REDIRECT] [Fatal Error] :1:1: Premature end of file.
2026-09-18 10:31:34,819 [ERROR] LogOutputStream:74 - [STDERR_REDIRECT] 
2026-09-18 10:31:35,826 [ERROR] LogOutputStream:74 - [STDERR_REDIRECT] [Fatal Error] :1:1: Premature end of file.
2026-09-18 10:31:35,827 [ERROR] LogOutputStream:74 - [STDERR_REDIRECT] 
2026-09-18 10:31:36,817 [ERROR] LogOutputStream:74 - [STDERR_REDIRECT] [Fatal Error] :1:1: Premature end of file.
2026-09-18 10:31:36,818 [ERROR] LogOutputStream:74 - [STDERR_REDIRECT] 
2026-09-18 10:31:37,833 [ERROR] LogOutputStream:74 - [STDERR_REDIRECT] [Fatal Error] :1:1: Premature end of file.
2026-09-18 10:31:37,833 [ERROR] LogOutputStream:74 - [STDERR_REDIRECT] 
2026-09-18 10:31:38,825 [ERROR] LogOutputStream:74 - [STDERR_REDIRECT] [Fatal Error] :1:1: Premature end of file.
2026-09-18 10:31:38,825 [ERROR] LogOutputStream:74 - [STDERR_REDIRECT] 
2026-09-18 10:31:39,821 [ERROR] LogOutputStream:74 - [STDERR_REDIRECT] [Fatal Error] :1:1: Premature end of file.
2026-09-18 10:31:39,822 [ERROR] LogOutputStream:74 - [STDERR_REDIRECT] 
2026-09-18 10:31:40,822 [ERROR] LogOutputStream:74 - [STDERR_REDIRECT] [Fatal Error] :1:1: Premature end of file.
2026-09-18 10:31:40,823 [ERROR] LogOutputStream:74 - [STDERR_REDIRECT] 
2026-09-18 10:31:41,841 [ERROR] LogOutputStream:74 - [STDERR_REDIRECT] [Fatal Error] :1:1: Premature end of file.
2026-09-18 10:31:41,842 [ERROR] LogOutputStream:74 - [STDERR_REDIRECT] 
2026-09-18 10:31:42,830 [ERROR] LogOutputStream:74 - [STDERR_REDIRECT] [Fatal Error] :1:1: Premature end of file.
2026-09-18 10:31:42,831 [ERROR] LogOutputStream:74 - [STDERR_REDIRECT] 
2026-09-18 10:31:43,819 [ERROR] LogOutputStream:74 - [STDERR_REDIRECT] [Fatal Error] :1:1: Premature end of file.
2026-09-18 10:31:43,819 [ERROR] LogOutputStream:74 - [STDERR_REDIRECT] 
2026-09-18 10:31:44,820 [ERROR] LogOutputStream:74 - [STDERR_REDIRECT] [Fatal Error] :1:1: Premature end of file.
2026-09-18 10:31:44,821 [ERROR] LogOutputStream:74 - [STDERR_REDIRECT] 
2026-09-18 10:31:45,818 [ERROR] LogOutputStream:74 - [STDERR_REDIRECT] [Fatal Error] :1:1: Premature end of file.
2026-09-18 10:31:45,818 [ERROR] LogOutputStream:74 - [STDERR_REDIRECT] 
2026-09-18 10:31:46,820 [ERROR] LogOutputStream:74 - [STDERR_REDIRECT] [Fatal Error] :1:1: Premature end of file.
2026-09-18 10:31:46,821 [ERROR] LogOutputStream:74 - [STDERR_REDIRECT] 
2026-09-18 10:31:47,827 [ERROR] LogOutputStream:74 - [STDERR_REDIRECT] [Fatal Error] :1:1: Premature end of file.
2026-09-18 10:31:47,827 [ERROR] LogOutputStream:74 - [STDERR_REDIRECT] 
2026-09-18 10:31:48,835 [ERROR] LogOutputStream:74 - [STDERR_REDIRECT] [Fatal Error] :1:1: Premature end of file.
2026-09-18 10:31:48,835 [ERROR] LogOutputStream:74 - [STDERR_REDIRECT] 
2026-09-18 10:31:49,822 [ERROR] LogOutputStream:74 - [STDERR_REDIRECT] [Fatal Error] :1:1: Premature end of file.
2026-09-18 10:31:49,822 [ERROR] LogOutputStream:74 - [STDERR_REDIRECT] 
2026-09-18 10:31:50,825 [ERROR] LogOutputStream:74 - [STDERR_REDIRECT] [Fatal Error] :1:1: Premature end of file.
2026-09-18 10:31:50,826 [ERROR] LogOutputStream:74 - [STDERR_REDIRECT] 
2026-09-18 10:31:51,822 [ERROR] LogOutputStream:74 - [STDERR_REDIRECT] [Fatal Error] :1:1: Premature end of file.
2026-09-18 10:31:51,822 [ERROR] LogOutputStream:74 - [STDERR_REDIRECT] 
2026-09-18 10:31:52,822 [ERROR] LogOutputStream:74 - [STDERR_REDIRECT] [Fatal Error] :1:1: Premature end of file.
2026-09-18 10:31:52,822 [ERROR] LogOutputStream:74 - [STDERR_REDIRECT] 
2026-09-18 10:31:53,828 [ERROR] LogOutputStream:74 - [STDERR_REDIRECT] [Fatal Error] :1:1: Premature end of file.
2026-09-18 10:31:53,829 [ERROR] LogOutputStream:74 - [STDERR_REDIRECT] 
2026-09-18 10:31:54,810 [ERROR] LogOutputStream:74 - [STDERR_REDIRECT] [Fatal Error] :1:1: Premature end of file.
2026-09-18 10:31:54,810 [ERROR] LogOutputStream:74 - [STDERR_REDIRECT] 
2026-09-18 10:31:55,819 [ERROR] LogOutputStream:74 - [STDERR_REDIRECT] [Fatal Error] :1:1: Premature end of file.
2026-09-18 10:31:55,819 [ERROR] LogOutputStream:74 - [STDERR_REDIRECT] 
2026-09-18 10:31:56,819 [ERROR] LogOutputStream:74 - [STDERR_REDIRECT] [Fatal Error] :1:1: Premature end of file.
2026-09-18 10:31:56,819 [ERROR] LogOutputStream:74 - [STDERR_REDIRECT] 
2026-09-18 10:31:57,825 [ERROR] LogOutputStream:74 - [STDERR_REDIRECT] [Fatal Error] :1:1: Premature end of file.
2026-09-18 10:31:57,826 [ERROR] LogOutputStream:74 - [STDERR_REDIRECT] 
2026-09-18 10:31:58,816 [ERROR] LogOutputStream:74 - [STDERR_REDIRECT] [Fatal Error] :1:1: Premature end of file.
2026-09-18 10:31:58,817 [ERROR] LogOutputStream:74 - [STDERR_REDIRECT] 
2026-09-18 10:31:59,816 [ERROR] LogOutputStream:74 - [STDERR_REDIRECT] [Fatal Error] :1:1: Premature end of file.
2026-09-18 10:31:59,817 [ERROR] LogOutputStream:74 - [STDERR_REDIRECT] 
2026-09-18 10:32:00,826 [ERROR] LogOutputStream:74 - [STDERR_REDIRECT] [Fatal Error] :1:1: Premature end of file.
2026-09-18 10:32:00,827 [ERROR] LogOutputStream:74 - [STDERR_REDIRECT] 
2026-09-18 10:32:01,824 [ERROR] LogOutputStream:74 - [STDERR_REDIRECT] [Fatal Error] :1:1: Premature end of file.
2026-09-18 10:32:01,824 [ERROR] LogOutputStream:74 - [STDERR_REDIRECT] 
2026-09-18 10:32:02,822 [ERROR] LogOutputStream:74 - [STDERR_REDIRECT] [Fatal Error] :1:1: Premature end of file.
2026-09-18 10:32:02,823 [ERROR] LogOutputStream:74 - [STDERR_REDIRECT] 
2026-09-18 10:32:03,813 [ERROR] LogOutputStream:74 - [STDERR_REDIRECT] [Fatal Error] :1:1: Premature end of file.
2026-09-18 10:32:03,813 [ERROR] LogOutputStream:74 - [STDERR_REDIRECT] 
2026-09-18 10:32:04,819 [ERROR] LogOutputStream:74 - [STDERR_REDIRECT] [Fatal Error] :1:1: Premature end of file.
2026-09-18 10:32:04,820 [ERROR] LogOutputStream:74 - [STDERR_REDIRECT] 
2026-09-18 10:32:05,819 [ERROR] LogOutputStream:74 - [STDERR_REDIRECT] [Fatal Error] :1:1: Premature end of file.
2026-09-18 10:32:05,819 [ERROR] LogOutputStream:74 - [STDERR_REDIRECT] 
2026-09-18 10:32:06,826 [ERROR] LogOutputStream:74 - [STDERR_REDIRECT] [Fatal Error] :1:1: Premature end of file.
2026-09-18 10:32:06,826 [ERROR] LogOutputStream:74 - [STDERR_REDIRECT] 
2026-09-18 10:32:07,833 [ERROR] LogOutputStream:74 - [STDERR_REDIRECT] [Fatal Error] :1:1: Premature end of file.
2026-09-18 10:32:07,833 [ERROR] LogOutputStream:74 - [STDERR_REDIRECT] 
2026-09-18 10:32:08,829 [ERROR] LogOutputStream:74 - [STDERR_REDIRECT] [Fatal Error] :1:1: Premature end of file.
2026-09-18 10:32:08,829 [ERROR] LogOutputStream:74 - [STDERR_REDIRECT] 
2026-09-18 10:32:09,809 [ERROR] LogOutputStream:74 - [STDERR_REDIRECT] [Fatal Error] :1:1: Premature end of file.
2026-09-18 10:32:09,809 [ERROR] LogOutputStream:74 - [STDERR_REDIRECT] 
2026-09-18 10:32:10,815 [ERROR] LogOutputStream:74 - [STDERR_REDIRECT] [Fatal Error] :1:1: Premature end of file.
2026-09-18 10:32:10,816 [ERROR] LogOutputStream:74 - [STDERR_REDIRECT] 
2026-09-18 10:32:11,811 [ERROR] LogOutputStream:74 - [STDERR_REDIRECT] [Fatal Error] :1:1: Premature end of file.
2026-09-18 10:32:11,811 [ERROR] LogOutputStream:74 - [STDERR_REDIRECT] 
2026-09-18 10:32:12,825 [ERROR] LogOutputStream:74 - [STDERR_REDIRECT] [Fatal Error] :1:1: Premature end of file.
2026-09-18 10:32:12,826 [ERROR] LogOutputStream:74 - [STDERR_REDIRECT] 
2026-09-18 10:32:13,821 [ERROR] LogOutputStream:74 - [STDERR_REDIRECT] [Fatal Error] :1:1: Premature end of file.
2026-09-18 10:32:13,821 [ERROR] LogOutputStream:74 - [STDERR_REDIRECT] 
2026-09-18 10:32:14,814 [ERROR] LogOutputStream:74 - [STDERR_REDIRECT] [Fatal Error] :1:1: Premature end of file.
2026-09-18 10:32:14,815 [ERROR] LogOutputStream:74 - [STDERR_REDIRECT] 
2026-09-18 10:32:15,818 [ERROR] LogOutputStream:74 - [STDERR_REDIRECT] [Fatal Error] :1:1: Premature end of file.
2026-09-18 10:32:15,818 [ERROR] LogOutputStream:74 - [STDERR_REDIRECT] 
2026-09-18 10:32:16,793 [ERROR] LogOutputStream:74 - [STDERR_REDIRECT] [Fatal Error] :1:1: Premature end of file.
2026-09-18 10:32:16,793 [ERROR] LogOutputStream:74 - [STDERR_REDIRECT] 
2026-09-18 10:32:17,790 [ERROR] LogOutputStream:74 - [STDERR_REDIRECT] [Fatal Error] :1:1: Premature end of file.
2026-09-18 10:32:17,790 [ERROR] LogOutputStream:74 - [STDERR_REDIRECT] 
2026-09-18 10:32:18,787 [ERROR] LogOutputStream:74 - [STDERR_REDIRECT] [Fatal Error] :1:1: Premature end of file.
2026-09-18 10:32:18,787 [ERROR] LogOutputStream:74 - [STDERR_REDIRECT] 
2026-09-18 10:32:19,798 [ERROR] LogOutputStream:74 - [STDERR_REDIRECT] [Fatal Error] :1:1: Premature end of file.
2026-09-18 10:32:19,798 [ERROR] LogOutputStream:74 - [STDERR_REDIRECT] 
2026-09-18 10:32:20,821 [ERROR] LogOutputStream:74 - [STDERR_REDIRECT] [Fatal Error] :1:1: Premature end of file.
2026-09-18 10:32:20,821 [ERROR] LogOutputStream:74 - [STDERR_REDIRECT] 
2026-09-18 10:32:21,812 [ERROR] LogOutputStream:74 - [STDERR_REDIRECT] [Fatal Error] :1:1: Premature end of file.
2026-09-18 10:32:21,813 [ERROR] LogOutputStream:74 - [STDERR_REDIRECT] 
2026-09-18 10:32:22,825 [ERROR] LogOutputStream:74 - [STDERR_REDIRECT] [Fatal Error] :1:1: Premature end of file.
2026-09-18 10:32:22,825 [ERROR] LogOutputStream:74 - [STDERR_REDIRECT] 
2026-09-18 10:32:23,820 [ERROR] LogOutputStream:74 - [STDERR_REDIRECT] [Fatal Error] :1:1: Premature end of file.
2026-09-18 10:32:23,821 [ERROR] LogOutputStream:74 - [STDERR_REDIRECT] 
2026-09-18 10:32:24,818 [ERROR] LogOutputStream:74 - [STDERR_REDIRECT] [Fatal Error] :1:1: Premature end of file.
2026-09-18 10:32:24,819 [ERROR] LogOutputStream:74 - [STDERR_REDIRECT] 
2026-09-18 10:32:25,830 [ERROR] LogOutputStream:74 - [STDERR_REDIRECT] [Fatal Error] :1:1: Premature end of file.
2026-09-18 10:32:25,831 [ERROR] LogOutputStream:74 - [STDERR_REDIRECT] 
2026-09-18 10:32:26,823 [ERROR] LogOutputStream:74 - [STDERR_REDIRECT] [Fatal Error] :1:1: Premature end of file.
2026-09-18 10:32:26,824 [ERROR] LogOutputStream:74 - [STDERR_REDIRECT] 
2026-09-18 10:32:27,825 [ERROR] LogOutputStream:74 - [STDERR_REDIRECT] [Fatal Error] :1:1: Premature end of file.
2026-09-18 10:32:27,825 [ERROR] LogOutputStream:74 - [STDERR_REDIRECT] 
2026-09-18 10:32:28,816 [ERROR] LogOutputStream:74 - [STDERR_REDIRECT] [Fatal Error] :1:1: Premature end of file.
2026-09-18 10:32:28,816 [ERROR] LogOutputStream:74 - [STDERR_REDIRECT] 
2026-09-18 10:32:29,819 [ERROR] LogOutputStream:74 - [STDERR_REDIRECT] [Fatal Error] :1:1: Premature end of file.
2026-09-18 10:32:29,819 [ERROR] LogOutputStream:74 - [STDERR_REDIRECT] 
2026-09-18 10:32:30,823 [ERROR] LogOutputStream:74 - [STDERR_REDIRECT] [Fatal Error] :1:1: Premature end of file.
2026-09-18 10:32:30,824 [ERROR] LogOutputStream:74 - [STDERR_REDIRECT] 
2026-09-18 10:32:31,813 [ERROR] LogOutputStream:74 - [STDERR_REDIRECT] [Fatal Error] :1:1: Premature end of file.
2026-09-18 10:32:31,813 [ERROR] LogOutputStream:74 - [STDERR_REDIRECT] 
2026-09-18 10:32:32,817 [ERROR] LogOutputStream:74 - [STDERR_REDIRECT] [Fatal Error] :1:1: Premature end of file.
2026-09-18 10:32:32,818 [ERROR] LogOutputStream:74 - [STDERR_REDIRECT] 
2026-09-18 10:32:33,820 [ERROR] LogOutputStream:74 - [STDERR_REDIRECT] [Fatal Error] :1:1: Premature end of file.
2026-09-18 10:32:33,820 [ERROR] LogOutputStream:74 - [STDERR_REDIRECT] 
2026-09-18 10:32:34,830 [ERROR] LogOutputStream:74 - [STDERR_REDIRECT] [Fatal Error] :1:1: Premature end of file.
2026-09-18 10:32:34,830 [ERROR] LogOutputStream:74 - [STDERR_REDIRECT] 
2026-09-18 10:32:35,823 [ERROR] LogOutputStream:74 - [STDERR_REDIRECT] [Fatal Error] :1:1: Premature end of file.
2026-09-18 10:32:35,824 [ERROR] LogOutputStream:74 - [STDERR_REDIRECT] 
2026-09-18 10:32:36,817 [ERROR] LogOutputStream:74 - [STDERR_REDIRECT] [Fatal Error] :1:1: Premature end of file.
2026-09-18 10:32:36,818 [ERROR] LogOutputStream:74 - [STDERR_REDIRECT] 
2026-09-18 10:32:37,837 [ERROR] LogOutputStream:74 - [STDERR_REDIRECT] [Fatal Error] :1:1: Premature end of file.
2026-09-18 10:32:37,851 [ERROR] LogOutputStream:74 - [STDERR_REDIRECT] 
2026-09-18 10:32:38,829 [ERROR] LogOutputStream:74 - [STDERR_REDIRECT] [Fatal Error] :1:1: Premature end of file.
2026-09-18 10:32:38,829 [ERROR] LogOutputStream:74 - [STDERR_REDIRECT] 
2026-09-18 10:32:39,818 [ERROR] LogOutputStream:74 - [STDERR_REDIRECT] [Fatal Error] :1:1: Premature end of file.
2026-09-18 10:32:39,818 [ERROR] LogOutputStream:74 - [STDERR_REDIRECT] 
2026-09-18 10:32:40,819 [ERROR] LogOutputStream:74 - [STDERR_REDIRECT] [Fatal Error] :1:1: Premature end of file.
2026-09-18 10:32:40,820 [ERROR] LogOutputStream:74 - [STDERR_REDIRECT] 
2026-09-18 10:32:41,826 [ERROR] LogOutputStream:74 - [STDERR_REDIRECT] [Fatal Error] :1:1: Premature end of file.
2026-09-18 10:32:41,827 [ERROR] LogOutputStream:74 - [STDERR_REDIRECT] 
2026-09-18 10:32:42,828 [ERROR] LogOutputStream:74 - [STDERR_REDIRECT] [Fatal Error] :1:1: Premature end of file.
2026-09-18 10:32:42,828 [ERROR] LogOutputStream:74 - [STDERR_REDIRECT] 
2026-09-18 10:32:43,831 [ERROR] LogOutputStream:74 - [STDERR_REDIRECT] [Fatal Error] :1:1: Premature end of file.
2026-09-18 10:32:43,832 [ERROR] LogOutputStream:74 - [STDERR_REDIRECT] 
2026-09-18 10:32:44,815 [ERROR] LogOutputStream:74 - [STDERR_REDIRECT] [Fatal Error] :1:1: Premature end of file.
2026-09-18 10:32:44,815 [ERROR] LogOutputStream:74 - [STDERR_REDIRECT] 
2026-09-18 10:32:45,827 [ERROR] LogOutputStream:74 - [STDERR_REDIRECT] [Fatal Error] :1:1: Premature end of file.
2026-09-18 10:32:45,827 [ERROR] LogOutputStream:74 - [STDERR_REDIRECT] 
2026-09-18 10:32:46,835 [ERROR] LogOutputStream:74 - [STDERR_REDIRECT] [Fatal Error] :1:1: Premature end of file.
2026-09-18 10:32:46,835 [ERROR] LogOutputStream:74 - [STDERR_REDIRECT] 
2026-09-18 10:32:47,819 [ERROR] LogOutputStream:74 - [STDERR_REDIRECT] [Fatal Error] :1:1: Premature end of file.
2026-09-18 10:32:47,819 [ERROR] LogOutputStream:74 - [STDERR_REDIRECT] 
2026-09-18 10:32:48,824 [ERROR] LogOutputStream:74 - [STDERR_REDIRECT] [Fatal Error] :1:1: Premature end of file.
2026-09-18 10:32:48,824 [ERROR] LogOutputStream:74 - [STDERR_REDIRECT] 
2026-09-18 10:32:49,817 [ERROR] LogOutputStream:74 - [STDERR_REDIRECT] [Fatal Error] :1:1: Premature end of file.
2026-09-18 10:32:49,817 [ERROR] LogOutputStream:74 - [STDERR_REDIRECT] 
2026-09-18 10:32:50,821 [ERROR] LogOutputStream:74 - [STDERR_REDIRECT] [Fatal Error] :1:1: Premature end of file.
2026-09-18 10:32:50,821 [ERROR] LogOutputStream:74 - [STDERR_REDIRECT] 
2026-09-18 10:32:51,826 [ERROR] LogOutputStream:74 - [STDERR_REDIRECT] [Fatal Error] :1:1: Premature end of file.
2026-09-18 10:32:51,826 [ERROR] LogOutputStream:74 - [STDERR_REDIRECT] 
2026-09-18 10:32:52,820 [ERROR] LogOutputStream:74 - [STDERR_REDIRECT] [Fatal Error] :1:1: Premature end of file.
2026-09-18 10:32:52,820 [ERROR] LogOutputStream:74 - [STDERR_REDIRECT] 
2026-09-18 10:32:53,818 [ERROR] LogOutputStream:74 - [STDERR_REDIRECT] [Fatal Error] :1:1: Premature end of file.
2026-09-18 10:32:53,818 [ERROR] LogOutputStream:74 - [STDERR_REDIRECT] 
2026-09-18 10:32:54,822 [ERROR] LogOutputStream:74 - [STDERR_REDIRECT] [Fatal Error] :1:1: Premature end of file.
2026-09-18 10:32:54,822 [ERROR] LogOutputStream:74 - [STDERR_REDIRECT] 
2026-09-18 10:32:55,825 [ERROR] LogOutputStream:74 - [STDERR_REDIRECT] [Fatal Error] :1:1: Premature end of file.
2026-09-18 10:32:55,825 [ERROR] LogOutputStream:74 - [STDERR_REDIRECT] 
2026-09-18 10:32:56,817 [ERROR] LogOutputStream:74 - [STDERR_REDIRECT] [Fatal Error] :1:1: Premature end of file.
2026-09-18 10:32:56,817 [ERROR] LogOutputStream:74 - [STDERR_REDIRECT] 
2026-09-18 10:32:57,815 [ERROR] LogOutputStream:74 - [STDERR_REDIRECT] [Fatal Error] :1:1: Premature end of file.
2026-09-18 10:32:57,815 [ERROR] LogOutputStream:74 - [STDERR_REDIRECT] 
2026-09-18 10:32:58,829 [ERROR] LogOutputStream:74 - [STDERR_REDIRECT] [Fatal Error] :1:1: Premature end of file.
2026-09-18 10:32:58,829 [ERROR] LogOutputStream:74 - [STDERR_REDIRECT] 
2026-09-18 10:32:59,822 [ERROR] LogOutputStream:74 - [STDERR_REDIRECT] [Fatal Error] :1:1: Premature end of file.
2026-09-18 10:32:59,822 [ERROR] LogOutputStream:74 - [STDERR_REDIRECT] 
2026-09-18 10:33:00,818 [ERROR] LogOutputStream:74 - [STDERR_REDIRECT] [Fatal Error] :1:1: Premature end of file.
2026-09-18 10:33:00,818 [ERROR] LogOutputStream:74 - [STDERR_REDIRECT] 
2026-09-18 10:33:01,820 [ERROR] LogOutputStream:74 - [STDERR_REDIRECT] [Fatal Error] :1:1: Premature end of file.
2026-09-18 10:33:01,821 [ERROR] LogOutputStream:74 - [STDERR_REDIRECT] 
2026-09-18 10:33:02,809 [ERROR] LogOutputStream:74 - [STDERR_REDIRECT] [Fatal Error] :1:1: Premature end of file.
2026-09-18 10:33:02,810 [ERROR] LogOutputStream:74 - [STDERR_REDIRECT] 
2026-09-18 10:33:03,824 [ERROR] LogOutputStream:74 - [STDERR_REDIRECT] [Fatal Error] :1:1: Premature end of file.
2026-09-18 10:33:03,824 [ERROR] LogOutputStream:74 - [STDERR_REDIRECT] 
2026-09-18 10:33:04,821 [ERROR] LogOutputStream:74 - [STDERR_REDIRECT] [Fatal Error] :1:1: Premature end of file.
2026-09-18 10:33:04,821 [ERROR] LogOutputStream:74 - [STDERR_REDIRECT] 
2026-09-18 10:33:05,814 [ERROR] LogOutputStream:74 - [STDERR_REDIRECT] [Fatal Error] :1:1: Premature end of file.
2026-09-18 10:33:05,815 [ERROR] LogOutputStream:74 - [STDERR_REDIRECT] 
2026-09-18 10:33:06,828 [ERROR] LogOutputStream:74 - [STDERR_REDIRECT] [Fatal Error] :1:1: Premature end of file.
2026-09-18 10:33:06,828 [ERROR] LogOutputStream:74 - [STDERR_REDIRECT] 
2026-09-18 10:33:07,825 [ERROR] LogOutputStream:74 - [STDERR_REDIRECT] [Fatal Error] :1:1: Premature end of file.
2026-09-18 10:33:07,825 [ERROR] LogOutputStream:74 - [STDERR_REDIRECT] 
2026-09-18 10:33:08,823 [ERROR] LogOutputStream:74 - [STDERR_REDIRECT] [Fatal Error] :1:1: Premature end of file.
2026-09-18 10:33:08,823 [ERROR] LogOutputStream:74 - [STDERR_REDIRECT] 
2026-09-18 10:33:09,827 [ERROR] LogOutputStream:74 - [STDERR_REDIRECT] [Fatal Error] :1:1: Premature end of file.
2026-09-18 10:33:09,828 [ERROR] LogOutputStream:74 - [STDERR_REDIRECT] 
2026-09-18 10:33:10,822 [ERROR] LogOutputStream:74 - [STDERR_REDIRECT] [Fatal Error] :1:1: Premature end of file.
2026-09-18 10:33:10,823 [ERROR] LogOutputStream:74 - [STDERR_REDIRECT] 
2026-09-18 10:33:11,820 [ERROR] LogOutputStream:74 - [STDERR_REDIRECT] [Fatal Error] :1:1: Premature end of file.
2026-09-18 10:33:11,821 [ERROR] LogOutputStream:74 - [STDERR_REDIRECT] 
2026-09-18 10:33:12,811 [ERROR] LogOutputStream:74 - [STDERR_REDIRECT] [Fatal Error] :1:1: Premature end of file.
2026-09-18 10:33:12,811 [ERROR] LogOutputStream:74 - [STDERR_REDIRECT] 
2026-09-18 10:33:13,824 [ERROR] LogOutputStream:74 - [STDERR_REDIRECT] [Fatal Error] :1:1: Premature end of file.
2026-09-18 10:33:13,824 [ERROR] LogOutputStream:74 - [STDERR_REDIRECT] 
2026-09-18 10:33:14,819 [ERROR] LogOutputStream:74 - [STDERR_REDIRECT] [Fatal Error] :1:1: Premature end of file.
2026-09-18 10:33:14,820 [ERROR] LogOutputStream:74 - [STDERR_REDIRECT] 
2026-09-18 10:33:15,826 [ERROR] LogOutputStream:74 - [STDERR_REDIRECT] [Fatal Error] :1:1: Premature end of file.
2026-09-18 10:33:15,827 [ERROR] LogOutputStream:74 - [STDERR_REDIRECT] 
2026-09-18 10:33:16,817 [ERROR] LogOutputStream:74 - [STDERR_REDIRECT] [Fatal Error] :1:1: Premature end of file.
2026-09-18 10:33:16,818 [ERROR] LogOutputStream:74 - [STDERR_REDIRECT] 
2026-09-18 10:33:17,816 [ERROR] LogOutputStream:74 - [STDERR_REDIRECT] [Fatal Error] :1:1: Premature end of file.
2026-09-18 10:33:17,816 [ERROR] LogOutputStream:74 - [STDERR_REDIRECT] 
2026-09-18 10:33:18,815 [ERROR] LogOutputStream:74 - [STDERR_REDIRECT] [Fatal Error] :1:1: Premature end of file.
2026-09-18 10:33:18,815 [ERROR] LogOutputStream:74 - [STDERR_REDIRECT] 
2026-09-18 10:33:19,826 [ERROR] LogOutputStream:74 - [STDERR_REDIRECT] [Fatal Error] :1:1: Premature end of file.
2026-09-18 10:33:19,826 [ERROR] LogOutputStream:74 - [STDERR_REDIRECT] 
2026-09-18 10:33:20,811 [ERROR] LogOutputStream:74 - [STDERR_REDIRECT] [Fatal Error] :1:1: Premature end of file.
2026-09-18 10:33:20,811 [ERROR] LogOutputStream:74 - [STDERR_REDIRECT] 
2026-09-18 10:33:21,822 [ERROR] LogOutputStream:74 - [STDERR_REDIRECT] [Fatal Error] :1:1: Premature end of file.
2026-09-18 10:33:21,823 [ERROR] LogOutputStream:74 - [STDERR_REDIRECT] 
2026-09-18 10:33:22,817 [ERROR] LogOutputStream:74 - [STDERR_REDIRECT] [Fatal Error] :1:1: Premature end of file.
2026-09-18 10:33:22,826 [ERROR] LogOutputStream:74 - [STDERR_REDIRECT] 
2026-09-18 10:33:23,825 [ERROR] LogOutputStream:74 - [STDERR_REDIRECT] [Fatal Error] :1:1: Premature end of file.
2026-09-18 10:33:23,827 [ERROR] LogOutputStream:74 - [STDERR_REDIRECT] 
2026-09-18 10:33:24,820 [ERROR] LogOutputStream:74 - [STDERR_REDIRECT] [Fatal Error] :1:1: Premature end of file.
2026-09-18 10:33:24,821 [ERROR] LogOutputStream:74 - [STDERR_REDIRECT] 
2026-09-18 10:33:25,814 [ERROR] LogOutputStream:74 - [STDERR_REDIRECT] [Fatal Error] :1:1: Premature end of file.
2026-09-18 10:33:25,815 [ERROR] LogOutputStream:74 - [STDERR_REDIRECT] 
2026-09-18 10:33:26,826 [ERROR] LogOutputStream:74 - [STDERR_REDIRECT] [Fatal Error] :1:1: Premature end of file.
2026-09-18 10:33:26,827 [ERROR] LogOutputStream:74 - [STDERR_REDIRECT] 
2026-09-18 10:33:27,825 [ERROR] LogOutputStream:74 - [STDERR_REDIRECT] [Fatal Error] :1:1: Premature end of file.
2026-09-18 10:33:27,825 [ERROR] LogOutputStream:74 - [STDERR_REDIRECT] 
2026-09-18 10:33:28,819 [ERROR] LogOutputStream:74 - [STDERR_REDIRECT] [Fatal Error] :1:1: Premature end of file.
2026-09-18 10:33:28,819 [ERROR] LogOutputStream:74 - [STDERR_REDIRECT] 
2026-09-18 10:33:29,825 [ERROR] LogOutputStream:74 - [STDERR_REDIRECT] [Fatal Error] :1:1: Premature end of file.
2026-09-18 10:33:29,825 [ERROR] LogOutputStream:74 - [STDERR_REDIRECT] 
2026-09-18 10:33:30,819 [ERROR] LogOutputStream:74 - [STDERR_REDIRECT] [Fatal Error] :1:1: Premature end of file.
2026-09-18 10:33:30,819 [ERROR] LogOutputStream:74 - [STDERR_REDIRECT] 
2026-09-18 10:33:31,826 [ERROR] LogOutputStream:74 - [STDERR_REDIRECT] [Fatal Error] :1:1: Premature end of file.
2026-09-18 10:33:31,826 [ERROR] LogOutputStream:74 - [STDERR_REDIRECT] 
2026-09-18 10:33:32,829 [ERROR] LogOutputStream:74 - [STDERR_REDIRECT] [Fatal Error] :1:1: Premature end of file.
2026-09-18 10:33:32,829 [ERROR] LogOutputStream:74 - [STDERR_REDIRECT] 
2026-09-18 10:33:33,809 [ERROR] LogOutputStream:74 - [STDERR_REDIRECT] [Fatal Error] :1:1: Premature end of file.
2026-09-18 10:33:33,809 [ERROR] LogOutputStream:74 - [STDERR_REDIRECT] 
2026-09-18 10:33:34,828 [ERROR] LogOutputStream:74 - [STDERR_REDIRECT] [Fatal Error] :1:1: Premature end of file.
2026-09-18 10:33:34,828 [ERROR] LogOutputStream:74 - [STDERR_REDIRECT] 
2026-09-18 10:33:35,817 [ERROR] LogOutputStream:74 - [STDERR_REDIRECT] [Fatal Error] :1:1: Premature end of file.
2026-09-18 10:33:35,817 [ERROR] LogOutputStream:74 - [STDERR_REDIRECT] 
2026-09-18 10:33:36,812 [ERROR] LogOutputStream:74 - [STDERR_REDIRECT] [Fatal Error] :1:1: Premature end of file.
2026-09-18 10:33:36,812 [ERROR] LogOutputStream:74 - [STDERR_REDIRECT] 
2026-09-18 10:33:37,825 [ERROR] LogOutputStream:74 - [STDERR_REDIRECT] [Fatal Error] :1:1: Premature end of file.
2026-09-18 10:33:37,826 [ERROR] LogOutputStream:74 - [STDERR_REDIRECT] 
2026-09-18 10:33:38,824 [ERROR] LogOutputStream:74 - [STDERR_REDIRECT] [Fatal Error] :1:1: Premature end of file.
2026-09-18 10:33:38,825 [ERROR] LogOutputStream:74 - [STDERR_REDIRECT] 
2026-09-18 10:33:39,826 [ERROR] LogOutputStream:74 - [STDERR_REDIRECT] [Fatal Error] :1:1: Premature end of file.
2026-09-18 10:33:39,826 [ERROR] LogOutputStream:74 - [STDERR_REDIRECT] 
2026-09-18 10:33:40,805 [ERROR] LogOutputStream:74 - [STDERR_REDIRECT] [Fatal Error] :1:1: Premature end of file.
2026-09-18 10:33:40,805 [ERROR] LogOutputStream:74 - [STDERR_REDIRECT] 
2026-09-18 10:33:41,823 [ERROR] LogOutputStream:74 - [STDERR_REDIRECT] [Fatal Error] :1:1: Premature end of file.
2026-09-18 10:33:41,824 [ERROR] LogOutputStream:74 - [STDERR_REDIRECT] 
2026-09-18 10:33:42,814 [ERROR] LogOutputStream:74 - [STDERR_REDIRECT] [Fatal Error] :1:1: Premature end of file.
2026-09-18 10:33:42,814 [ERROR] LogOutputStream:74 - [STDERR_REDIRECT] 
2026-09-18 10:33:43,822 [ERROR] LogOutputStream:74 - [STDERR_REDIRECT] [Fatal Error] :1:1: Premature end of file.
2026-09-18 10:33:43,822 [ERROR] LogOutputStream:74 - [STDERR_REDIRECT] 
2026-09-18 10:33:44,826 [ERROR] LogOutputStream:74 - [STDERR_REDIRECT] [Fatal Error] :1:1: Premature end of file.
2026-09-18 10:33:44,827 [ERROR] LogOutputStream:74 - [STDERR_REDIRECT] 
2026-09-18 10:33:45,820 [ERROR] LogOutputStream:74 - [STDERR_REDIRECT] [Fatal Error] :1:1: Premature end of file.
2026-09-18 10:33:45,820 [ERROR] LogOutputStream:74 - [STDERR_REDIRECT] 
2026-09-18 10:33:46,825 [ERROR] LogOutputStream:74 - [STDERR_REDIRECT] [Fatal Error] :1:1: Premature end of file.
2026-09-18 10:33:46,826 [ERROR] LogOutputStream:74 - [STDERR_REDIRECT] 
2026-09-18 10:33:47,812 [ERROR] LogOutputStream:74 - [STDERR_REDIRECT] [Fatal Error] :1:1: Premature end of file.
2026-09-18 10:33:47,812 [ERROR] LogOutputStream:74 - [STDERR_REDIRECT] 
2026-09-18 10:33:48,836 [ERROR] LogOutputStream:74 - [STDERR_REDIRECT] [Fatal Error] :1:1: Premature end of file.
2026-09-18 10:33:48,837 [ERROR] LogOutputStream:74 - [STDERR_REDIRECT] 
2026-09-18 10:33:49,814 [ERROR] LogOutputStream:74 - [STDERR_REDIRECT] [Fatal Error] :1:1: Premature end of file.
2026-09-18 10:33:49,814 [ERROR] LogOutputStream:74 - [STDERR_REDIRECT] 
2026-09-18 10:33:50,832 [ERROR] LogOutputStream:74 - [STDERR_REDIRECT] [Fatal Error] :1:1: Premature end of file.
2026-09-18 10:33:50,833 [ERROR] LogOutputStream:74 - [STDERR_REDIRECT] 
2026-09-18 10:33:51,812 [ERROR] LogOutputStream:74 - [STDERR_REDIRECT] [Fatal Error] :1:1: Premature end of file.
2026-09-18 10:33:51,813 [ERROR] LogOutputStream:74 - [STDERR_REDIRECT] 
2026-09-18 10:33:52,829 [ERROR] LogOutputStream:74 - [STDERR_REDIRECT] [Fatal Error] :1:1: Premature end of file.
2026-09-18 10:33:52,830 [ERROR] LogOutputStream:74 - [STDERR_REDIRECT] 
2026-09-18 10:33:53,835 [ERROR] LogOutputStream:74 - [STDERR_REDIRECT] [Fatal Error] :1:1: Premature end of file.
2026-09-18 10:33:53,835 [ERROR] LogOutputStream:74 - [STDERR_REDIRECT] 
2026-09-18 10:33:54,817 [ERROR] LogOutputStream:74 - [STDERR_REDIRECT] [Fatal Error] :1:1: Premature end of file.
2026-09-18 10:33:54,818 [ERROR] LogOutputStream:74 - [STDERR_REDIRECT] 
2026-09-18 10:33:55,813 [ERROR] LogOutputStream:74 - [STDERR_REDIRECT] [Fatal Error] :1:1: Premature end of file.
2026-09-18 10:33:55,814 [ERROR] LogOutputStream:74 - [STDERR_REDIRECT] 
2026-09-18 10:33:56,814 [ERROR] LogOutputStream:74 - [STDERR_REDIRECT] [Fatal Error] :1:1: Premature end of file.
2026-09-18 10:33:56,815 [ERROR] LogOutputStream:74 - [STDERR_REDIRECT] 
2026-09-18 10:33:57,821 [ERROR] LogOutputStream:74 - [STDERR_REDIRECT] [Fatal Error] :1:1: Premature end of file.
2026-09-18 10:33:57,822 [ERROR] LogOutputStream:74 - [STDERR_REDIRECT] 
2026-09-18 10:33:58,825 [ERROR] LogOutputStream:74 - [STDERR_REDIRECT] [Fatal Error] :1:1: Premature end of file.
2026-09-18 10:33:58,826 [ERROR] LogOutputStream:74 - [STDERR_REDIRECT] 
2026-09-18 10:33:59,819 [ERROR] LogOutputStream:74 - [STDERR_REDIRECT] [Fatal Error] :1:1: Premature end of file.
2026-09-18 10:33:59,820 [ERROR] LogOutputStream:74 - [STDERR_REDIRECT] 
2026-09-18 10:34:00,822 [ERROR] LogOutputStream:74 - [STDERR_REDIRECT] [Fatal Error] :1:1: Premature end of file.
2026-09-18 10:34:00,822 [ERROR] LogOutputStream:74 - [STDERR_REDIRECT] 
2026-09-18 10:34:01,822 [ERROR] LogOutputStream:74 - [STDERR_REDIRECT] [Fatal Error] :1:1: Premature end of file.
2026-09-18 10:34:01,822 [ERROR] LogOutputStream:74 - [STDERR_REDIRECT] 
2026-09-18 10:34:02,816 [ERROR] LogOutputStream:74 - [STDERR_REDIRECT] [Fatal Error] :1:1: Premature end of file.
2026-09-18 10:34:02,817 [ERROR] LogOutputStream:74 - [STDERR_REDIRECT] 
2026-09-18 10:34:03,809 [ERROR] LogOutputStream:74 - [STDERR_REDIRECT] [Fatal Error] :1:1: Premature end of file.
2026-09-18 10:34:03,810 [ERROR] LogOutputStream:74 - [STDERR_REDIRECT] 
2026-09-18 10:34:04,811 [ERROR] LogOutputStream:74 - [STDERR_REDIRECT] [Fatal Error] :1:1: Premature end of file.
2026-09-18 10:34:04,812 [ERROR] LogOutputStream:74 - [STDERR_REDIRECT] 
2026-09-18 10:34:05,824 [ERROR] LogOutputStream:74 - [STDERR_REDIRECT] [Fatal Error] :1:1: Premature end of file.
2026-09-18 10:34:05,825 [ERROR] LogOutputStream:74 - [STDERR_REDIRECT] 
2026-09-18 10:34:06,813 [ERROR] LogOutputStream:74 - [STDERR_REDIRECT] [Fatal Error] :1:1: Premature end of file.
2026-09-18 10:34:06,813 [ERROR] LogOutputStream:74 - [STDERR_REDIRECT] 
2026-09-18 10:34:07,813 [ERROR] LogOutputStream:74 - [STDERR_REDIRECT] [Fatal Error] :1:1: Premature end of file.
2026-09-18 10:34:07,813 [ERROR] LogOutputStream:74 - [STDERR_REDIRECT] 
2026-09-18 10:34:08,839 [ERROR] LogOutputStream:74 - [STDERR_REDIRECT] [Fatal Error] :1:1: Premature end of file.
2026-09-18 10:34:08,840 [ERROR] LogOutputStream:74 - [STDERR_REDIRECT] 
2026-09-18 10:34:09,826 [ERROR] LogOutputStream:74 - [STDERR_REDIRECT] [Fatal Error] :1:1: Premature end of file.
2026-09-18 10:34:09,826 [ERROR] LogOutputStream:74 - [STDERR_REDIRECT] 
2026-09-18 10:34:10,826 [ERROR] LogOutputStream:74 - [STDERR_REDIRECT] [Fatal Error] :1:1: Premature end of file.
2026-09-18 10:34:10,826 [ERROR] LogOutputStream:74 - [STDERR_REDIRECT] 
2026-09-18 10:34:11,816 [ERROR] LogOutputStream:74 - [STDERR_REDIRECT] [Fatal Error] :1:1: Premature end of file.
2026-09-18 10:34:11,816 [ERROR] LogOutputStream:74 - [STDERR_REDIRECT] 
2026-09-18 10:34:12,829 [ERROR] LogOutputStream:74 - [STDERR_REDIRECT] [Fatal Error] :1:1: Premature end of file.
2026-09-18 10:34:12,829 [ERROR] LogOutputStream:74 - [STDERR_REDIRECT] 
2026-09-18 10:34:13,833 [ERROR] LogOutputStream:74 - [STDERR_REDIRECT] [Fatal Error] :1:1: Premature end of file.
2026-09-18 10:34:13,834 [ERROR] LogOutputStream:74 - [STDERR_REDIRECT] 
2026-09-18 10:34:14,813 [ERROR] LogOutputStream:74 - [STDERR_REDIRECT] [Fatal Error] :1:1: Premature end of file.
2026-09-18 10:34:14,814 [ERROR] LogOutputStream:74 - [STDERR_REDIRECT] 
2026-09-18 10:34:15,812 [ERROR] LogOutputStream:74 - [STDERR_REDIRECT] [Fatal Error] :1:1: Premature end of file.
2026-09-18 10:34:15,812 [ERROR] LogOutputStream:74 - [STDERR_REDIRECT] 
2026-09-18 10:34:16,826 [ERROR] LogOutputStream:74 - [STDERR_REDIRECT] [Fatal Error] :1:1: Premature end of file.
2026-09-18 10:34:16,826 [ERROR] LogOutputStream:74 - [STDERR_REDIRECT] 
2026-09-18 10:34:17,817 [ERROR] LogOutputStream:74 - [STDERR_REDIRECT] [Fatal Error] :1:1: Premature end of file.
2026-09-18 10:34:17,817 [ERROR] LogOutputStream:74 - [STDERR_REDIRECT] 
2026-09-18 10:34:18,817 [ERROR] LogOutputStream:74 - [STDERR_REDIRECT] [Fatal Error] :1:1: Premature end of file.
2026-09-18 10:34:18,818 [ERROR] LogOutputStream:74 - [STDERR_REDIRECT] 
2026-09-18 10:34:19,828 [ERROR] LogOutputStream:74 - [STDERR_REDIRECT] [Fatal Error] :1:1: Premature end of file.
2026-09-18 10:34:19,828 [ERROR] LogOutputStream:74 - [STDERR_REDIRECT] 
2026-09-18 10:34:20,820 [ERROR] LogOutputStream:74 - [STDERR_REDIRECT] [Fatal Error] :1:1: Premature end of file.
2026-09-18 10:34:20,821 [ERROR] LogOutputStream:74 - [STDERR_REDIRECT] 
2026-09-18 10:34:21,819 [ERROR] LogOutputStream:74 - [STDERR_REDIRECT] [Fatal Error] :1:1: Premature end of file.
2026-09-18 10:34:21,820 [ERROR] LogOutputStream:74 - [STDERR_REDIRECT] 
2026-09-18 10:34:22,818 [ERROR] LogOutputStream:74 - [STDERR_REDIRECT] [Fatal Error] :1:1: Premature end of file.
2026-09-18 10:34:22,818 [ERROR] LogOutputStream:74 - [STDERR_REDIRECT] 
2026-09-18 10:34:23,813 [ERROR] LogOutputStream:74 - [STDERR_REDIRECT] [Fatal Error] :1:1: Premature end of file.
2026-09-18 10:34:23,814 [ERROR] LogOutputStream:74 - [STDERR_REDIRECT] 
2026-09-18 10:34:23,983 [INFO] MainUpdater:2671 - connection check result : 10
2026-09-18 10:34:23,985 [INFO] MainUpdater:2671 - connection check result : 10
2026-09-18 10:34:24,100 [INFO] MicroXplorer:448 - Change Database Path : 
2026-09-18 10:34:24,101 [INFO] MicroXplorer:478 - Change Database Version : DB.6.0.30
2026-09-18 10:34:24,101 [WARN] ThirdParty:813 - waiting for thirdparty lock release [close project]
2026-09-18 10:34:24,101 [INFO] ThirdParty:815 - entering critical section [close project]
2026-09-18 10:34:24,102 [INFO] ThirdParty:825 - exiting critical section [close project]
2026-09-18 10:34:24,105 [INFO] PinOutPanel:1463 - setPackage(No Configuration,No Configuration)
2026-09-18 10:34:24,106 [INFO] UtilMem:74 - Begin LoadConfig() Used Memory: 947475000 Bytes (1073741824)
2026-09-18 10:34:24,107 [INFO] MicroXplorer:448 - Change Database Path : 
2026-09-18 10:34:24,108 [INFO] MicroXplorer:478 - Change Database Version : DB.6.0.30
2026-09-18 10:34:24,108 [INFO] OpenFileManager:313 - Change cursor
2026-09-18 10:34:24,827 [ERROR] LogOutputStream:74 - [STDERR_REDIRECT] [Fatal Error] :1:1: Premature end of file.
2026-09-18 10:34:24,828 [ERROR] LogOutputStream:74 - [STDERR_REDIRECT] 
2026-09-18 10:34:25,343 [INFO] Context:592 - Trying to add GPIOservice into a context  which must be forbidden
2026-09-18 10:34:25,586 [INFO] ImportTextPane:167 - (OptionalMessage_ERROR) Unable to find key (Mcu.ThirdPartyNb) in loaded IOC file
2026-09-18 10:34:25,586 [INFO] ImportTextPane:167 - (OptionalMessage_ERROR) Unable to find key (Mcu.PinsNb) in loaded IOC file
2026-09-18 10:34:25,586 [INFO] ImportTextPane:167 - (OptionalMessage_ERROR) Unable to find key (Mcu.IPNb) in loaded IOC file
2026-09-18 10:34:25,642 [WARN] ApiManager:304 - Cannot register API 'Board Extension:PM33A1' from pack STMicroelectronics.X-CUBE-PM33A1.1.0.0: no header file found
2026-09-18 10:34:25,645 [WARN] ApiManager:304 - Cannot register API 'Board Extension:NFC09A1' from pack STMicroelectronics.X-CUBE-NFC9.1.0.0: no header file found
2026-09-18 10:34:25,648 [WARN] ApiManager:304 - Cannot register API 'Wireless:BlueNRG-MS' from pack STMicroelectronics.X-CUBE-BLE1.7.1.0: no header file found
2026-09-18 10:34:25,650 [WARN] ApiManager:304 - Cannot register API 'Board Extension:EEPRMA2' from pack STMicroelectronics.X-CUBE-EEPRMA1.5.2.0: no header file found
2026-09-18 10:34:25,650 [WARN] ApiManager:304 - Cannot register API 'Board Extension:PGEEZ1' from pack STMicroelectronics.X-CUBE-EEPRMA1.5.2.0: no header file found
2026-09-18 10:34:25,650 [WARN] ApiManager:304 - Cannot register API 'Board Extension:EEICA1' from pack STMicroelectronics.X-CUBE-EEPRMA1.5.2.0: no header file found
2026-09-18 10:34:25,650 [WARN] ApiManager:304 - Cannot register API 'Board Part:M24' from pack STMicroelectronics.X-CUBE-EEPRMA1.5.2.0: no header file found
2026-09-18 10:34:25,651 [WARN] ApiManager:304 - Cannot register API 'Board Part:M95' from pack STMicroelectronics.X-CUBE-EEPRMA1.5.2.0: no header file found
2026-09-18 10:34:25,651 [WARN] ApiManager:304 - Cannot register API 'Board Part:M95P32' from pack STMicroelectronics.X-CUBE-EEPRMA1.5.2.0: no header file found
2026-09-18 10:34:25,651 [WARN] ApiManager:304 - Cannot register API 'Board Part:M24256E-F' from pack STMicroelectronics.X-CUBE-EEPRMA1.5.2.0: no header file found
2026-09-18 10:34:25,651 [WARN] ApiManager:304 - Cannot register API 'Board Part:M24M01E-F' from pack STMicroelectronics.X-CUBE-EEPRMA1.5.2.0: no header file found
2026-09-18 10:34:25,651 [WARN] ApiManager:304 - Cannot register API 'PGEEZ1:SPI' from pack STMicroelectronics.X-CUBE-EEPRMA1.5.2.0: no header file found
2026-09-18 10:34:25,651 [WARN] ApiManager:304 - Cannot register API 'PGEEZ1:QDSPI' from pack STMicroelectronics.X-CUBE-EEPRMA1.5.2.0: no header file found
2026-09-18 10:34:25,653 [WARN] ApiManager:304 - Cannot register API 'Board Extension:NFC12A1' from pack STMicroelectronics.X-CUBE-NFC12.1.0.0: no header file found
2026-09-18 10:34:25,661 [WARN] ApiManager:304 - Cannot register API 'Board Extension:SAFEA1' from pack STMicroelectronics.X-CUBE-STSE01.2.0.0: no header file found
2026-09-18 10:34:25,662 [WARN] ApiManager:304 - Cannot register API 'Board Extension:ESE01A1' from pack STMicroelectronics.X-CUBE-STSE01.2.0.0: no header file found
2026-09-18 10:34:25,662 [WARN] ApiManager:304 - Cannot register API 'Board Extension:ESE02A1' from pack STMicroelectronics.X-CUBE-STSE01.2.0.0: no header file found
2026-09-18 10:34:25,662 [WARN] ApiManager:304 - Cannot register API 'Board Part:STSAFEA110' from pack STMicroelectronics.X-CUBE-STSE01.2.0.0: no header file found
2026-09-18 10:34:25,662 [WARN] ApiManager:304 - Cannot register API 'Board Part:STSAFEA120' from pack STMicroelectronics.X-CUBE-STSE01.2.0.0: no header file found
2026-09-18 10:34:25,662 [WARN] ApiManager:304 - Cannot register API 'Board Part:STSAFEL010' from pack STMicroelectronics.X-CUBE-STSE01.2.0.0: no header file found
2026-09-18 10:34:25,662 [WARN] ApiManager:304 - Cannot register API 'Security:STM32_Cryptographic' from pack STMicroelectronics.X-CUBE-STSE01.2.0.0: no header file found
2026-09-18 10:34:25,662 [WARN] ApiManager:304 - Cannot register API 'Security:STSELib' from pack STMicroelectronics.X-CUBE-STSE01.2.0.0: no header file found
2026-09-18 10:34:25,664 [INFO] RtosManager:484 - Registered RTOS mode: class=CMSIS, group=RTOS, mode=CMSIS_V1, owner=FREERTOS
2026-09-18 10:34:25,664 [INFO] RtosManager:484 - Registered RTOS mode: class=CMSIS, group=RTOS2, mode=CMSIS_V2, owner=FREERTOS
2026-09-18 10:34:25,664 [INFO] RtosManager:484 - Registered RTOS mode: class=RTOS, group=Core, mode=CMSIS_V1, owner=FREERTOS
2026-09-18 10:34:25,664 [INFO] RtosManager:484 - Registered RTOS mode: class=RTOS, group=Core, mode=CMSIS_V2, owner=FREERTOS
2026-09-18 10:34:25,664 [WARN] ModelIntegratedComponent:181 - Missing modes for component STMicroelectronics:FreeRTOS:0.0.1:STMicroelectronics:RTOS:FreeRTOS:Core:::10.2.0:
2026-09-18 10:34:25,667 [WARN] ApiManager:304 - Cannot register API 'Board Extension:NFC04A1' from pack STMicroelectronics.X-CUBE-NFC4.3.0.0: no header file found
2026-09-18 10:34:25,671 [WARN] ApiManager:304 - Cannot register API 'Board Extension:S2868A1' from pack STMicroelectronics.X-CUBE-SUBG2.5.0.0: no header file found
2026-09-18 10:34:25,671 [WARN] ApiManager:304 - Cannot register API 'Board Extension:S2868A2' from pack STMicroelectronics.X-CUBE-SUBG2.5.0.0: no header file found
2026-09-18 10:34:25,671 [WARN] ApiManager:304 - Cannot register API 'Board Extension:S2915A1' from pack STMicroelectronics.X-CUBE-SUBG2.5.0.0: no header file found
2026-09-18 10:34:25,814 [WARN] ApiManager:304 - Cannot register API 'Board Extension:IKS02A1' from pack STMicroelectronics.X-CUBE-MEMS1.13.0.0: no header file found
2026-09-18 10:34:25,814 [WARN] ApiManager:304 - Cannot register API 'Board Extension:IKS4A1' from pack STMicroelectronics.X-CUBE-MEMS1.13.0.0: no header file found
2026-09-18 10:34:25,814 [WARN] ApiManager:304 - Cannot register API 'Board Extension:IKS5A1' from pack STMicroelectronics.X-CUBE-MEMS1.13.0.0: no header file found
2026-09-18 10:34:25,824 [WARN] ApiManager:304 - Cannot register API 'Board Extension:NFC07A1' from pack STMicroelectronics.X-CUBE-NFC7.2.0.0: no header file found
2026-09-18 10:34:25,825 [WARN] ApiManager:304 - Cannot register API 'Board Extension:GNSS1A1' from pack STMicroelectronics.X-CUBE-GNSS1.7.1.1: no header file found
2026-09-18 10:34:25,825 [WARN] ApiManager:304 - Cannot register API 'Board Support:Custom' from pack STMicroelectronics.X-CUBE-GNSS1.7.1.1: no header file found
2026-09-18 10:34:25,825 [WARN] ApiManager:304 - Cannot register API 'Data Exchange:lib_gnss' from pack STMicroelectronics.X-CUBE-GNSS1.7.1.1: no header file found
2026-09-18 10:34:25,826 [ERROR] LogOutputStream:74 - [STDERR_REDIRECT] [Fatal Error] :1:1: Premature end of file.
2026-09-18 10:34:25,826 [ERROR] LogOutputStream:74 - [STDERR_REDIRECT] 
2026-09-18 10:34:25,828 [WARN] ApiManager:304 - Cannot register API 'Board Extension:NFC10A1' from pack STMicroelectronics.X-CUBE-NFC10.1.0.0: no header file found
2026-09-18 10:34:25,830 [WARN] ModelIntegratedComponent:60 - No mode defined for component null
2026-09-18 10:34:25,831 [WARN] ModelIntegratedComponent:60 - No mode defined for component null
2026-09-18 10:34:25,831 [WARN] ModelIntegratedComponent:60 - No mode defined for component null
2026-09-18 10:34:25,831 [WARN] ModelIntegratedComponent:60 - No mode defined for component null
2026-09-18 10:34:25,831 [WARN] ModelIntegratedComponent:60 - No mode defined for component null
2026-09-18 10:34:25,831 [WARN] ModelIntegratedComponent:60 - No mode defined for component null
2026-09-18 10:34:25,831 [WARN] ModelIntegratedComponent:60 - No mode defined for component null
2026-09-18 10:34:25,831 [WARN] ModelIntegratedComponent:60 - No mode defined for component null
2026-09-18 10:34:25,831 [WARN] ModelIntegratedComponent:60 - No mode defined for component null
2026-09-18 10:34:25,831 [WARN] ModelIntegratedComponent:60 - No mode defined for component null
2026-09-18 10:34:25,831 [WARN] ModelIntegratedComponent:60 - No mode defined for component null
2026-09-18 10:34:25,832 [WARN] ModelIntegratedComponent:60 - No mode defined for component null
2026-09-18 10:34:25,832 [WARN] ModelIntegratedComponent:60 - No mode defined for component null
2026-09-18 10:34:25,832 [WARN] ModelIntegratedComponent:60 - No mode defined for component null
2026-09-18 10:34:25,832 [WARN] ModelIntegratedComponent:60 - No mode defined for component null
2026-09-18 10:34:25,832 [WARN] ModelIntegratedComponent:60 - No mode defined for component null
2026-09-18 10:34:25,832 [WARN] ModelIntegratedComponent:60 - No mode defined for component null
2026-09-18 10:34:25,832 [WARN] ModelIntegratedComponent:60 - No mode defined for component null
2026-09-18 10:34:25,832 [WARN] ModelIntegratedComponent:60 - No mode defined for component null
2026-09-18 10:34:25,832 [WARN] ModelIntegratedComponent:60 - No mode defined for component null
2026-09-18 10:34:25,832 [WARN] ModelIntegratedComponent:60 - No mode defined for component null
2026-09-18 10:34:25,832 [WARN] ModelIntegratedComponent:60 - No mode defined for component null
2026-09-18 10:34:25,832 [WARN] ModelIntegratedComponent:60 - No mode defined for component null
2026-09-18 10:34:25,832 [WARN] ModelIntegratedComponent:60 - No mode defined for component null
2026-09-18 10:34:25,832 [WARN] ModelIntegratedComponent:60 - No mode defined for component null
2026-09-18 10:34:25,832 [WARN] ModelIntegratedComponent:60 - No mode defined for component null
2026-09-18 10:34:25,833 [WARN] ModelIntegratedComponent:60 - No mode defined for component null
2026-09-18 10:34:25,833 [WARN] ModelIntegratedComponent:60 - No mode defined for component null
2026-09-18 10:34:25,833 [WARN] ModelIntegratedComponent:60 - No mode defined for component null
2026-09-18 10:34:25,833 [WARN] ModelIntegratedComponent:60 - No mode defined for component null
2026-09-18 10:34:25,833 [WARN] ModelIntegratedComponent:60 - No mode defined for component null
2026-09-18 10:34:25,835 [WARN] ApiManager:304 - Cannot register API 'Board Extension:NFC06A1' from pack STMicroelectronics.X-CUBE-NFC6.3.2.0: no header file found
2026-09-18 10:34:25,836 [WARN] ApiManager:304 - Cannot register API 'Board Extension:NFC08A1' from pack STMicroelectronics.X-CUBE-NFC6.3.2.0: no header file found
2026-09-18 10:34:25,846 [WARN] ApiManager:304 - Cannot register API 'Board Extension:S2868A1' from pack STMicroelectronics.X-CUBE-SFXS2LP1.4.0.0: no header file found
2026-09-18 10:34:25,846 [WARN] ApiManager:304 - Cannot register API 'Board Extension:S2868A2' from pack STMicroelectronics.X-CUBE-SFXS2LP1.4.0.0: no header file found
2026-09-18 10:34:25,846 [WARN] ApiManager:304 - Cannot register API 'Board Extension:S2915A1' from pack STMicroelectronics.X-CUBE-SFXS2LP1.4.0.0: no header file found
2026-09-18 10:34:25,847 [WARN] ApiManager:304 - Cannot register API 'Wireless:BlueNRG-2' from pack STMicroelectronics.X-CUBE-BLE2.3.3.0: no header file found
2026-09-18 10:34:25,847 [WARN] ApiManager:304 - Cannot register API 'Board Extension:NFC13A1' from pack STMicroelectronics.X-CUBE-NFC13.1.0.0: no header file found
2026-09-18 10:34:25,848 [WARN] ApiManager:304 - Cannot register API 'Wireless:STM32WB05N' from pack STMicroelectronics.X-CUBE-WB05N.2.1.0: no header file found
2026-09-18 10:34:26,821 [ERROR] LogOutputStream:74 - [STDERR_REDIRECT] [Fatal Error] :1:1: Premature end of file.
2026-09-18 10:34:26,821 [ERROR] LogOutputStream:74 - [STDERR_REDIRECT] 
2026-09-18 10:34:27,819 [ERROR] LogOutputStream:74 - [STDERR_REDIRECT] [Fatal Error] :1:1: Premature end of file.
2026-09-18 10:34:27,820 [ERROR] LogOutputStream:74 - [STDERR_REDIRECT] 
2026-09-18 10:34:27,931 [INFO] UtilMem:74 - End LoadConfig() Used Memory: 984772280 Bytes (1073741824)
2026-09-18 10:34:27,944 [WARN] ThirdParty:779 - waiting for thirdparty lock release [change project]
2026-09-18 10:34:27,945 [INFO] ThirdParty:781 - entering critical section [change project]
2026-09-18 10:34:27,945 [INFO] ThirdParty:967 - CMSIS Pack Vendor :STMicroelectronics X-CUBE-AZRTOS-H7 3.5.0
2026-09-18 10:34:27,945 [INFO] ThirdParty:967 - CMSIS Pack Vendor :STMicroelectronics X-CUBE-PM33A1 1.0.0
2026-09-18 10:34:27,945 [INFO] ThirdParty:967 - CMSIS Pack Vendor :STMicroelectronics X-CUBE-NFC9 1.0.0
2026-09-18 10:34:27,945 [INFO] ThirdParty:967 - CMSIS Pack Vendor :STMicroelectronics USB_HOST 2.0.0
2026-09-18 10:34:27,945 [INFO] ThirdParty:967 - CMSIS Pack Vendor :STMicroelectronics FP-ATR-ASTRA1 2.0.3
2026-09-18 10:34:27,945 [INFO] ThirdParty:967 - CMSIS Pack Vendor :STMicroelectronics X-CUBE-AZRTOS-F4 1.1.0
2026-09-18 10:34:27,945 [INFO] ThirdParty:967 - CMSIS Pack Vendor :STMicroelectronics X-CUBE-BLE1 7.1.0
2026-09-18 10:34:27,945 [INFO] ThirdParty:967 - CMSIS Pack Vendor :wolfSSL I-CUBE-wolfMQTT 1.19.2
2026-09-18 10:34:27,945 [INFO] ThirdParty:967 - CMSIS Pack Vendor :STMicroelectronics USB_DEVICE 3.0.0
2026-09-18 10:34:27,945 [INFO] ThirdParty:967 - CMSIS Pack Vendor :STMicroelectronics X-CUBE-ISPU 2.1.0
2026-09-18 10:34:27,945 [INFO] ThirdParty:967 - CMSIS Pack Vendor :STMicroelectronics X-CUBE-EEPRMA1 5.2.0
2026-09-18 10:34:27,945 [INFO] ThirdParty:967 - CMSIS Pack Vendor :STMicroelectronics X-CUBE-AZRTOS-WB 2.0.0
2026-09-18 10:34:27,945 [INFO] ThirdParty:967 - CMSIS Pack Vendor :STMicroelectronics X-CUBE-NFC12 1.0.0
2026-09-18 10:34:27,945 [INFO] ThirdParty:967 - CMSIS Pack Vendor :STMicroelectronics X-CUBE-AZRTOS-F7 1.1.0
2026-09-18 10:34:27,945 [INFO] ThirdParty:967 - CMSIS Pack Vendor :STMicroelectronics X-CUBE-AZRTOS-L5 2.0.0
2026-09-18 10:34:27,946 [INFO] ThirdParty:967 - CMSIS Pack Vendor :STMicroelectronics USB_DEVICE 2.0.0
2026-09-18 10:34:27,946 [INFO] ThirdParty:967 - CMSIS Pack Vendor :STMicroelectronics X-CUBE-STSE01 2.0.0
2026-09-18 10:34:27,946 [INFO] ThirdParty:967 - CMSIS Pack Vendor :STMicroelectronics X-CUBE-ALGOBUILD 1.5.0
2026-09-18 10:34:27,946 [INFO] ThirdParty:967 - CMSIS Pack Vendor :STMicroelectronics FreeRTOS 0.0.1
2026-09-18 10:34:27,946 [INFO] ThirdParty:967 - CMSIS Pack Vendor :STMicroelectronics X-CUBE-AZRTOS-H7RS 1.3.0
2026-09-18 10:34:27,946 [INFO] ThirdParty:967 - CMSIS Pack Vendor :STMicroelectronics X-CUBE-AZRTOS-G0 1.1.0
2026-09-18 10:34:27,946 [INFO] ThirdParty:967 - CMSIS Pack Vendor :STMicroelectronics X-CUBE-NFC4 3.0.0
2026-09-18 10:34:27,946 [INFO] ThirdParty:967 - CMSIS Pack Vendor :STMicroelectronics X-CUBE-SUBG2 5.0.0
2026-09-18 10:34:27,946 [INFO] ThirdParty:967 - CMSIS Pack Vendor :STMicroelectronics lwIP 2.0.3
2026-09-18 10:34:27,946 [INFO] ThirdParty:967 - CMSIS Pack Vendor :STMicroelectronics X-CUBE-MEMS1 13.0.0
2026-09-18 10:34:27,946 [INFO] ThirdParty:967 - CMSIS Pack Vendor :STMicroelectronics USB_HOST 1.0.0
2026-09-18 10:34:27,946 [INFO] ThirdParty:967 - CMSIS Pack Vendor :STMicroelectronics X-CUBE-AZRTOS-G4 2.0.0
2026-09-18 10:34:27,946 [INFO] ThirdParty:967 - CMSIS Pack Vendor :STMicroelectronics PDM2PCM 3.1.0
2026-09-18 10:34:27,946 [INFO] ThirdParty:967 - CMSIS Pack Vendor :STMicroelectronics PDM2PCM 3.3.0
2026-09-18 10:34:27,946 [INFO] ThirdParty:967 - CMSIS Pack Vendor :wolfSSL I-CUBE-wolfTPM 3.8.0
2026-09-18 10:34:27,946 [INFO] ThirdParty:967 - CMSIS Pack Vendor :wolfSSL I-CUBE-wolfSSH 1.4.20
2026-09-18 10:34:27,946 [INFO] ThirdParty:967 - CMSIS Pack Vendor :STMicroelectronics X-CUBE-NFC7 2.0.0
2026-09-18 10:34:27,946 [INFO] ThirdParty:967 - CMSIS Pack Vendor :STMicroelectronics X-CUBE-GNSS1 7.1.1
2026-09-18 10:34:27,946 [INFO] ThirdParty:967 - CMSIS Pack Vendor :STMicroelectronics FP-ATR-SIGFOX1 3.2.0
2026-09-18 10:34:27,946 [INFO] ThirdParty:967 - CMSIS Pack Vendor :STMicroelectronics X-CUBE-NFC10 1.0.0
2026-09-18 10:34:27,946 [INFO] ThirdParty:967 - CMSIS Pack Vendor :STMicroelectronics HAL Drivers 0.0.0
2026-09-18 10:34:27,946 [INFO] ThirdParty:967 - CMSIS Pack Vendor :STMicroelectronics MBEDTLS 2.16.2
2026-09-18 10:34:27,946 [INFO] ThirdParty:967 - CMSIS Pack Vendor :wolfSSL I-CUBE-wolfSSL 5.9.2
2026-09-18 10:34:27,946 [INFO] ThirdParty:967 - CMSIS Pack Vendor :STMicroelectronics MBEDTLS 2.14.1
2026-09-18 10:34:27,946 [INFO] ThirdParty:967 - CMSIS Pack Vendor :STMicroelectronics X-CUBE-TOUCHGFX 4.26.1
2026-09-18 10:34:27,946 [INFO] ThirdParty:967 - CMSIS Pack Vendor :STMicroelectronics X-CUBE-NFC6 3.2.0
2026-09-18 10:34:27,946 [INFO] ThirdParty:967 - CMSIS Pack Vendor :STMicroelectronics X-CUBE-AI 10.2.1
2026-09-18 10:34:27,947 [INFO] ThirdParty:967 - CMSIS Pack Vendor :STMicroelectronics X-CUBE-AZRTOS-WL 2.0.0
2026-09-18 10:34:27,947 [INFO] ThirdParty:967 - CMSIS Pack Vendor :SEGGER I-CUBE-embOS 1.3.1
2026-09-18 10:34:27,947 [INFO] ThirdParty:967 - CMSIS Pack Vendor :STMicroelectronics USB_DEVICE 1.0.0
2026-09-18 10:34:27,947 [INFO] ThirdParty:967 - CMSIS Pack Vendor :STMicroelectronics X-CUBE-AZRTOS-L4 2.0.0
2026-09-18 10:34:27,947 [INFO] ThirdParty:967 - CMSIS Pack Vendor :STMicroelectronics ThreadX 0.0.2
2026-09-18 10:34:27,947 [INFO] ThirdParty:967 - CMSIS Pack Vendor :STMicroelectronics lwIP 2.1.2
2026-09-18 10:34:27,947 [INFO] ThirdParty:967 - CMSIS Pack Vendor :STMicroelectronics X-CUBE-SFXS2LP1 4.0.0
2026-09-18 10:34:27,947 [INFO] ThirdParty:967 - CMSIS Pack Vendor :STMicroelectronics X-CUBE-BLE2 3.3.0
2026-09-18 10:34:27,947 [INFO] ThirdParty:967 - CMSIS Pack Vendor :STMicroelectronics X-CUBE-NFC13 1.0.0
2026-09-18 10:34:27,947 [INFO] ThirdParty:967 - CMSIS Pack Vendor :STMicroelectronics PDM2PCM 3.2.0
2026-09-18 10:34:27,947 [INFO] ThirdParty:967 - CMSIS Pack Vendor :STMicroelectronics X-CUBE-WB05N 2.1.0
2026-09-18 10:34:27,947 [INFO] ThirdParty:787 - exiting critical section [change project]
2026-09-18 10:34:28,194 [INFO] PinOutPanel:1463 - setPackage(No Configuration,No Configuration)
2026-09-18 10:34:28,196 [INFO] PinOutPanel:1463 - setPackage(STM32F103C6Ux,UFQFPN48)
2026-09-18 10:34:28,712 [INFO] UtilMem:74 - Before build in PCC Used Memory: 988595824 Bytes (1073741824)
2026-09-18 10:34:28,826 [ERROR] LogOutputStream:74 - [STDERR_REDIRECT] [Fatal Error] :1:1: Premature end of file.
2026-09-18 10:34:28,826 [ERROR] LogOutputStream:74 - [STDERR_REDIRECT] 
2026-09-18 10:34:29,572 [INFO] UtilMem:74 - After build in PCC Used Memory: 979220192 Bytes (1073741824)
2026-09-18 10:34:29,602 [INFO] IPUIPlugin:74 - create IPUIPlugin
2026-09-18 10:34:29,602 [INFO] IPUIPlugin:74 - create IPUIPlugin
2026-09-18 10:34:29,602 [INFO] IPUIPlugin:74 - create IPUIPlugin
2026-09-18 10:34:29,603 [INFO] IPUIPlugin:74 - create IPUIPlugin
2026-09-18 10:34:29,603 [INFO] IPUIPlugin:74 - create IPUIPlugin
2026-09-18 10:34:29,603 [INFO] IPUIPlugin:74 - create IPUIPlugin
2026-09-18 10:34:29,603 [INFO] IPUIPlugin:74 - create IPUIPlugin
2026-09-18 10:34:29,603 [INFO] IPUIPlugin:74 - create IPUIPlugin
2026-09-18 10:34:29,603 [INFO] IPUIPlugin:74 - create IPUIPlugin
2026-09-18 10:34:29,603 [INFO] IPUIPlugin:74 - create IPUIPlugin
2026-09-18 10:34:29,604 [INFO] IPUIPlugin:74 - create IPUIPlugin
2026-09-18 10:34:29,604 [INFO] IPUIPlugin:74 - create IPUIPlugin
2026-09-18 10:34:29,604 [INFO] IPUIPlugin:74 - create IPUIPlugin
2026-09-18 10:34:29,604 [INFO] IPUIPlugin:74 - create IPUIPlugin
2026-09-18 10:34:29,605 [INFO] IPUIPlugin:74 - create IPUIPlugin
2026-09-18 10:34:29,605 [INFO] IPUIPlugin:74 - create IPUIPlugin
2026-09-18 10:34:29,605 [INFO] IPUIPlugin:74 - create IPUIPlugin
2026-09-18 10:34:29,605 [INFO] IPUIPlugin:74 - create IPUIPlugin
2026-09-18 10:34:29,606 [INFO] IPUIPlugin:74 - create IPUIPlugin
2026-09-18 10:34:29,606 [INFO] IPUIPlugin:74 - create IPUIPlugin
2026-09-18 10:34:29,606 [INFO] IPUIPlugin:74 - create IPUIPlugin
2026-09-18 10:34:29,607 [INFO] IPUIPlugin:74 - create IPUIPlugin
2026-09-18 10:34:29,607 [INFO] IPUIPlugin:74 - create IPUIPlugin
2026-09-18 10:34:29,805 [INFO] OpenFileManager:333 - Restore cursor
2026-09-18 10:34:29,830 [ERROR] LogOutputStream:74 - [STDERR_REDIRECT] [Fatal Error] :1:1: Premature end of file.
2026-09-18 10:34:29,830 [ERROR] LogOutputStream:74 - [STDERR_REDIRECT] 
2026-09-18 10:34:30,275 [INFO] UtilMem:74 - End SaveConfig() Used Memory: 998915864 Bytes (1073741824)
2026-09-18 10:34:30,327 [INFO] UtilMem:74 - End SaveConfig() Used Memory: 1011810240 Bytes (1073741824)
2026-09-18 10:34:30,718 [INFO] BlockDiagram:2740 - set Specific Code input for plugin: NVIC
2026-09-18 10:34:30,718 [INFO] BlockDiagram:2740 - set Specific Code input for plugin: SYS
2026-09-18 10:34:30,718 [INFO] BlockDiagram:2740 - set Specific Code input for plugin: RCC
2026-09-18 10:34:30,721 [INFO] CodeGenerator:663 - code generatio: config db path: C:\ST\STM32CubeIDE_1.7.0\STM32CubeIDE\plugins\com.st.stm32cube.common.mx_6.3.0.202107141111\\db\
2026-09-18 10:34:30,843 [ERROR] LogOutputStream:74 - [STDERR_REDIRECT] [Fatal Error] :1:1: Premature end of file.
2026-09-18 10:34:30,843 [ERROR] LogOutputStream:74 - [STDERR_REDIRECT] 
2026-09-18 10:34:31,392 [INFO] CodeEngine:239 - oldGeneratedFile, D:\261\Microprocessors_Microcontrollers\lab\introduction\LED Blinking with GPIO\MXTmpFiles\license.tmp_save
2026-09-18 10:34:31,814 [ERROR] LogOutputStream:74 - [STDERR_REDIRECT] [Fatal Error] :1:1: Premature end of file.
2026-09-18 10:34:31,814 [ERROR] LogOutputStream:74 - [STDERR_REDIRECT] 
2026-09-18 10:34:31,862 [INFO] CodeEngine:257 - Generated code: D:\261\Microprocessors_Microcontrollers\lab\introduction\LED Blinking with GPIO\MXTmpFiles\license.tmp
2026-09-18 10:34:32,046 [INFO] CodeEngine:239 - oldGeneratedFile, D:\261\Microprocessors_Microcontrollers\lab\introduction\LED Blinking with GPIO\Core\Src\stm32f1xx_it.c_save
2026-09-18 10:34:32,209 [INFO] CodeEngine:257 - Generated code: D:\261\Microprocessors_Microcontrollers\lab\introduction\LED Blinking with GPIO\Core\Src\stm32f1xx_it.c
2026-09-18 10:34:32,222 [INFO] CodeEngine:239 - oldGeneratedFile, D:\261\Microprocessors_Microcontrollers\lab\introduction\LED Blinking with GPIO\Core\Inc\stm32f1xx_it.h_save
2026-09-18 10:34:32,321 [INFO] CodeEngine:257 - Generated code: D:\261\Microprocessors_Microcontrollers\lab\introduction\LED Blinking with GPIO\Core\Inc\stm32f1xx_it.h
2026-09-18 10:34:32,354 [INFO] CodeEngine:239 - oldGeneratedFile, D:\261\Microprocessors_Microcontrollers\lab\introduction\LED Blinking with GPIO\Core\Src\stm32f1xx_hal_msp.c_save
2026-09-18 10:34:32,563 [INFO] CodeEngine:257 - Generated code: D:\261\Microprocessors_Microcontrollers\lab\introduction\LED Blinking with GPIO\Core\Src\stm32f1xx_hal_msp.c
2026-09-18 10:34:32,581 [INFO] CodeEngine:239 - oldGeneratedFile, D:\261\Microprocessors_Microcontrollers\lab\introduction\LED Blinking with GPIO\MXTmpFiles\system.tmp_save
2026-09-18 10:34:32,681 [INFO] CodeEngine:257 - Generated code: D:\261\Microprocessors_Microcontrollers\lab\introduction\LED Blinking with GPIO\MXTmpFiles\system.tmp
2026-09-18 10:34:32,708 [INFO] CodeEngine:239 - oldGeneratedFile, D:\261\Microprocessors_Microcontrollers\lab\introduction\LED Blinking with GPIO\Core\Inc\stm32f1xx_hal_conf.h_save
2026-09-18 10:34:32,834 [ERROR] LogOutputStream:74 - [STDERR_REDIRECT] [Fatal Error] :1:1: Premature end of file.
2026-09-18 10:34:32,835 [ERROR] LogOutputStream:74 - [STDERR_REDIRECT] 
2026-09-18 10:34:32,853 [INFO] CodeEngine:257 - Generated code: D:\261\Microprocessors_Microcontrollers\lab\introduction\LED Blinking with GPIO\Core\Inc\stm32f1xx_hal_conf.h
2026-09-18 10:34:32,935 [INFO] CodeEngine:239 - oldGeneratedFile, D:\261\Microprocessors_Microcontrollers\lab\introduction\LED Blinking with GPIO\Core\Inc\main.h_save
2026-09-18 10:34:33,093 [INFO] CodeEngine:257 - Generated code: D:\261\Microprocessors_Microcontrollers\lab\introduction\LED Blinking with GPIO\Core\Inc\main.h
2026-09-18 10:34:33,114 [INFO] CodeEngine:239 - oldGeneratedFile, D:\261\Microprocessors_Microcontrollers\lab\introduction\LED Blinking with GPIO\Core\Src\main.c_save
2026-09-18 10:34:33,250 [INFO] CodeEngine:257 - Generated code: D:\261\Microprocessors_Microcontrollers\lab\introduction\LED Blinking with GPIO\Core\Src\main.c
2026-09-18 10:34:34,012 [ERROR] LogOutputStream:74 - [STDERR_REDIRECT] [Fatal Error] :1:1: Premature end of file.
2026-09-18 10:34:34,013 [ERROR] LogOutputStream:74 - [STDERR_REDIRECT] 
2026-09-18 10:34:34,451 [INFO] ProjectBuilder:2578 - Time for Copy HAL[1] : 135mS.
2026-09-18 10:34:34,460 [INFO] ProjectBuilder:3622 - Project Generator version: 3.14.1
2026-09-18 10:34:34,905 [ERROR] LogOutputStream:74 - [STDERR_REDIRECT] [Fatal Error] :1:1: Premature end of file.
2026-09-18 10:34:34,905 [ERROR] LogOutputStream:74 - [STDERR_REDIRECT] 
2026-09-18 10:34:35,409 [INFO] ConfigFileManager:1271 - The Die is : DIE412
2026-09-18 10:34:35,441 [INFO] ApiDbMcu:468 - Load IP Config File for FATFS
2026-09-18 10:34:35,488 [INFO] ApiDbMcu:468 - Load IP Config File for FREERTOS
2026-09-18 10:34:35,538 [INFO] ApiDbMcu:468 - Load IP Config File for USB_DEVICE
2026-09-18 10:34:35,819 [ERROR] LogOutputStream:74 - [STDERR_REDIRECT] [Fatal Error] :1:1: Premature end of file.
2026-09-18 10:34:35,819 [ERROR] LogOutputStream:74 - [STDERR_REDIRECT] 
2026-09-18 10:34:36,917 [ERROR] LogOutputStream:74 - [STDERR_REDIRECT] [Fatal Error] :1:1: Premature end of file.
2026-09-18 10:34:36,918 [ERROR] LogOutputStream:74 - [STDERR_REDIRECT] 
2026-09-18 10:34:37,842 [ERROR] LogOutputStream:74 - [STDERR_REDIRECT] [Fatal Error] :1:1: Premature end of file.
2026-09-18 10:34:37,843 [ERROR] LogOutputStream:74 - [STDERR_REDIRECT] 
2026-09-18 10:34:38,828 [ERROR] LogOutputStream:74 - [STDERR_REDIRECT] [Fatal Error] :1:1: Premature end of file.
2026-09-18 10:34:38,828 [ERROR] LogOutputStream:74 - [STDERR_REDIRECT] 
2026-09-18 10:34:39,818 [ERROR] LogOutputStream:74 - [STDERR_REDIRECT] [Fatal Error] :1:1: Premature end of file.
2026-09-18 10:34:39,819 [ERROR] LogOutputStream:74 - [STDERR_REDIRECT] 
2026-09-18 10:34:40,821 [ERROR] LogOutputStream:74 - [STDERR_REDIRECT] [Fatal Error] :1:1: Premature end of file.
2026-09-18 10:34:40,822 [ERROR] LogOutputStream:74 - [STDERR_REDIRECT] 
2026-09-18 10:34:41,807 [ERROR] LogOutputStream:74 - [STDERR_REDIRECT] [Fatal Error] :1:1: Premature end of file.
2026-09-18 10:34:41,807 [ERROR] LogOutputStream:74 - [STDERR_REDIRECT] 
2026-09-18 10:34:42,819 [ERROR] LogOutputStream:74 - [STDERR_REDIRECT] [Fatal Error] :1:1: Premature end of file.
2026-09-18 10:34:42,819 [ERROR] LogOutputStream:74 - [STDERR_REDIRECT] 
2026-09-18 10:34:43,828 [ERROR] LogOutputStream:74 - [STDERR_REDIRECT] [Fatal Error] :1:1: Premature end of file.
2026-09-18 10:34:43,829 [ERROR] LogOutputStream:74 - [STDERR_REDIRECT] 
2026-09-18 10:34:44,823 [ERROR] LogOutputStream:74 - [STDERR_REDIRECT] [Fatal Error] :1:1: Premature end of file.
2026-09-18 10:34:44,823 [ERROR] LogOutputStream:74 - [STDERR_REDIRECT] 
2026-09-18 10:34:45,824 [ERROR] LogOutputStream:74 - [STDERR_REDIRECT] [Fatal Error] :1:1: Premature end of file.
2026-09-18 10:34:45,825 [ERROR] LogOutputStream:74 - [STDERR_REDIRECT] 
2026-09-18 10:34:45,892 [INFO] ProjectBuilder:3789 - Time for Generating toolchain IDE Files: 11432mS.
2026-09-18 10:34:45,893 [INFO] ProjectBuilder:2457 - Time for Copy CMSIS : 0mS.
2026-09-18 10:34:45,895 [INFO] ProjectBuilder:2457 - Time for Copy CMSIS : 0mS.
2026-09-18 10:34:46,816 [ERROR] LogOutputStream:74 - [STDERR_REDIRECT] [Fatal Error] :1:1: Premature end of file.
2026-09-18 10:34:46,817 [ERROR] LogOutputStream:74 - [STDERR_REDIRECT] 
2026-09-18 10:34:47,158 [INFO] McuFinderGlobals:52 - Set McuFinderConnectedMode to true
2026-09-18 10:34:47,161 [INFO] ApiDb:276 - Save user favorites file C:\Users\Luan/.stm32cubeide/favorites.mcus.txt: 0 item(s)
2026-09-18 10:34:47,161 [INFO] ApiDb:280 - User favorites MCUs=[]
2026-09-18 10:34:47,826 [ERROR] LogOutputStream:74 - [STDERR_REDIRECT] [Fatal Error] :1:1: Premature end of file.
2026-09-18 10:34:47,827 [ERROR] LogOutputStream:74 - [STDERR_REDIRECT] 
2026-09-18 10:34:48,822 [ERROR] LogOutputStream:74 - [STDERR_REDIRECT] [Fatal Error] :1:1: Premature end of file.
2026-09-18 10:34:48,823 [ERROR] LogOutputStream:74 - [STDERR_REDIRECT] 
2026-09-18 10:34:49,815 [ERROR] LogOutputStream:74 - [STDERR_REDIRECT] [Fatal Error] :1:1: Premature end of file.
2026-09-18 10:34:49,815 [ERROR] LogOutputStream:74 - [STDERR_REDIRECT] 
2026-09-18 10:34:50,822 [ERROR] LogOutputStream:74 - [STDERR_REDIRECT] [Fatal Error] :1:1: Premature end of file.
2026-09-18 10:34:50,823 [ERROR] LogOutputStream:74 - [STDERR_REDIRECT] 
2026-09-18 10:34:51,821 [ERROR] LogOutputStream:74 - [STDERR_REDIRECT] [Fatal Error] :1:1: Premature end of file.
2026-09-18 10:34:51,822 [ERROR] LogOutputStream:74 - [STDERR_REDIRECT] 
2026-09-18 10:34:52,817 [ERROR] LogOutputStream:74 - [STDERR_REDIRECT] [Fatal Error] :1:1: Premature end of file.
2026-09-18 10:34:52,818 [ERROR] LogOutputStream:74 - [STDERR_REDIRECT] 
2026-09-18 10:34:53,818 [ERROR] LogOutputStream:74 - [STDERR_REDIRECT] [Fatal Error] :1:1: Premature end of file.
2026-09-18 10:34:53,819 [ERROR] LogOutputStream:74 - [STDERR_REDIRECT] 
2026-09-18 10:34:54,810 [ERROR] LogOutputStream:74 - [STDERR_REDIRECT] [Fatal Error] :1:1: Premature end of file.
2026-09-18 10:34:54,810 [ERROR] LogOutputStream:74 - [STDERR_REDIRECT] 
2026-09-18 10:34:55,808 [ERROR] LogOutputStream:74 - [STDERR_REDIRECT] [Fatal Error] :1:1: Premature end of file.
2026-09-18 10:34:55,809 [ERROR] LogOutputStream:74 - [STDERR_REDIRECT] 
2026-09-18 10:34:56,814 [ERROR] LogOutputStream:74 - [STDERR_REDIRECT] [Fatal Error] :1:1: Premature end of file.
2026-09-18 10:34:56,814 [ERROR] LogOutputStream:74 - [STDERR_REDIRECT] 
2026-09-18 10:34:57,819 [ERROR] LogOutputStream:74 - [STDERR_REDIRECT] [Fatal Error] :1:1: Premature end of file.
2026-09-18 10:34:57,820 [ERROR] LogOutputStream:74 - [STDERR_REDIRECT] 
2026-09-18 10:34:58,837 [ERROR] LogOutputStream:74 - [STDERR_REDIRECT] [Fatal Error] :1:1: Premature end of file.
2026-09-18 10:34:58,837 [ERROR] LogOutputStream:74 - [STDERR_REDIRECT] 
2026-09-18 10:34:59,812 [ERROR] LogOutputStream:74 - [STDERR_REDIRECT] [Fatal Error] :1:1: Premature end of file.
2026-09-18 10:34:59,812 [ERROR] LogOutputStream:74 - [STDERR_REDIRECT] 
2026-09-18 10:35:00,810 [ERROR] LogOutputStream:74 - [STDERR_REDIRECT] [Fatal Error] :1:1: Premature end of file.
2026-09-18 10:35:00,811 [ERROR] LogOutputStream:74 - [STDERR_REDIRECT] 
2026-09-18 10:35:01,812 [ERROR] LogOutputStream:74 - [STDERR_REDIRECT] [Fatal Error] :1:1: Premature end of file.
2026-09-18 10:35:01,812 [ERROR] LogOutputStream:74 - [STDERR_REDIRECT] 
2026-09-18 10:35:02,820 [ERROR] LogOutputStream:74 - [STDERR_REDIRECT] [Fatal Error] :1:1: Premature end of file.
2026-09-18 10:35:02,820 [ERROR] LogOutputStream:74 - [STDERR_REDIRECT] 
2026-09-18 10:35:03,849 [ERROR] LogOutputStream:74 - [STDERR_REDIRECT] [Fatal Error] :1:1: Premature end of file.
2026-09-18 10:35:03,849 [ERROR] LogOutputStream:74 - [STDERR_REDIRECT] 
2026-09-18 10:35:04,818 [ERROR] LogOutputStream:74 - [STDERR_REDIRECT] [Fatal Error] :1:1: Premature end of file.
2026-09-18 10:35:04,818 [ERROR] LogOutputStream:74 - [STDERR_REDIRECT] 
2026-09-18 10:35:05,814 [ERROR] LogOutputStream:74 - [STDERR_REDIRECT] [Fatal Error] :1:1: Premature end of file.
2026-09-18 10:35:05,814 [ERROR] LogOutputStream:74 - [STDERR_REDIRECT] 
2026-09-18 10:35:06,802 [ERROR] LogOutputStream:74 - [STDERR_REDIRECT] [Fatal Error] :1:1: Premature end of file.
2026-09-18 10:35:06,802 [ERROR] LogOutputStream:74 - [STDERR_REDIRECT] 
2026-09-18 10:35:07,760 [INFO] MainUpdater:2671 - connection check result : 10
2026-09-18 10:35:07,761 [INFO] McuFinderGlobals:52 - Set McuFinderConnectedMode to true
2026-09-18 10:35:07,831 [ERROR] LogOutputStream:74 - [STDERR_REDIRECT] [Fatal Error] :1:1: Premature end of file.
2026-09-18 10:35:07,832 [ERROR] LogOutputStream:74 - [STDERR_REDIRECT] 
2026-09-18 10:35:07,937 [INFO] McuFinderGlobals:52 - Set McuFinderConnectedMode to false
2026-09-18 10:35:07,952 [INFO] CrossSelectorPresenter:1330 - Cross Selector saved comparison directory: C:\Users\Luan\.stmcufinder\plugins\mcufinder\mcu\cs_comparisons_mx
2026-09-18 10:35:07,953 [INFO] MultiScanPanel:197 - Auto-refresh data requested => check proxy status ongoing
2026-09-18 10:35:07,954 [INFO] MultiScanPanel:201 - Proxy status is invalid
2026-09-18 10:35:07,954 [INFO] FinderPluginLoader:87 - Searching for filters in installed packs
2026-09-18 10:35:07,975 [INFO] ServerAccessManage:362 - Download File mcusAds.json._tmp_
2026-09-18 10:35:08,834 [ERROR] LogOutputStream:74 - [STDERR_REDIRECT] [Fatal Error] :1:1: Premature end of file.
2026-09-18 10:35:08,834 [ERROR] LogOutputStream:74 - [STDERR_REDIRECT] 
2026-09-18 10:35:09,744 [INFO] LoadUrlFilesThread:145 - End of LoadUrlFiles Thread
2026-09-18 10:35:09,840 [ERROR] LogOutputStream:74 - [STDERR_REDIRECT] [Fatal Error] :1:1: Premature end of file.
2026-09-18 10:35:09,841 [ERROR] LogOutputStream:74 - [STDERR_REDIRECT] 
2026-09-18 10:35:10,088 [WARN] DetailPanel:314 - Failed to get advertising image, set to default
2026-09-18 10:35:10,828 [ERROR] LogOutputStream:74 - [STDERR_REDIRECT] [Fatal Error] :1:1: Premature end of file.
2026-09-18 10:35:10,828 [ERROR] LogOutputStream:74 - [STDERR_REDIRECT] 
2026-09-18 10:35:11,812 [ERROR] LogOutputStream:74 - [STDERR_REDIRECT] [Fatal Error] :1:1: Premature end of file.
2026-09-18 10:35:11,813 [ERROR] LogOutputStream:74 - [STDERR_REDIRECT] 
2026-09-18 10:35:12,828 [ERROR] LogOutputStream:74 - [STDERR_REDIRECT] [Fatal Error] :1:1: Premature end of file.
2026-09-18 10:35:12,828 [ERROR] LogOutputStream:74 - [STDERR_REDIRECT] 
2026-09-18 10:35:13,850 [ERROR] LogOutputStream:74 - [STDERR_REDIRECT] [Fatal Error] :1:1: Premature end of file.
2026-09-18 10:35:13,850 [ERROR] LogOutputStream:74 - [STDERR_REDIRECT] 
2026-09-18 10:35:14,816 [ERROR] LogOutputStream:74 - [STDERR_REDIRECT] [Fatal Error] :1:1: Premature end of file.
2026-09-18 10:35:14,816 [ERROR] LogOutputStream:74 - [STDERR_REDIRECT] 
2026-09-18 10:35:15,825 [ERROR] LogOutputStream:74 - [STDERR_REDIRECT] [Fatal Error] :1:1: Premature end of file.
2026-09-18 10:35:15,825 [ERROR] LogOutputStream:74 - [STDERR_REDIRECT] 
2026-09-18 10:35:16,821 [ERROR] LogOutputStream:74 - [STDERR_REDIRECT] [Fatal Error] :1:1: Premature end of file.
2026-09-18 10:35:16,821 [ERROR] LogOutputStream:74 - [STDERR_REDIRECT] 
2026-09-18 10:35:17,815 [ERROR] LogOutputStream:74 - [STDERR_REDIRECT] [Fatal Error] :1:1: Premature end of file.
2026-09-18 10:35:17,815 [ERROR] LogOutputStream:74 - [STDERR_REDIRECT] 
2026-09-18 10:35:18,818 [ERROR] LogOutputStream:74 - [STDERR_REDIRECT] [Fatal Error] :1:1: Premature end of file.
2026-09-18 10:35:18,818 [ERROR] LogOutputStream:74 - [STDERR_REDIRECT] 
2026-09-18 10:35:19,810 [ERROR] LogOutputStream:74 - [STDERR_REDIRECT] [Fatal Error] :1:1: Premature end of file.
2026-09-18 10:35:19,811 [ERROR] LogOutputStream:74 - [STDERR_REDIRECT] 
2026-09-18 10:35:20,811 [ERROR] LogOutputStream:74 - [STDERR_REDIRECT] [Fatal Error] :1:1: Premature end of file.
2026-09-18 10:35:20,811 [ERROR] LogOutputStream:74 - [STDERR_REDIRECT] 
2026-09-18 10:35:21,826 [ERROR] LogOutputStream:74 - [STDERR_REDIRECT] [Fatal Error] :1:1: Premature end of file.
2026-09-18 10:35:21,826 [ERROR] LogOutputStream:74 - [STDERR_REDIRECT] 
2026-09-18 10:35:22,826 [ERROR] LogOutputStream:74 - [STDERR_REDIRECT] [Fatal Error] :1:1: Premature end of file.
2026-09-18 10:35:22,827 [ERROR] LogOutputStream:74 - [STDERR_REDIRECT] 
2026-09-18 10:35:23,844 [ERROR] LogOutputStream:74 - [STDERR_REDIRECT] [Fatal Error] :1:1: Premature end of file.
2026-09-18 10:35:23,845 [ERROR] LogOutputStream:74 - [STDERR_REDIRECT] 
2026-09-18 10:35:24,815 [ERROR] LogOutputStream:74 - [STDERR_REDIRECT] [Fatal Error] :1:1: Premature end of file.
2026-09-18 10:35:24,815 [ERROR] LogOutputStream:74 - [STDERR_REDIRECT] 
2026-09-18 10:35:25,809 [ERROR] LogOutputStream:74 - [STDERR_REDIRECT] [Fatal Error] :1:1: Premature end of file.
2026-09-18 10:35:25,810 [ERROR] LogOutputStream:74 - [STDERR_REDIRECT] 
2026-09-18 10:35:26,813 [ERROR] LogOutputStream:74 - [STDERR_REDIRECT] [Fatal Error] :1:1: Premature end of file.
2026-09-18 10:35:26,814 [ERROR] LogOutputStream:74 - [STDERR_REDIRECT] 
2026-09-18 10:35:27,844 [ERROR] LogOutputStream:74 - [STDERR_REDIRECT] [Fatal Error] :1:1: Premature end of file.
2026-09-18 10:35:27,844 [ERROR] LogOutputStream:74 - [STDERR_REDIRECT] 
2026-09-18 10:35:28,821 [ERROR] LogOutputStream:74 - [STDERR_REDIRECT] [Fatal Error] :1:1: Premature end of file.
2026-09-18 10:35:28,822 [ERROR] LogOutputStream:74 - [STDERR_REDIRECT] 
2026-09-18 10:35:29,813 [ERROR] LogOutputStream:74 - [STDERR_REDIRECT] [Fatal Error] :1:1: Premature end of file.
2026-09-18 10:35:29,814 [ERROR] LogOutputStream:74 - [STDERR_REDIRECT] 
2026-09-18 10:35:30,767 [ERROR] ServerAccessManage:1016 - HTTP unexpected response (522) for https://stmcufinder.com/API/getFiles.php?
2026-09-18 10:35:30,768 [ERROR] ServerAccessManage:531 - Error during Access to HTTP Server. : mcusDocs.json._tmp_.
2026-09-18 10:35:30,831 [ERROR] LogOutputStream:74 - [STDERR_REDIRECT] [Fatal Error] :1:1: Premature end of file.
2026-09-18 10:35:30,831 [ERROR] LogOutputStream:74 - [STDERR_REDIRECT] 
2026-09-18 10:35:31,814 [ERROR] LogOutputStream:74 - [STDERR_REDIRECT] [Fatal Error] :1:1: Premature end of file.
2026-09-18 10:35:31,814 [ERROR] LogOutputStream:74 - [STDERR_REDIRECT] 
2026-09-18 10:35:32,824 [ERROR] LogOutputStream:74 - [STDERR_REDIRECT] [Fatal Error] :1:1: Premature end of file.
2026-09-18 10:35:32,825 [ERROR] LogOutputStream:74 - [STDERR_REDIRECT] 
2026-09-18 10:35:33,355 [INFO] LoadUrlFilesThread:145 - End of LoadUrlFiles Thread
2026-09-18 10:35:33,821 [ERROR] LogOutputStream:74 - [STDERR_REDIRECT] [Fatal Error] :1:1: Premature end of file.
2026-09-18 10:35:33,821 [ERROR] LogOutputStream:74 - [STDERR_REDIRECT] 
2026-09-18 10:35:34,711 [INFO] DbMcusAds:47 - JSON generation date=Wed Jul 15 16:44:54 ICT 2026 (1784108694001)
2026-09-18 10:35:34,732 [INFO] DbMcusDocs:143 - JSON generation date=Mon Jun 07 15:53:21 ICT 2021 (1623056001)
2026-09-18 10:35:34,820 [ERROR] LogOutputStream:74 - [STDERR_REDIRECT] [Fatal Error] :1:1: Premature end of file.
2026-09-18 10:35:34,820 [ERROR] LogOutputStream:74 - [STDERR_REDIRECT] 
2026-09-18 10:35:35,109 [INFO] DbMcusDocs:79 - Found 669 MCUs documents
2026-09-18 10:35:35,110 [INFO] ApiDb:276 - Save user favorites file C:\Users\Luan/.stm32cubeide/favorites.mcus.txt: 0 item(s)
2026-09-18 10:35:35,111 [INFO] ApiDb:280 - User favorites MCUs=[]
2026-09-18 10:35:35,111 [INFO] DbMcusXml:100 - Load MCU database from C:\ST\STM32CubeIDE_1.7.0\STM32CubeIDE\plugins\com.st.stm32cube.common.mx_6.3.0.202107141111\\db\/mcu/families.xml
2026-09-18 10:35:35,931 [ERROR] LogOutputStream:74 - [STDERR_REDIRECT] [Fatal Error] :1:1: Premature end of file.
2026-09-18 10:35:35,931 [ERROR] LogOutputStream:74 - [STDERR_REDIRECT] 
2026-09-18 10:35:36,847 [ERROR] LogOutputStream:74 - [STDERR_REDIRECT] Exception in thread "AWT-EventQueue-0" java.lang.OutOfMemoryError: Java heap space
2026-09-18 10:35:36,849 [ERROR] LogOutputStream:74 - [STDERR_REDIRECT] 	at java.base/java.lang.StringUTF16.newBytesFor(StringUTF16.java:52)
2026-09-18 10:35:36,850 [ERROR] LogOutputStream:74 - [STDERR_REDIRECT] 	at java.base/java.lang.AbstractStringBuilder.inflate(AbstractStringBuilder.java:228)
2026-09-18 10:35:36,851 [ERROR] LogOutputStream:74 - [STDERR_REDIRECT] 	at java.base/java.lang.AbstractStringBuilder.appendChars(AbstractStringBuilder.java:1680)
2026-09-18 10:35:36,852 [ERROR] LogOutputStream:74 - [STDERR_REDIRECT] 	at java.base/java.lang.AbstractStringBuilder.append(AbstractStringBuilder.java:687)
2026-09-18 10:35:36,853 [ERROR] LogOutputStream:74 - [STDERR_REDIRECT] 	at java.base/java.lang.StringBuilder.append(StringBuilder.java:228)
2026-09-18 10:35:36,854 [ERROR] LogOutputStream:74 - [STDERR_REDIRECT] 	at java.base/java.io.BufferedReader.readLine(BufferedReader.java:372)
2026-09-18 10:35:36,855 [ERROR] LogOutputStream:74 - [STDERR_REDIRECT] 	at java.base/java.io.BufferedReader.readLine(BufferedReader.java:392)
2026-09-18 10:35:36,856 [ERROR] LogOutputStream:74 - [STDERR_REDIRECT] 	at com.st.microxplorer.mcufinder.db.DbUtils.getJsonFromFile(DbUtils.java:102)
2026-09-18 10:35:36,857 [ERROR] LogOutputStream:74 - [STDERR_REDIRECT] 	at com.st.microxplorer.mcufinder.db.DbMcusJson.loadJsonArrayFromFile(DbMcusJson.java:87)
2026-09-18 10:35:36,858 [ERROR] LogOutputStream:74 - [STDERR_REDIRECT] 	at com.st.microxplorer.mcufinder.db.DbMcusJson.<init>(DbMcusJson.java:51)
2026-09-18 10:35:36,859 [ERROR] LogOutputStream:74 - [STDERR_REDIRECT] 	at com.st.microxplorer.mcufinder.db.DbMcus.getDbManager(DbMcus.java:101)
2026-09-18 10:35:36,860 [ERROR] LogOutputStream:74 - [STDERR_REDIRECT] 	at com.st.microxplorer.mcufinder.db.DbMcus.resetDbManager(DbMcus.java:216)
2026-09-18 10:35:36,861 [ERROR] LogOutputStream:74 - [STDERR_REDIRECT] 	at com.st.microxplorer.mcufinder.gui.WebUtils.downloadDbFiles(WebUtils.java:876)
2026-09-18 10:35:36,862 [ERROR] LogOutputStream:74 - [STDERR_REDIRECT] 	at com.st.stm32cube.common.mx.targetselector.TargetSelectorAdapter$4.run(TargetSelectorAdapter.java:222)
2026-09-18 10:35:36,864 [ERROR] LogOutputStream:74 - [STDERR_REDIRECT] 	at com.st.stm32cube.common.mx.oss.core.awtswtbridge.AwtEnvironment$2.run(AwtEnvironment.java:166)
2026-09-18 10:35:36,865 [ERROR] LogOutputStream:74 - [STDERR_REDIRECT] 	at java.desktop/java.awt.event.InvocationEvent.dispatch(InvocationEvent.java:313)
2026-09-18 10:35:36,866 [ERROR] LogOutputStream:74 - [STDERR_REDIRECT] 	at java.desktop/java.awt.EventQueue.dispatchEventImpl(EventQueue.java:770)
2026-09-18 10:35:36,867 [ERROR] LogOutputStream:74 - [STDERR_REDIRECT] 	at java.desktop/java.awt.EventQueue$4.run(EventQueue.java:721)
2026-09-18 10:35:36,868 [ERROR] LogOutputStream:74 - [STDERR_REDIRECT] 	at java.desktop/java.awt.EventQueue$4.run(EventQueue.java:715)
2026-09-18 10:35:36,869 [ERROR] LogOutputStream:74 - [STDERR_REDIRECT] 	at java.base/java.security.AccessController.doPrivileged(Native Method)
2026-09-18 10:35:36,870 [ERROR] LogOutputStream:74 - [STDERR_REDIRECT] 	at java.base/java.security.ProtectionDomain$JavaSecurityAccessImpl.doIntersectionPrivilege(ProtectionDomain.java:85)
2026-09-18 10:35:36,871 [ERROR] LogOutputStream:74 - [STDERR_REDIRECT] 	at java.desktop/java.awt.EventQueue.dispatchEvent(EventQueue.java:740)
2026-09-18 10:35:36,873 [ERROR] LogOutputStream:74 - [STDERR_REDIRECT] 	at java.desktop/java.awt.EventDispatchThread.pumpOneEventForFilters(EventDispatchThread.java:203)
2026-09-18 10:35:36,874 [ERROR] LogOutputStream:74 - [STDERR_REDIRECT] 	at java.desktop/java.awt.EventDispatchThread.pumpEventsForFilter(EventDispatchThread.java:124)
2026-09-18 10:35:36,875 [ERROR] LogOutputStream:74 - [STDERR_REDIRECT] 	at java.desktop/java.awt.EventDispatchThread.pumpEventsForHierarchy(EventDispatchThread.java:113)
2026-09-18 10:35:36,876 [ERROR] LogOutputStream:74 - [STDERR_REDIRECT] 	at java.desktop/java.awt.EventDispatchThread.pumpEvents(EventDispatchThread.java:109)
2026-09-18 10:35:36,878 [ERROR] LogOutputStream:74 - [STDERR_REDIRECT] 	at java.desktop/java.awt.EventDispatchThread.pumpEvents(EventDispatchThread.java:101)
2026-09-18 10:35:36,879 [ERROR] LogOutputStream:74 - [STDERR_REDIRECT] 	at java.desktop/java.awt.EventDispatchThread.run(EventDispatchThread.java:90)
2026-09-18 10:35:36,894 [ERROR] LogOutputStream:74 - [STDERR_REDIRECT] [Fatal Error] :1:1: Premature end of file.
2026-09-18 10:35:36,894 [ERROR] LogOutputStream:74 - [STDERR_REDIRECT] 
2026-09-18 10:35:37,824 [ERROR] LogOutputStream:74 - [STDERR_REDIRECT] [Fatal Error] :1:1: Premature end of file.
2026-09-18 10:35:37,825 [ERROR] LogOutputStream:74 - [STDERR_REDIRECT] 
2026-09-18 10:35:38,825 [ERROR] LogOutputStream:74 - [STDERR_REDIRECT] [Fatal Error] :1:1: Premature end of file.
2026-09-18 10:35:38,825 [ERROR] LogOutputStream:74 - [STDERR_REDIRECT] 
2026-09-18 10:35:39,816 [ERROR] LogOutputStream:74 - [STDERR_REDIRECT] [Fatal Error] :1:1: Premature end of file.
2026-09-18 10:35:39,817 [ERROR] LogOutputStream:74 - [STDERR_REDIRECT] 
2026-09-18 10:35:40,818 [ERROR] LogOutputStream:74 - [STDERR_REDIRECT] [Fatal Error] :1:1: Premature end of file.
2026-09-18 10:35:40,819 [ERROR] LogOutputStream:74 - [STDERR_REDIRECT] 
2026-09-18 10:35:41,821 [ERROR] LogOutputStream:74 - [STDERR_REDIRECT] [Fatal Error] :1:1: Premature end of file.
2026-09-18 10:35:41,821 [ERROR] LogOutputStream:74 - [STDERR_REDIRECT] 
2026-09-18 10:35:42,808 [ERROR] LogOutputStream:74 - [STDERR_REDIRECT] [Fatal Error] :1:1: Premature end of file.
2026-09-18 10:35:42,809 [ERROR] LogOutputStream:74 - [STDERR_REDIRECT] 
2026-09-18 10:35:42,857 [INFO] MainUpdater:2671 - connection check result : 10
2026-09-18 10:35:42,858 [INFO] McuFinderGlobals:52 - Set McuFinderConnectedMode to true
2026-09-18 10:35:43,327 [INFO] ServerAccessManage:362 - Download File mcusAds.json._tmp_
2026-09-18 10:35:43,830 [ERROR] LogOutputStream:74 - [STDERR_REDIRECT] [Fatal Error] :1:1: Premature end of file.
2026-09-18 10:35:43,831 [ERROR] LogOutputStream:74 - [STDERR_REDIRECT] 
2026-09-18 10:35:44,265 [INFO] LoadUrlFilesThread:145 - End of LoadUrlFiles Thread
2026-09-18 10:35:44,809 [ERROR] LogOutputStream:74 - [STDERR_REDIRECT] [Fatal Error] :1:1: Premature end of file.
2026-09-18 10:35:44,809 [ERROR] LogOutputStream:74 - [STDERR_REDIRECT] 
2026-09-18 10:35:45,817 [ERROR] LogOutputStream:74 - [STDERR_REDIRECT] [Fatal Error] :1:1: Premature end of file.
2026-09-18 10:35:45,818 [ERROR] LogOutputStream:74 - [STDERR_REDIRECT] 
2026-09-18 10:35:46,817 [ERROR] LogOutputStream:74 - [STDERR_REDIRECT] [Fatal Error] :1:1: Premature end of file.
2026-09-18 10:35:46,818 [ERROR] LogOutputStream:74 - [STDERR_REDIRECT] 
2026-09-18 10:35:47,815 [ERROR] LogOutputStream:74 - [STDERR_REDIRECT] [Fatal Error] :1:1: Premature end of file.
2026-09-18 10:35:47,816 [ERROR] LogOutputStream:74 - [STDERR_REDIRECT] 
2026-09-18 10:35:48,818 [ERROR] LogOutputStream:74 - [STDERR_REDIRECT] [Fatal Error] :1:1: Premature end of file.
2026-09-18 10:35:48,819 [ERROR] LogOutputStream:74 - [STDERR_REDIRECT] 
2026-09-18 10:35:49,826 [ERROR] LogOutputStream:74 - [STDERR_REDIRECT] [Fatal Error] :1:1: Premature end of file.
2026-09-18 10:35:49,827 [ERROR] LogOutputStream:74 - [STDERR_REDIRECT] 
2026-09-18 10:35:50,814 [ERROR] LogOutputStream:74 - [STDERR_REDIRECT] [Fatal Error] :1:1: Premature end of file.
2026-09-18 10:35:50,815 [ERROR] LogOutputStream:74 - [STDERR_REDIRECT] 
2026-09-18 10:35:51,825 [ERROR] LogOutputStream:74 - [STDERR_REDIRECT] [Fatal Error] :1:1: Premature end of file.
2026-09-18 10:35:51,825 [ERROR] LogOutputStream:74 - [STDERR_REDIRECT] 
2026-09-18 10:35:52,819 [ERROR] LogOutputStream:74 - [STDERR_REDIRECT] [Fatal Error] :1:1: Premature end of file.
2026-09-18 10:35:52,820 [ERROR] LogOutputStream:74 - [STDERR_REDIRECT] 
2026-09-18 10:35:53,813 [ERROR] LogOutputStream:74 - [STDERR_REDIRECT] [Fatal Error] :1:1: Premature end of file.
2026-09-18 10:35:53,813 [ERROR] LogOutputStream:74 - [STDERR_REDIRECT] 
2026-09-18 10:35:54,827 [ERROR] LogOutputStream:74 - [STDERR_REDIRECT] [Fatal Error] :1:1: Premature end of file.
2026-09-18 10:35:54,827 [ERROR] LogOutputStream:74 - [STDERR_REDIRECT] 
2026-09-18 10:35:55,821 [ERROR] LogOutputStream:74 - [STDERR_REDIRECT] [Fatal Error] :1:1: Premature end of file.
2026-09-18 10:35:55,822 [ERROR] LogOutputStream:74 - [STDERR_REDIRECT] 
2026-09-18 10:35:56,820 [ERROR] LogOutputStream:74 - [STDERR_REDIRECT] [Fatal Error] :1:1: Premature end of file.
2026-09-18 10:35:56,820 [ERROR] LogOutputStream:74 - [STDERR_REDIRECT] 
2026-09-18 10:35:57,820 [ERROR] LogOutputStream:74 - [STDERR_REDIRECT] [Fatal Error] :1:1: Premature end of file.
2026-09-18 10:35:57,821 [ERROR] LogOutputStream:74 - [STDERR_REDIRECT] 
2026-09-18 10:35:58,829 [ERROR] LogOutputStream:74 - [STDERR_REDIRECT] [Fatal Error] :1:1: Premature end of file.
2026-09-18 10:35:58,829 [ERROR] LogOutputStream:74 - [STDERR_REDIRECT] 
2026-09-18 10:35:59,817 [ERROR] LogOutputStream:74 - [STDERR_REDIRECT] [Fatal Error] :1:1: Premature end of file.
2026-09-18 10:35:59,818 [ERROR] LogOutputStream:74 - [STDERR_REDIRECT] 
2026-09-18 10:36:00,815 [ERROR] LogOutputStream:74 - [STDERR_REDIRECT] [Fatal Error] :1:1: Premature end of file.
2026-09-18 10:36:00,815 [ERROR] LogOutputStream:74 - [STDERR_REDIRECT] 
2026-09-18 10:36:01,820 [ERROR] LogOutputStream:74 - [STDERR_REDIRECT] [Fatal Error] :1:1: Premature end of file.
2026-09-18 10:36:01,820 [ERROR] LogOutputStream:74 - [STDERR_REDIRECT] 
2026-09-18 10:36:02,820 [ERROR] LogOutputStream:74 - [STDERR_REDIRECT] [Fatal Error] :1:1: Premature end of file.
2026-09-18 10:36:02,820 [ERROR] LogOutputStream:74 - [STDERR_REDIRECT] 
2026-09-18 10:36:03,827 [ERROR] LogOutputStream:74 - [STDERR_REDIRECT] [Fatal Error] :1:1: Premature end of file.
2026-09-18 10:36:03,828 [ERROR] LogOutputStream:74 - [STDERR_REDIRECT] 
2026-09-18 10:36:04,135 [ERROR] ServerAccessManage:1016 - HTTP unexpected response (522) for https://stmcufinder.com/API/getFiles.php?
2026-09-18 10:36:04,136 [ERROR] ServerAccessManage:531 - Error during Access to HTTP Server. : mcusDocs.json._tmp_.
2026-09-18 10:36:04,820 [ERROR] LogOutputStream:74 - [STDERR_REDIRECT] [Fatal Error] :1:1: Premature end of file.
2026-09-18 10:36:04,821 [ERROR] LogOutputStream:74 - [STDERR_REDIRECT] 
2026-09-18 10:36:05,831 [ERROR] LogOutputStream:74 - [STDERR_REDIRECT] [Fatal Error] :1:1: Premature end of file.
2026-09-18 10:36:05,833 [ERROR] LogOutputStream:74 - [STDERR_REDIRECT] 
2026-09-18 10:36:06,810 [ERROR] LogOutputStream:74 - [STDERR_REDIRECT] [Fatal Error] :1:1: Premature end of file.
2026-09-18 10:36:06,811 [ERROR] LogOutputStream:74 - [STDERR_REDIRECT] 
2026-09-18 10:36:07,821 [ERROR] LogOutputStream:74 - [STDERR_REDIRECT] [Fatal Error] :1:1: Premature end of file.
2026-09-18 10:36:07,822 [ERROR] LogOutputStream:74 - [STDERR_REDIRECT] 
2026-09-18 10:36:08,812 [ERROR] LogOutputStream:74 - [STDERR_REDIRECT] [Fatal Error] :1:1: Premature end of file.
2026-09-18 10:36:08,813 [ERROR] LogOutputStream:74 - [STDERR_REDIRECT] 
2026-09-18 10:36:09,652 [INFO] LoadUrlFilesThread:145 - End of LoadUrlFiles Thread
2026-09-18 10:36:09,819 [ERROR] LogOutputStream:74 - [STDERR_REDIRECT] [Fatal Error] :1:1: Premature end of file.
2026-09-18 10:36:09,819 [ERROR] LogOutputStream:74 - [STDERR_REDIRECT] 
2026-09-18 10:36:10,807 [ERROR] LogOutputStream:74 - [STDERR_REDIRECT] [Fatal Error] :1:1: Premature end of file.
2026-09-18 10:36:10,807 [ERROR] LogOutputStream:74 - [STDERR_REDIRECT] 
2026-09-18 10:36:11,819 [ERROR] LogOutputStream:74 - [STDERR_REDIRECT] [Fatal Error] :1:1: Premature end of file.
2026-09-18 10:36:11,820 [ERROR] LogOutputStream:74 - [STDERR_REDIRECT] 
2026-09-18 10:36:12,818 [ERROR] LogOutputStream:74 - [STDERR_REDIRECT] [Fatal Error] :1:1: Premature end of file.
2026-09-18 10:36:12,819 [ERROR] LogOutputStream:74 - [STDERR_REDIRECT] 
2026-09-18 10:36:13,819 [ERROR] LogOutputStream:74 - [STDERR_REDIRECT] [Fatal Error] :1:1: Premature end of file.
2026-09-18 10:36:13,819 [ERROR] LogOutputStream:74 - [STDERR_REDIRECT] 
2026-09-18 10:36:14,808 [ERROR] LogOutputStream:74 - [STDERR_REDIRECT] [Fatal Error] :1:1: Premature end of file.
2026-09-18 10:36:14,808 [ERROR] LogOutputStream:74 - [STDERR_REDIRECT] 
2026-09-18 10:36:15,808 [ERROR] LogOutputStream:74 - [STDERR_REDIRECT] [Fatal Error] :1:1: Premature end of file.
2026-09-18 10:36:15,809 [ERROR] LogOutputStream:74 - [STDERR_REDIRECT] 
2026-09-18 10:36:16,262 [INFO] DbMcusAds:47 - JSON generation date=Wed Jul 15 16:44:54 ICT 2026 (1784108694001)
2026-09-18 10:36:16,294 [INFO] DbMcusDocs:143 - JSON generation date=Mon Jun 07 15:53:21 ICT 2021 (1623056001)
2026-09-18 10:36:16,296 [ERROR] DbMcusDocs:81 - No MCUs documents found !
2026-09-18 10:36:16,310 [INFO] DbMcusDocs:143 - JSON generation date=Mon Jun 07 15:53:21 ICT 2021 (1623056001)
2026-09-18 10:36:16,310 [ERROR] DbMcusDocs:81 - No MCUs documents found !
2026-09-18 10:36:16,326 [INFO] DbBoardsDocs:143 - JSON generation date=Tue Jun 01 12:52:40 ICT 2021 (1622526760)
2026-09-18 10:36:16,358 [INFO] DbBoardsDocs:79 - Found 193 boards documents
2026-09-18 10:36:16,359 [INFO] ApiDb:276 - Save user favorites file C:\Users\Luan/.stm32cubeide/favorites.boards.txt: 0 item(s)
2026-09-18 10:36:16,360 [INFO] ApiDb:280 - User favorites Boards=[]
2026-09-18 10:36:16,369 [INFO] DbBoardsPdsc:90 - Found 25 items
2026-09-18 10:36:16,373 [INFO] DbBoardsPdsc:90 - Found 9 items
2026-09-18 10:36:16,380 [INFO] DbBoardsPdsc:90 - Found 33 items
2026-09-18 10:36:16,383 [INFO] DbBoardsPdsc:90 - Found 1 items
2026-09-18 10:36:16,393 [INFO] DbBoardsPdsc:90 - Found 48 items
2026-09-18 10:36:16,402 [INFO] DbBoardsPdsc:90 - Found 43 items
2026-09-18 10:36:16,404 [INFO] DbBoardsPdsc:90 - Found 2 items
2026-09-18 10:36:16,408 [INFO] DbBoardsPdsc:90 - Found 5 items
2026-09-18 10:36:16,411 [WARN] DbBoardsPdsc:254 - Board STM32H7B3I-DK: unknown feature type=Audio, name=, username=Audio stereo codec with Headphone Amp (CS42L51-CNZ), n=1
2026-09-18 10:36:16,412 [WARN] DbBoardsPdsc:254 - Board STM32H735G-DK: unknown feature type=Audio, name=, username=Audio stereo codec with Headphone Amp (WM8994ECS/R), n=1
2026-09-18 10:36:16,414 [WARN] DbBoardsPdsc:254 - Board STM32H7B3I-EVAL: unknown feature type=Audio, name=, username=Multi-Channel Audio Codec (CS42L51-CNZ), n=1
2026-09-18 10:36:16,414 [WARN] DbBoardsPdsc:254 - Board STM32H7B3I-EVAL: unknown feature type=Meter, name=, username=Power-metering and Temperature-monitoring with sigma-delta modulators, n=1
2026-09-18 10:36:16,414 [WARN] DbBoardsPdsc:254 - Board STM32H7B3I-EVAL: unknown feature type=Motor, name=, username=Motor Control, n=1
2026-09-18 10:36:16,415 [WARN] DbBoardsPdsc:254 - Board STM32U575I-EV: unknown feature type=joystick, name=, username=4-direction joystick with selection button, n=1
2026-09-18 10:36:16,443 [INFO] DbBoardsJson:86 - JSON generation date=Tue Jun 01 12:52:40 ICT 2021 (1622526760)
2026-09-18 10:36:16,451 [INFO] DbBoards:117 - Found 166 boards (163 are supported by CubeMX)
2026-09-18 10:36:16,451 [WARN] DbBoards:127 - board B-L462E-CELL1 has no document id list !
2026-09-18 10:36:16,451 [WARN] DbBoards:127 - board B-L475E-IOT01A2 has no document id list !
2026-09-18 10:36:16,452 [WARN] DbBoards:127 - board B-U585I-IOT02A has no document id list !
2026-09-18 10:36:16,452 [WARN] DbBoards:127 - board NUCLEO-G0B1RE has no document id list !
2026-09-18 10:36:16,452 [WARN] DbBoards:127 - board NUCLEO-H743ZI has no document id list !
2026-09-18 10:36:16,452 [WARN] DbBoards:127 - board NUCLEO-L4A6ZG has no document id list !
2026-09-18 10:36:16,452 [WARN] DbBoards:127 - board NUCLEO-U575ZI-Q has no document id list !
2026-09-18 10:36:16,453 [WARN] DbBoards:127 - board NUCLEO-WB15CC has no document id list !
2026-09-18 10:36:16,453 [WARN] DbBoards:127 - board NUCLEO-WB55RG has no document id list !
2026-09-18 10:36:16,453 [WARN] DbBoards:127 - board NUCLEO-WL55JC2 has no document id list !
2026-09-18 10:36:16,453 [WARN] DbBoards:127 - board P-NUCLEO-WB55-Nucleo has no document id list !
2026-09-18 10:36:16,453 [WARN] DbBoards:127 - board P-NUCLEO-WB55-USBDongle has no document id list !
2026-09-18 10:36:16,453 [WARN] DbBoards:127 - board STEVAL-BFA001V1B has no document id list !
2026-09-18 10:36:16,453 [WARN] DbBoards:127 - board STEVAL-BFA001V2B has no document id list !
2026-09-18 10:36:16,453 [WARN] DbBoards:127 - board STEVAL-IDP005V1 has no document id list !
2026-09-18 10:36:16,453 [WARN] DbBoards:127 - board STEVAL-IDP005V2 has no document id list !
2026-09-18 10:36:16,453 [WARN] DbBoards:127 - board STEVAL-MKSBOX1V1 has no document id list !
2026-09-18 10:36:16,453 [WARN] DbBoards:127 - board STEVAL-STWINKT1 has no document id list !
2026-09-18 10:36:16,453 [WARN] DbBoards:127 - board STEVAL-STWINKT1B has no document id list !
2026-09-18 10:36:16,453 [WARN] DbBoards:127 - board STM32F401C-DISCO has no document id list !
2026-09-18 10:36:16,454 [WARN] DbBoards:127 - board STM32F769I-DISC1 has no document id list !
2026-09-18 10:36:16,454 [WARN] DbBoards:127 - board STM32G0C1E-EV has no document id list !
2026-09-18 10:36:16,454 [WARN] DbBoards:127 - board STM32G474E-EVAL1 has no document id list !
2026-09-18 10:36:16,454 [WARN] DbBoards:127 - board STM32H743I-EVAL2 has no document id list !
2026-09-18 10:36:16,454 [WARN] DbBoards:127 - board STM32H747I-DISC1 has no document id list !
2026-09-18 10:36:16,454 [WARN] DbBoards:127 - board STM32H753I-EVAL2 has no document id list !
2026-09-18 10:36:16,454 [WARN] DbBoards:127 - board STM32L-DISCOVERY has no document id list !
2026-09-18 10:36:16,454 [WARN] DbBoards:127 - board STM32MP157A-DK1 has no document id list !
2026-09-18 10:36:16,455 [WARN] DbBoards:127 - board STM32MP157D-DK1 has no document id list !
2026-09-18 10:36:16,455 [WARN] DbBoards:127 - board STM32MP157D-EV1 has no document id list !
2026-09-18 10:36:16,455 [WARN] DbBoards:127 - board STM32MP157F-DK2 has no document id list !
2026-09-18 10:36:16,455 [WARN] DbBoards:127 - board STM32MP157F-EV1 has no document id list !
2026-09-18 10:36:16,455 [WARN] DbBoards:127 - board STM32U575I-EV has no document id list !
2026-09-18 10:36:16,455 [WARN] DbBoards:127 - board STM32WB5MM-DK has no document id list !
2026-09-18 10:36:16,822 [ERROR] LogOutputStream:74 - [STDERR_REDIRECT] [Fatal Error] :1:1: Premature end of file.
2026-09-18 10:36:16,823 [ERROR] LogOutputStream:74 - [STDERR_REDIRECT] 
2026-09-18 10:36:17,806 [ERROR] LogOutputStream:74 - [STDERR_REDIRECT] [Fatal Error] :1:1: Premature end of file.
2026-09-18 10:36:17,807 [ERROR] LogOutputStream:74 - [STDERR_REDIRECT] 
2026-09-18 10:36:18,806 [ERROR] LogOutputStream:74 - [STDERR_REDIRECT] [Fatal Error] :1:1: Premature end of file.
2026-09-18 10:36:18,806 [ERROR] LogOutputStream:74 - [STDERR_REDIRECT] 
2026-09-18 10:36:19,601 [INFO] ApiDb:251 - Load user favorites file C:\Users\Luan/.stm32cubeide/favorites.boards.txt: 0 item(s)
2026-09-18 10:36:19,602 [INFO] ApiDb:255 - User favorites Boards=[]
2026-09-18 10:36:19,602 [INFO] DbBoards:206 - Set 0 / 0 favorites Boards
2026-09-18 10:36:19,603 [ERROR] TargetSelectorAdapter:232 - Unable to refresh data
2026-09-18 10:36:19,691 [INFO] McuFinderGlobals:52 - Set McuFinderConnectedMode to false
2026-09-18 10:36:19,789 [INFO] CrossSelectorPresenter:1330 - Cross Selector saved comparison directory: C:\Users\Luan\.stmcufinder\plugins\mcufinder\mcu\cs_comparisons_mx
2026-09-18 10:36:19,791 [INFO] MultiScanPanel:197 - Auto-refresh data requested => check proxy status ongoing
2026-09-18 10:36:19,792 [INFO] MultiScanPanel:201 - Proxy status is invalid
2026-09-18 10:36:19,793 [INFO] FinderPluginLoader:87 - Searching for filters in installed packs
2026-09-18 10:36:19,830 [ERROR] LogOutputStream:74 - [STDERR_REDIRECT] [Fatal Error] :1:1: Premature end of file.
2026-09-18 10:36:19,830 [ERROR] LogOutputStream:74 - [STDERR_REDIRECT] 
2026-09-18 10:36:19,854 [WARN] DetailPanel:314 - Failed to get advertising image, set to default
2026-09-18 10:36:20,833 [ERROR] LogOutputStream:74 - [STDERR_REDIRECT] [Fatal Error] :1:1: Premature end of file.
2026-09-18 10:36:20,834 [ERROR] LogOutputStream:74 - [STDERR_REDIRECT] 
2026-09-18 10:36:21,821 [ERROR] LogOutputStream:74 - [STDERR_REDIRECT] [Fatal Error] :1:1: Premature end of file.
2026-09-18 10:36:21,821 [ERROR] LogOutputStream:74 - [STDERR_REDIRECT] 
2026-09-18 10:36:22,828 [ERROR] LogOutputStream:74 - [STDERR_REDIRECT] [Fatal Error] :1:1: Premature end of file.
2026-09-18 10:36:22,828 [ERROR] LogOutputStream:74 - [STDERR_REDIRECT] 
2026-09-18 10:36:23,818 [ERROR] LogOutputStream:74 - [STDERR_REDIRECT] [Fatal Error] :1:1: Premature end of file.
2026-09-18 10:36:23,819 [ERROR] LogOutputStream:74 - [STDERR_REDIRECT] 
2026-09-18 10:36:24,809 [ERROR] LogOutputStream:74 - [STDERR_REDIRECT] [Fatal Error] :1:1: Premature end of file.
2026-09-18 10:36:24,810 [ERROR] LogOutputStream:74 - [STDERR_REDIRECT] 
2026-09-18 10:36:25,834 [ERROR] LogOutputStream:74 - [STDERR_REDIRECT] [Fatal Error] :1:1: Premature end of file.
2026-09-18 10:36:25,835 [ERROR] LogOutputStream:74 - [STDERR_REDIRECT] 
2026-09-18 10:36:26,827 [ERROR] LogOutputStream:74 - [STDERR_REDIRECT] [Fatal Error] :1:1: Premature end of file.
2026-09-18 10:36:26,828 [ERROR] LogOutputStream:74 - [STDERR_REDIRECT] 
2026-09-18 10:36:27,812 [ERROR] LogOutputStream:74 - [STDERR_REDIRECT] [Fatal Error] :1:1: Premature end of file.
2026-09-18 10:36:27,812 [ERROR] LogOutputStream:74 - [STDERR_REDIRECT] 
2026-09-18 10:36:28,820 [ERROR] LogOutputStream:74 - [STDERR_REDIRECT] [Fatal Error] :1:1: Premature end of file.
2026-09-18 10:36:28,821 [ERROR] LogOutputStream:74 - [STDERR_REDIRECT] 
2026-09-18 10:36:29,820 [ERROR] LogOutputStream:74 - [STDERR_REDIRECT] [Fatal Error] :1:1: Premature end of file.
2026-09-18 10:36:29,820 [ERROR] LogOutputStream:74 - [STDERR_REDIRECT] 
2026-09-18 10:36:30,831 [ERROR] LogOutputStream:74 - [STDERR_REDIRECT] [Fatal Error] :1:1: Premature end of file.
2026-09-18 10:36:30,831 [ERROR] LogOutputStream:74 - [STDERR_REDIRECT] 
2026-09-18 10:36:31,831 [ERROR] LogOutputStream:74 - [STDERR_REDIRECT] [Fatal Error] :1:1: Premature end of file.
2026-09-18 10:36:31,832 [ERROR] LogOutputStream:74 - [STDERR_REDIRECT] 
2026-09-18 10:36:32,816 [ERROR] LogOutputStream:74 - [STDERR_REDIRECT] [Fatal Error] :1:1: Premature end of file.
2026-09-18 10:36:32,816 [ERROR] LogOutputStream:74 - [STDERR_REDIRECT] 
2026-09-18 10:36:33,829 [ERROR] LogOutputStream:74 - [STDERR_REDIRECT] [Fatal Error] :1:1: Premature end of file.
2026-09-18 10:36:33,829 [ERROR] LogOutputStream:74 - [STDERR_REDIRECT] 
2026-09-18 10:36:34,821 [ERROR] LogOutputStream:74 - [STDERR_REDIRECT] [Fatal Error] :1:1: Premature end of file.
2026-09-18 10:36:34,821 [ERROR] LogOutputStream:74 - [STDERR_REDIRECT] 
2026-09-18 10:36:35,818 [ERROR] LogOutputStream:74 - [STDERR_REDIRECT] [Fatal Error] :1:1: Premature end of file.
2026-09-18 10:36:35,819 [ERROR] LogOutputStream:74 - [STDERR_REDIRECT] 
2026-09-18 10:36:36,817 [ERROR] LogOutputStream:74 - [STDERR_REDIRECT] [Fatal Error] :1:1: Premature end of file.
2026-09-18 10:36:36,818 [ERROR] LogOutputStream:74 - [STDERR_REDIRECT] 
2026-09-18 10:36:37,823 [ERROR] LogOutputStream:74 - [STDERR_REDIRECT] [Fatal Error] :1:1: Premature end of file.
2026-09-18 10:36:37,824 [ERROR] LogOutputStream:74 - [STDERR_REDIRECT] 
2026-09-18 10:36:38,815 [ERROR] LogOutputStream:74 - [STDERR_REDIRECT] [Fatal Error] :1:1: Premature end of file.
2026-09-18 10:36:38,817 [ERROR] LogOutputStream:74 - [STDERR_REDIRECT] 
2026-09-18 10:36:39,819 [ERROR] LogOutputStream:74 - [STDERR_REDIRECT] [Fatal Error] :1:1: Premature end of file.
2026-09-18 10:36:39,819 [ERROR] LogOutputStream:74 - [STDERR_REDIRECT] 
2026-09-18 10:36:40,811 [ERROR] LogOutputStream:74 - [STDERR_REDIRECT] [Fatal Error] :1:1: Premature end of file.
2026-09-18 10:36:40,811 [ERROR] LogOutputStream:74 - [STDERR_REDIRECT] 
2026-09-18 10:36:41,815 [ERROR] LogOutputStream:74 - [STDERR_REDIRECT] [Fatal Error] :1:1: Premature end of file.
2026-09-18 10:36:41,815 [ERROR] LogOutputStream:74 - [STDERR_REDIRECT] 
2026-09-18 10:36:42,812 [ERROR] LogOutputStream:74 - [STDERR_REDIRECT] [Fatal Error] :1:1: Premature end of file.
2026-09-18 10:36:42,812 [ERROR] LogOutputStream:74 - [STDERR_REDIRECT] 
2026-09-18 10:36:43,808 [ERROR] LogOutputStream:74 - [STDERR_REDIRECT] [Fatal Error] :1:1: Premature end of file.
2026-09-18 10:36:43,808 [ERROR] LogOutputStream:74 - [STDERR_REDIRECT] 
2026-09-18 10:36:44,820 [ERROR] LogOutputStream:74 - [STDERR_REDIRECT] [Fatal Error] :1:1: Premature end of file.
2026-09-18 10:36:44,821 [ERROR] LogOutputStream:74 - [STDERR_REDIRECT] 
2026-09-18 10:36:45,814 [ERROR] LogOutputStream:74 - [STDERR_REDIRECT] [Fatal Error] :1:1: Premature end of file.
2026-09-18 10:36:45,815 [ERROR] LogOutputStream:74 - [STDERR_REDIRECT] 
2026-09-18 10:36:46,868 [ERROR] LogOutputStream:74 - [STDERR_REDIRECT] [Fatal Error] :1:1: Premature end of file.
2026-09-18 10:36:46,869 [ERROR] LogOutputStream:74 - [STDERR_REDIRECT] 
2026-09-18 10:36:48,026 [ERROR] LogOutputStream:74 - [STDERR_REDIRECT] [Fatal Error] :1:1: Premature end of file.
2026-09-18 10:36:48,026 [ERROR] LogOutputStream:74 - [STDERR_REDIRECT] 
2026-09-18 10:36:48,824 [ERROR] LogOutputStream:74 - [STDERR_REDIRECT] [Fatal Error] :1:1: Premature end of file.
2026-09-18 10:36:48,824 [ERROR] LogOutputStream:74 - [STDERR_REDIRECT] 
2026-09-18 10:36:49,841 [ERROR] LogOutputStream:74 - [STDERR_REDIRECT] [Fatal Error] :1:1: Premature end of file.
2026-09-18 10:36:49,841 [ERROR] LogOutputStream:74 - [STDERR_REDIRECT] 
2026-09-18 10:36:50,821 [ERROR] LogOutputStream:74 - [STDERR_REDIRECT] [Fatal Error] :1:1: Premature end of file.
2026-09-18 10:36:50,821 [ERROR] LogOutputStream:74 - [STDERR_REDIRECT] 
2026-09-18 10:36:51,819 [ERROR] LogOutputStream:74 - [STDERR_REDIRECT] [Fatal Error] :1:1: Premature end of file.
2026-09-18 10:36:51,819 [ERROR] LogOutputStream:74 - [STDERR_REDIRECT] 
2026-09-18 10:36:52,807 [ERROR] LogOutputStream:74 - [STDERR_REDIRECT] [Fatal Error] :1:1: Premature end of file.
2026-09-18 10:36:52,808 [ERROR] LogOutputStream:74 - [STDERR_REDIRECT] 
2026-09-18 10:36:53,817 [ERROR] LogOutputStream:74 - [STDERR_REDIRECT] [Fatal Error] :1:1: Premature end of file.
2026-09-18 10:36:53,817 [ERROR] LogOutputStream:74 - [STDERR_REDIRECT] 
2026-09-18 10:36:54,821 [ERROR] LogOutputStream:74 - [STDERR_REDIRECT] [Fatal Error] :1:1: Premature end of file.
2026-09-18 10:36:54,821 [ERROR] LogOutputStream:74 - [STDERR_REDIRECT] 
2026-09-18 10:36:55,817 [ERROR] LogOutputStream:74 - [STDERR_REDIRECT] [Fatal Error] :1:1: Premature end of file.
2026-09-18 10:36:55,818 [ERROR] LogOutputStream:74 - [STDERR_REDIRECT] 
2026-09-18 10:36:56,818 [ERROR] LogOutputStream:74 - [STDERR_REDIRECT] [Fatal Error] :1:1: Premature end of file.
2026-09-18 10:36:56,818 [ERROR] LogOutputStream:74 - [STDERR_REDIRECT] 
2026-09-18 10:36:57,824 [ERROR] LogOutputStream:74 - [STDERR_REDIRECT] [Fatal Error] :1:1: Premature end of file.
2026-09-18 10:36:57,825 [ERROR] LogOutputStream:74 - [STDERR_REDIRECT] 
2026-09-18 10:36:58,826 [ERROR] LogOutputStream:74 - [STDERR_REDIRECT] [Fatal Error] :1:1: Premature end of file.
2026-09-18 10:36:58,827 [ERROR] LogOutputStream:74 - [STDERR_REDIRECT] 
2026-09-18 10:36:59,829 [ERROR] LogOutputStream:74 - [STDERR_REDIRECT] [Fatal Error] :1:1: Premature end of file.
2026-09-18 10:36:59,830 [ERROR] LogOutputStream:74 - [STDERR_REDIRECT] 
2026-09-18 10:37:00,820 [ERROR] LogOutputStream:74 - [STDERR_REDIRECT] [Fatal Error] :1:1: Premature end of file.
2026-09-18 10:37:00,821 [ERROR] LogOutputStream:74 - [STDERR_REDIRECT] 
2026-09-18 10:37:01,819 [ERROR] LogOutputStream:74 - [STDERR_REDIRECT] [Fatal Error] :1:1: Premature end of file.
2026-09-18 10:37:01,820 [ERROR] LogOutputStream:74 - [STDERR_REDIRECT] 
2026-09-18 10:37:02,820 [ERROR] LogOutputStream:74 - [STDERR_REDIRECT] [Fatal Error] :1:1: Premature end of file.
2026-09-18 10:37:02,820 [ERROR] LogOutputStream:74 - [STDERR_REDIRECT] 
2026-09-18 10:37:03,818 [ERROR] LogOutputStream:74 - [STDERR_REDIRECT] [Fatal Error] :1:1: Premature end of file.
2026-09-18 10:37:03,819 [ERROR] LogOutputStream:74 - [STDERR_REDIRECT] 
2026-09-18 10:37:04,815 [ERROR] LogOutputStream:74 - [STDERR_REDIRECT] [Fatal Error] :1:1: Premature end of file.
2026-09-18 10:37:04,816 [ERROR] LogOutputStream:74 - [STDERR_REDIRECT] 
2026-09-18 10:37:05,825 [ERROR] LogOutputStream:74 - [STDERR_REDIRECT] [Fatal Error] :1:1: Premature end of file.
2026-09-18 10:37:05,825 [ERROR] LogOutputStream:74 - [STDERR_REDIRECT] 
2026-09-18 10:37:06,816 [ERROR] LogOutputStream:74 - [STDERR_REDIRECT] [Fatal Error] :1:1: Premature end of file.
2026-09-18 10:37:06,816 [ERROR] LogOutputStream:74 - [STDERR_REDIRECT] 
2026-09-18 10:37:07,814 [ERROR] LogOutputStream:74 - [STDERR_REDIRECT] [Fatal Error] :1:1: Premature end of file.
2026-09-18 10:37:07,815 [ERROR] LogOutputStream:74 - [STDERR_REDIRECT] 
2026-09-18 10:37:08,825 [ERROR] LogOutputStream:74 - [STDERR_REDIRECT] [Fatal Error] :1:1: Premature end of file.
2026-09-18 10:37:08,825 [ERROR] LogOutputStream:74 - [STDERR_REDIRECT] 
2026-09-18 10:37:09,820 [ERROR] LogOutputStream:74 - [STDERR_REDIRECT] [Fatal Error] :1:1: Premature end of file.
2026-09-18 10:37:09,821 [ERROR] LogOutputStream:74 - [STDERR_REDIRECT] 
2026-09-18 10:37:10,813 [ERROR] LogOutputStream:74 - [STDERR_REDIRECT] [Fatal Error] :1:1: Premature end of file.
2026-09-18 10:37:10,813 [ERROR] LogOutputStream:74 - [STDERR_REDIRECT] 
2026-09-18 10:37:11,817 [ERROR] LogOutputStream:74 - [STDERR_REDIRECT] [Fatal Error] :1:1: Premature end of file.
2026-09-18 10:37:11,817 [ERROR] LogOutputStream:74 - [STDERR_REDIRECT] 
2026-09-18 10:37:12,817 [ERROR] LogOutputStream:74 - [STDERR_REDIRECT] [Fatal Error] :1:1: Premature end of file.
2026-09-18 10:37:12,818 [ERROR] LogOutputStream:74 - [STDERR_REDIRECT] 
2026-09-18 10:37:13,804 [ERROR] LogOutputStream:74 - [STDERR_REDIRECT] [Fatal Error] :1:1: Premature end of file.
2026-09-18 10:37:13,805 [ERROR] LogOutputStream:74 - [STDERR_REDIRECT] 
2026-09-18 10:37:14,806 [ERROR] LogOutputStream:74 - [STDERR_REDIRECT] [Fatal Error] :1:1: Premature end of file.
2026-09-18 10:37:14,806 [ERROR] LogOutputStream:74 - [STDERR_REDIRECT] 
2026-09-18 10:37:15,808 [ERROR] LogOutputStream:74 - [STDERR_REDIRECT] [Fatal Error] :1:1: Premature end of file.
2026-09-18 10:37:15,808 [ERROR] LogOutputStream:74 - [STDERR_REDIRECT] 
2026-09-18 10:37:16,814 [ERROR] LogOutputStream:74 - [STDERR_REDIRECT] [Fatal Error] :1:1: Premature end of file.
2026-09-18 10:37:16,815 [ERROR] LogOutputStream:74 - [STDERR_REDIRECT] 
2026-09-18 10:37:17,821 [ERROR] LogOutputStream:74 - [STDERR_REDIRECT] [Fatal Error] :1:1: Premature end of file.
2026-09-18 10:37:17,821 [ERROR] LogOutputStream:74 - [STDERR_REDIRECT] 
2026-09-18 10:37:18,824 [ERROR] LogOutputStream:74 - [STDERR_REDIRECT] [Fatal Error] :1:1: Premature end of file.
2026-09-18 10:37:18,825 [ERROR] LogOutputStream:74 - [STDERR_REDIRECT] 
2026-09-18 10:37:19,816 [ERROR] LogOutputStream:74 - [STDERR_REDIRECT] [Fatal Error] :1:1: Premature end of file.
2026-09-18 10:37:19,817 [ERROR] LogOutputStream:74 - [STDERR_REDIRECT] 
2026-09-18 10:37:20,821 [ERROR] LogOutputStream:74 - [STDERR_REDIRECT] [Fatal Error] :1:1: Premature end of file.
2026-09-18 10:37:20,822 [ERROR] LogOutputStream:74 - [STDERR_REDIRECT] 
2026-09-18 10:37:21,816 [ERROR] LogOutputStream:74 - [STDERR_REDIRECT] [Fatal Error] :1:1: Premature end of file.
2026-09-18 10:37:21,818 [ERROR] LogOutputStream:74 - [STDERR_REDIRECT] 
2026-09-18 10:37:22,811 [ERROR] LogOutputStream:74 - [STDERR_REDIRECT] [Fatal Error] :1:1: Premature end of file.
2026-09-18 10:37:22,811 [ERROR] LogOutputStream:74 - [STDERR_REDIRECT] 
2026-09-18 10:37:23,825 [ERROR] LogOutputStream:74 - [STDERR_REDIRECT] [Fatal Error] :1:1: Premature end of file.
2026-09-18 10:37:23,826 [ERROR] LogOutputStream:74 - [STDERR_REDIRECT] 
2026-09-18 10:37:24,282 [INFO] McuFinderGlobals:52 - Set McuFinderConnectedMode to true
2026-09-18 10:37:24,625 [INFO] ApiDb:276 - Save user favorites file C:\Users\Luan/.stm32cubeide/favorites.mcus.txt: 0 item(s)
2026-09-18 10:37:24,626 [INFO] ApiDb:280 - User favorites MCUs=[]
2026-09-18 10:37:24,960 [ERROR] LogOutputStream:74 - [STDERR_REDIRECT] [Fatal Error] :1:1: Premature end of file.
2026-09-18 10:37:24,960 [ERROR] LogOutputStream:74 - [STDERR_REDIRECT] 
2026-09-18 10:37:25,817 [ERROR] LogOutputStream:74 - [STDERR_REDIRECT] [Fatal Error] :1:1: Premature end of file.
2026-09-18 10:37:25,817 [ERROR] LogOutputStream:74 - [STDERR_REDIRECT] 
2026-09-18 10:37:26,829 [ERROR] LogOutputStream:74 - [STDERR_REDIRECT] [Fatal Error] :1:1: Premature end of file.
2026-09-18 10:37:26,830 [ERROR] LogOutputStream:74 - [STDERR_REDIRECT] 
2026-09-18 10:37:27,815 [ERROR] LogOutputStream:74 - [STDERR_REDIRECT] [Fatal Error] :1:1: Premature end of file.
2026-09-18 10:37:27,815 [ERROR] LogOutputStream:74 - [STDERR_REDIRECT] 
2026-09-18 10:37:28,845 [ERROR] LogOutputStream:74 - [STDERR_REDIRECT] [Fatal Error] :1:1: Premature end of file.
2026-09-18 10:37:28,845 [ERROR] LogOutputStream:74 - [STDERR_REDIRECT] 
2026-09-18 10:37:29,823 [ERROR] LogOutputStream:74 - [STDERR_REDIRECT] [Fatal Error] :1:1: Premature end of file.
2026-09-18 10:37:29,824 [ERROR] LogOutputStream:74 - [STDERR_REDIRECT] 
2026-09-18 10:37:30,827 [ERROR] LogOutputStream:74 - [STDERR_REDIRECT] [Fatal Error] :1:1: Premature end of file.
2026-09-18 10:37:30,827 [ERROR] LogOutputStream:74 - [STDERR_REDIRECT] 
2026-09-18 10:37:31,822 [ERROR] LogOutputStream:74 - [STDERR_REDIRECT] [Fatal Error] :1:1: Premature end of file.
2026-09-18 10:37:31,822 [ERROR] LogOutputStream:74 - [STDERR_REDIRECT] 
2026-09-18 10:37:32,818 [ERROR] LogOutputStream:74 - [STDERR_REDIRECT] [Fatal Error] :1:1: Premature end of file.
2026-09-18 10:37:32,818 [ERROR] LogOutputStream:74 - [STDERR_REDIRECT] 
2026-09-18 10:37:33,813 [ERROR] LogOutputStream:74 - [STDERR_REDIRECT] [Fatal Error] :1:1: Premature end of file.
2026-09-18 10:37:33,814 [ERROR] LogOutputStream:74 - [STDERR_REDIRECT] 
2026-09-18 10:37:34,829 [ERROR] LogOutputStream:74 - [STDERR_REDIRECT] [Fatal Error] :1:1: Premature end of file.
2026-09-18 10:37:34,829 [ERROR] LogOutputStream:74 - [STDERR_REDIRECT] 
2026-09-18 10:37:35,820 [ERROR] LogOutputStream:74 - [STDERR_REDIRECT] [Fatal Error] :1:1: Premature end of file.
2026-09-18 10:37:35,821 [ERROR] LogOutputStream:74 - [STDERR_REDIRECT] 
2026-09-18 10:37:36,829 [ERROR] LogOutputStream:74 - [STDERR_REDIRECT] [Fatal Error] :1:1: Premature end of file.
2026-09-18 10:37:36,829 [ERROR] LogOutputStream:74 - [STDERR_REDIRECT] 
2026-09-18 10:37:37,828 [ERROR] LogOutputStream:74 - [STDERR_REDIRECT] [Fatal Error] :1:1: Premature end of file.
2026-09-18 10:37:37,829 [ERROR] LogOutputStream:74 - [STDERR_REDIRECT] 
2026-09-18 10:37:38,811 [ERROR] LogOutputStream:74 - [STDERR_REDIRECT] [Fatal Error] :1:1: Premature end of file.
2026-09-18 10:37:38,812 [ERROR] LogOutputStream:74 - [STDERR_REDIRECT] 
2026-09-18 10:37:39,832 [ERROR] LogOutputStream:74 - [STDERR_REDIRECT] [Fatal Error] :1:1: Premature end of file.
2026-09-18 10:37:39,834 [ERROR] LogOutputStream:74 - [STDERR_REDIRECT] 
2026-09-18 10:37:40,823 [ERROR] LogOutputStream:74 - [STDERR_REDIRECT] [Fatal Error] :1:1: Premature end of file.
2026-09-18 10:37:40,824 [ERROR] LogOutputStream:74 - [STDERR_REDIRECT] 
2026-09-18 10:37:41,826 [ERROR] LogOutputStream:74 - [STDERR_REDIRECT] [Fatal Error] :1:1: Premature end of file.
2026-09-18 10:37:41,826 [ERROR] LogOutputStream:74 - [STDERR_REDIRECT] 
2026-09-18 10:37:42,837 [ERROR] LogOutputStream:74 - [STDERR_REDIRECT] [Fatal Error] :1:1: Premature end of file.
2026-09-18 10:37:42,837 [ERROR] LogOutputStream:74 - [STDERR_REDIRECT] 
2026-09-18 10:37:43,826 [ERROR] LogOutputStream:74 - [STDERR_REDIRECT] [Fatal Error] :1:1: Premature end of file.
2026-09-18 10:37:43,827 [ERROR] LogOutputStream:74 - [STDERR_REDIRECT] 
2026-09-18 10:37:44,827 [ERROR] LogOutputStream:74 - [STDERR_REDIRECT] [Fatal Error] :1:1: Premature end of file.
2026-09-18 10:37:44,827 [ERROR] LogOutputStream:74 - [STDERR_REDIRECT] 
2026-09-18 10:37:45,816 [ERROR] LogOutputStream:74 - [STDERR_REDIRECT] [Fatal Error] :1:1: Premature end of file.
2026-09-18 10:37:45,817 [ERROR] LogOutputStream:74 - [STDERR_REDIRECT] 
2026-09-18 10:37:46,825 [ERROR] LogOutputStream:74 - [STDERR_REDIRECT] [Fatal Error] :1:1: Premature end of file.
2026-09-18 10:37:46,825 [ERROR] LogOutputStream:74 - [STDERR_REDIRECT] 
2026-09-18 10:37:47,820 [ERROR] LogOutputStream:74 - [STDERR_REDIRECT] [Fatal Error] :1:1: Premature end of file.
2026-09-18 10:37:47,820 [ERROR] LogOutputStream:74 - [STDERR_REDIRECT] 
2026-09-18 10:37:48,816 [ERROR] LogOutputStream:74 - [STDERR_REDIRECT] [Fatal Error] :1:1: Premature end of file.
2026-09-18 10:37:48,816 [ERROR] LogOutputStream:74 - [STDERR_REDIRECT] 
2026-09-18 10:37:49,821 [ERROR] LogOutputStream:74 - [STDERR_REDIRECT] [Fatal Error] :1:1: Premature end of file.
2026-09-18 10:37:49,822 [ERROR] LogOutputStream:74 - [STDERR_REDIRECT] 
2026-09-18 10:37:50,816 [ERROR] LogOutputStream:74 - [STDERR_REDIRECT] [Fatal Error] :1:1: Premature end of file.
2026-09-18 10:37:50,817 [ERROR] LogOutputStream:74 - [STDERR_REDIRECT] 
2026-09-18 10:37:51,823 [ERROR] LogOutputStream:74 - [STDERR_REDIRECT] [Fatal Error] :1:1: Premature end of file.
2026-09-18 10:37:51,824 [ERROR] LogOutputStream:74 - [STDERR_REDIRECT] 
2026-09-18 10:37:52,821 [ERROR] LogOutputStream:74 - [STDERR_REDIRECT] [Fatal Error] :1:1: Premature end of file.
2026-09-18 10:37:52,821 [ERROR] LogOutputStream:74 - [STDERR_REDIRECT] 
2026-09-18 10:37:53,831 [ERROR] LogOutputStream:74 - [STDERR_REDIRECT] [Fatal Error] :1:1: Premature end of file.
2026-09-18 10:37:53,831 [ERROR] LogOutputStream:74 - [STDERR_REDIRECT] 
2026-09-18 10:37:54,819 [ERROR] LogOutputStream:74 - [STDERR_REDIRECT] [Fatal Error] :1:1: Premature end of file.
2026-09-18 10:37:54,819 [ERROR] LogOutputStream:74 - [STDERR_REDIRECT] 
2026-09-18 10:37:55,819 [ERROR] LogOutputStream:74 - [STDERR_REDIRECT] [Fatal Error] :1:1: Premature end of file.
2026-09-18 10:37:55,820 [ERROR] LogOutputStream:74 - [STDERR_REDIRECT] 
2026-09-18 10:37:56,832 [ERROR] LogOutputStream:74 - [STDERR_REDIRECT] [Fatal Error] :1:1: Premature end of file.
2026-09-18 10:37:56,832 [ERROR] LogOutputStream:74 - [STDERR_REDIRECT] 
2026-09-18 10:37:57,822 [ERROR] LogOutputStream:74 - [STDERR_REDIRECT] [Fatal Error] :1:1: Premature end of file.
2026-09-18 10:37:57,822 [ERROR] LogOutputStream:74 - [STDERR_REDIRECT] 
2026-09-18 10:37:58,818 [ERROR] LogOutputStream:74 - [STDERR_REDIRECT] [Fatal Error] :1:1: Premature end of file.
2026-09-18 10:37:58,818 [ERROR] LogOutputStream:74 - [STDERR_REDIRECT] 
2026-09-18 10:37:59,815 [ERROR] LogOutputStream:74 - [STDERR_REDIRECT] [Fatal Error] :1:1: Premature end of file.
2026-09-18 10:37:59,815 [ERROR] LogOutputStream:74 - [STDERR_REDIRECT] 
2026-09-18 10:38:00,825 [ERROR] LogOutputStream:74 - [STDERR_REDIRECT] [Fatal Error] :1:1: Premature end of file.
2026-09-18 10:38:00,826 [ERROR] LogOutputStream:74 - [STDERR_REDIRECT] 
2026-09-18 10:38:01,830 [ERROR] LogOutputStream:74 - [STDERR_REDIRECT] [Fatal Error] :1:1: Premature end of file.
2026-09-18 10:38:01,830 [ERROR] LogOutputStream:74 - [STDERR_REDIRECT] 
2026-09-18 10:38:02,819 [ERROR] LogOutputStream:74 - [STDERR_REDIRECT] [Fatal Error] :1:1: Premature end of file.
2026-09-18 10:38:02,820 [ERROR] LogOutputStream:74 - [STDERR_REDIRECT] 
2026-09-18 10:38:03,813 [ERROR] LogOutputStream:74 - [STDERR_REDIRECT] [Fatal Error] :1:1: Premature end of file.
2026-09-18 10:38:03,814 [ERROR] LogOutputStream:74 - [STDERR_REDIRECT] 
2026-09-18 10:38:04,816 [ERROR] LogOutputStream:74 - [STDERR_REDIRECT] [Fatal Error] :1:1: Premature end of file.
2026-09-18 10:38:04,817 [ERROR] LogOutputStream:74 - [STDERR_REDIRECT] 
2026-09-18 10:38:05,810 [ERROR] LogOutputStream:74 - [STDERR_REDIRECT] [Fatal Error] :1:1: Premature end of file.
2026-09-18 10:38:05,811 [ERROR] LogOutputStream:74 - [STDERR_REDIRECT] 
2026-09-18 10:38:06,835 [ERROR] LogOutputStream:74 - [STDERR_REDIRECT] [Fatal Error] :1:1: Premature end of file.
2026-09-18 10:38:06,835 [ERROR] LogOutputStream:74 - [STDERR_REDIRECT] 
2026-09-18 10:38:07,818 [ERROR] LogOutputStream:74 - [STDERR_REDIRECT] [Fatal Error] :1:1: Premature end of file.
2026-09-18 10:38:07,819 [ERROR] LogOutputStream:74 - [STDERR_REDIRECT] 
2026-09-18 10:38:08,817 [ERROR] LogOutputStream:74 - [STDERR_REDIRECT] [Fatal Error] :1:1: Premature end of file.
2026-09-18 10:38:08,817 [ERROR] LogOutputStream:74 - [STDERR_REDIRECT] 
2026-09-18 10:38:09,822 [ERROR] LogOutputStream:74 - [STDERR_REDIRECT] [Fatal Error] :1:1: Premature end of file.
2026-09-18 10:38:09,822 [ERROR] LogOutputStream:74 - [STDERR_REDIRECT] 
2026-09-18 10:38:10,819 [ERROR] LogOutputStream:74 - [STDERR_REDIRECT] [Fatal Error] :1:1: Premature end of file.
2026-09-18 10:38:10,820 [ERROR] LogOutputStream:74 - [STDERR_REDIRECT] 
2026-09-18 10:38:11,828 [ERROR] LogOutputStream:74 - [STDERR_REDIRECT] [Fatal Error] :1:1: Premature end of file.
2026-09-18 10:38:11,830 [ERROR] LogOutputStream:74 - [STDERR_REDIRECT] 
2026-09-18 10:38:12,819 [ERROR] LogOutputStream:74 - [STDERR_REDIRECT] [Fatal Error] :1:1: Premature end of file.
2026-09-18 10:38:12,820 [ERROR] LogOutputStream:74 - [STDERR_REDIRECT] 
2026-09-18 10:38:13,818 [ERROR] LogOutputStream:74 - [STDERR_REDIRECT] [Fatal Error] :1:1: Premature end of file.
2026-09-18 10:38:13,819 [ERROR] LogOutputStream:74 - [STDERR_REDIRECT] 
2026-09-18 10:38:14,819 [ERROR] LogOutputStream:74 - [STDERR_REDIRECT] [Fatal Error] :1:1: Premature end of file.
2026-09-18 10:38:14,820 [ERROR] LogOutputStream:74 - [STDERR_REDIRECT] 
2026-09-18 10:38:15,824 [ERROR] LogOutputStream:74 - [STDERR_REDIRECT] [Fatal Error] :1:1: Premature end of file.
2026-09-18 10:38:15,825 [ERROR] LogOutputStream:74 - [STDERR_REDIRECT] 
2026-09-18 10:38:16,817 [ERROR] LogOutputStream:74 - [STDERR_REDIRECT] [Fatal Error] :1:1: Premature end of file.
2026-09-18 10:38:16,817 [ERROR] LogOutputStream:74 - [STDERR_REDIRECT] 
